series_id,Sales,revenue_pct,cumulative_revenue_pct,abc_class
EU_OFF-AP-10004512,17565.722999999998,0.3610243667688868,0.3610243667688868,A
US_TEC-CO-10004722,17499.95,0.3596725490455008,0.7206969158143876,A
APAC_FUR-BO-10004679,14777.2692,0.30371390095946377,1.0244108167738513,A
EU_OFF-AP-10002330,14174.649,0.29132838308996645,1.3157391998638177,A
LATAM_TEC-PH-10004196,12013.199999999999,0.24690460636707015,1.5626438062308878,A
APAC_FUR-CH-10002213,11542.785,0.23723627233415925,1.799880078565047,A
US_TEC-MA-10000822,11219.934000000001,0.23060078811095358,2.0304808666760006,A
US_TEC-CO-10001449,11159.813999999998,0.2293651552292244,2.2598460219052248,A
APAC_TEC-PH-10004664,9775.323,0.20091002209452666,2.4607560439997513,A
APAC_TEC-PH-10003856,9683.099999999999,0.19901458345095202,2.6597706274507034,A
APAC_OFF-AP-10002793,9563.2482,0.1965512962750635,2.856321923725767,A
APAC_TEC-PH-10000303,9543.6,0.196147471225383,3.05246939495115,A
APAC_TEC-PH-10000030,9421.3815,0.1936355417949836,3.2461049367461334,A
APAC_TEC-PH-10000169,9202.464,0.1891361794964817,3.435241116242615,A
Africa_TEC-APP-10002966,8925.0,0.18343352410898855,3.6186746403516037,A
US_TEC-MA-10001127,8749.95,0.17983576070335514,3.798510401054959,A
APAC_FUR-CH-10002250,8628.7578,0.1773449245867701,3.975855325641729,A
US_OFF-BI-10001359,8521.404999999999,0.1751385265557373,4.150993852197466,A
LATAM_TEC-PH-10000419,8482.8,0.17434508664557177,4.325338938843037,A
US_FUR-BO-10004834,8298.8316,0.1705640253641497,4.495902964207187,A
EU_TEC-PH-10002623,8178.0,0.16808060057852195,4.663983564785709,A
US_TEC-MA-10004125,7999.98,0.16442179542873123,4.82840536021444,A
APAC_OFF-AP-10002244,7813.797,0.16059521796999915,4.989000578184439,A
APAC_TEC-CO-10002035,7733.1672,0.15893805176695122,5.1479386299513905,A
APAC_FUR-CH-10003232,7562.439,0.15542911334781573,5.303367743299206,A
APAC_TEC-PH-10001670,7180.377,0.14757667871609265,5.450944422015299,A
EU_TEC-PH-10002035,7156.8,0.14709210592080776,5.598036527936107,A
APAC_FUR-BO-10000035,7071.8076,0.1453452761780088,5.743381804114116,A
APAC_TEC-CO-10001654,7011.6618,0.14410911303466375,5.88749091714878,A
US_TEC-MA-10000045,6965.700000000001,0.14316447046341532,6.030655387612195,A
US_OFF-AP-10002945,6914.95,0.14212141709103085,6.172776804703226,A
LATAM_TEC-PH-10002774,6815.04,0.1400679892598007,6.312844793963026,A
APAC_FUR-BO-10001934,6740.8434,0.13854304317409707,6.451387837137124,A
US_TEC-CO-10003763,6719.904,0.13811268038029004,6.589500517517414,A
APAC_TEC-PH-10003713,6679.575000000001,0.13728380748462715,6.726784325002041,A
US_FUR-CH-10000454,6611.858,0.1358920351650654,6.862676360167106,A
US_FUR-CH-10002024,6589.2119999999995,0.13542659700406012,6.998102957171167,A
EU_OFF-ST-10001758,6581.382,0.13526566876946367,7.13336862594063,A
APAC_FUR-CH-10002061,6433.6272,0.13222889749013386,7.265597523430764,A
APAC_TEC-PH-10000780,6424.6368,0.13204411981448685,7.397641643245251,A
APAC_TEC-CO-10000447,6423.6900000000005,0.13202466044634945,7.5296663036916005,A
APAC_OFF-AP-10004964,6363.0303,0.13077793523151537,7.660444238923116,A
EU_FUR-BO-10004999,6126.540000000001,0.12591740311425018,7.786361642037366,A
APAC_TEC-PH-10001751,6064.11,0.1246342933203987,7.910995935357764,A
US_TEC-AC-10003832,5982.242,0.12295167867034218,8.033947614028106,A
US_FUR-CH-10004063,5948.384,0.12225580278694922,8.156203416815055,A
APAC_FUR-CH-10000660,5830.656,0.11983616559632702,8.276039582411382,A
APAC_FUR-BO-10001073,5820.213,0.11962153295853765,8.39566111536992,A
US_TEC-AC-10002049,5800.23,0.11921082683951582,8.514871942209437,A
APAC_OFF-AP-10003917,5766.09,0.1185091550733443,8.633381097282781,A
EU_TEC-PH-10002935,5726.16,0.1176884827352298,8.751069580018012,A
EU_FUR-BO-10003103,5715.8189999999995,0.11747594648057308,8.868545526498584,A
EU_FUR-CH-10004774,5706.48,0.11728400410727854,8.985829530605862,A
EU_TEC-CO-10001342,5631.6525,0.11574609127531606,9.101575621881178,A
US_OFF-BI-10004600,5593.448,0.11496088275186261,9.21653650463304,A
US_FUR-CH-10003973,5576.4,0.11461049902984467,9.331147003662885,A
US_OFF-BI-10004995,5443.959999999999,0.11188848940149795,9.443035493064382,A
US_TEC-MA-10000488,5439.932,0.11180570282053315,9.554841195884915,A
EU_TEC-CO-10003800,5438.2275,0.1117706706141641,9.666611866499078,A
US_FUR-TA-10003473,5435.0785,0.11170594992313673,9.778317816422215,A
EU_OFF-AP-10001623,5382.795,0.11063137886904685,9.88894919529126,A
LATAM_TEC-PH-10002815,5344.416,0.10984258388621448,9.998791779177475,A
US_TEC-CO-10001046,5319.924000000001,0.10933920530106296,10.108130984478539,A
US_OFF-ST-10003208,5298.6320000000005,0.10890159559850514,10.217032580077044,A
US_TEC-PH-10001817,5298.4,0.10889682735451707,10.32592940743156,A
APAC_FUR-CH-10000027,5283.09,0.10858216435685784,10.434511571788418,A
EU_TEC-PH-10002759,5276.988,0.10845675131886198,10.54296832310728,A
APAC_FUR-TA-10000989,5259.172500000001,0.1080905933414095,10.651058916448688,A
EU_OFF-ST-10004489,5219.235,0.1072697668574764,10.758328683306164,A
US_TEC-PH-10001795,5207.916,0.107037129988077,10.865365813294241,A
US_TEC-MA-10001047,5199.96,0.10687361210372842,10.97223942539797,A
US_TEC-CO-10004115,5199.896000000001,0.10687229672607657,11.079111722124045,A
US_TEC-PH-10002885,5198.64,0.10684648243965851,11.185958204563704,A
EU_TEC-PH-10000160,5164.32,0.10614111117384108,11.292099315737545,A
LATAM_TEC-PH-10002867,5146.688,0.10577872463074982,11.397878040368294,A
EU_OFF-ST-10003785,5145.66,0.10575759637721659,11.50363563674551,A
EU_TEC-PH-10001066,5122.215,0.10527573654833869,11.60891137329385,A
APAC_FUR-CH-10003950,5046.609,0.1037218233804077,11.712633196674258,A
EU_FUR-BO-10000596,4999.014,0.10274361401570546,11.815376810689964,A
APAC_TEC-MA-10002468,4968.0,0.10210619022671766,11.91748300091668,A
US_FUR-CH-10001854,4913.72,0.10099058555572205,12.018473586472403,A
US_TEC-MA-10003979,4899.93,0.10070716277729483,12.119180749249699,A
EU_TEC-CO-10004154,4895.286,0.10061171568643071,12.219792464936129,A
APAC_FUR-TA-10001786,4877.73,0.10025089115430101,12.32004335609043,A
US_OFF-SU-10002881,4830.298000000001,0.09927603189205596,12.419319387982487,A
APAC_TEC-PH-10002601,4820.849999999999,0.09908184926619804,12.518401237248685,A
APAC_FUR-BO-10003783,4801.5,0.09868415305426426,12.61708539030295,A
US_TEC-MA-10000418,4799.984,0.0986529950461355,12.715738385349086,A
US_FUR-CH-10003379,4759.166,0.09781407184310126,12.813552457192188,A
APAC_TEC-CO-10003102,4744.44,0.09751141166651536,12.911063868858703,A
LATAM_FUR-CH-10000892,4675.8240000000005,0.09610116240149999,13.007165031260202,A
APAC_TEC-CO-10004997,4663.5186,0.09584825227404108,13.103013283534244,A
APAC_TEC-CO-10004027,4661.3421,0.09580351915748946,13.198816802691733,A
APAC_TEC-CO-10000208,4646.655,0.09550165848388259,13.294318461175616,A
EU_OFF-ST-10002506,4623.186,0.09501930538838524,13.389337766564001,A
APAC_TEC-PH-10001990,4614.4475999999995,0.0948397070122425,13.484177473576244,A
US_FUR-CH-10004287,4612.54,0.09480050053710634,13.57897797411335,A
LATAM_TEC-PH-10003457,4612.272,0.09479499239318911,13.673772966506538,A
APAC_FUR-CH-10001415,4602.864,0.09460163187836364,13.768374598384902,A
APAC_TEC-PH-10001699,4557.696,0.09367330410055358,13.862047902485456,A
APAC_FUR-BO-10002204,4538.097,0.09327049024744298,13.955318392732899,A
EU_OFF-AP-10002904,4507.92,0.0926502691318086,14.047968661864708,A
EU_FUR-BO-10004254,4488.075,0.09224239929584861,14.140211061160556,A
LATAM_FUR-CH-10001490,4479.28,0.09206163763259499,14.232272698793151,A
APAC_TEC-CO-10000562,4462.139999999999,0.09170936305520248,14.323982061848353,A
APAC_TEC-CO-10001204,4460.1276,0.09166800264916138,14.415650064497514,A
APAC_FUR-CH-10001271,4429.728,0.09104320648563156,14.506693270983146,A
APAC_TEC-AC-10004487,4416.762,0.09077671919447221,14.597469990177618,A
LATAM_FUR-BO-10001498,4395.84,0.0903467140189643,14.687816704196583,A
APAC_TEC-CO-10003506,4379.124,0.09000315381851545,14.777819858015098,A
EU_TEC-CO-10000013,4363.9980000000005,0.08969227253160537,14.867512130546704,A
EU_TEC-MA-10004772,4363.7895,0.08968798727784887,14.957200117824552,A
EU_FUR-TA-10001664,4363.35,0.08967895433288015,15.046879072157433,A
LATAM_TEC-AC-10000203,4306.679999999999,0.08851422852769734,15.13539330068513,A
Africa_TEC-CIS-10002259,4299.768,0.08837216774129496,15.223765468426425,A
APAC_FUR-TA-10004711,4298.85,0.0883533002931009,15.312118768719525,A
EU_OFF-AP-10004201,4295.001,0.08827419265900617,15.40039296137853,A
APAC_FUR-BO-10003301,4287.774,0.08812565774822345,15.488518619126754,A
APAC_FUR-BO-10001372,4263.15,0.08761956619666493,15.576138185323419,A
EU_TEC-CO-10002284,4255.0155,0.08745237964183418,15.663590564965252,A
APAC_FUR-CH-10003551,4235.2494,0.08704613141988563,15.750636696385138,A
US_OFF-BI-10003650,4155.242,0.08540175726450216,15.83603845364964,A
EU_TEC-AC-10003265,4140.0,0.08508849185559805,15.92112694550524,A
LATAM_OFF-AP-10004227,4119.032,0.08465754125240284,16.00578448675764,A
EU_OFF-AP-10001099,4088.88,0.08403783395616372,16.089822320713804,A
US_FUR-TA-10003954,4087.2839999999997,0.0840050317259701,16.173827352439773,A
US_OFF-ST-10000078,4083.6179999999995,0.08392968524984869,16.257757037689622,A
EU_OFF-ST-10000624,4082.166,0.0838998426193718,16.341656880308992,A
EU_TEC-PH-10004910,4067.46,0.08359759349830215,16.425254473807293,A
EU_TEC-AC-10003415,4066.56,0.08357909600007266,16.508833569807365,A
APAC_OFF-AP-10002351,4057.1279999999997,0.08338524221862773,16.592218812025994,A
LATAM_FUR-CH-10002780,4051.0600000000004,0.08326052797500945,16.675479340001004,A
LATAM_OFF-AP-10000407,4018.044,0.08258195752884893,16.758061297529853,A
APAC_OFF-AP-10003500,4009.98,0.08241621994471282,16.840477517474564,A
US_OFF-ST-10003716,4005.3559999999998,0.08232118390936492,16.92279870138393,A
US_TEC-CO-10002095,3999.92,0.08220945902005888,17.00500816040399,A
APAC_OFF-AP-10003795,3999.576,0.08220238886518005,17.08721054926917,A
US_TEC-MA-10002927,3991.98,0.08204626998012327,17.16925681924929,A
EU_OFF-AP-10000802,3988.1400000000003,0.08196734732101082,17.251224166570303,A
US_FUR-TA-10001889,3987.574,0.08195571444990207,17.333179881020204,A
EU_TEC-MA-10000331,3976.959,0.08173754673467327,17.414917427754876,A
LATAM_OFF-AP-10001106,3963.52,0.08146133798055555,17.496378765735432,A
APAC_FUR-BO-10002390,3958.6935000000003,0.08136214000810603,17.57774090574354,A
US_OFF-BI-10000545,3957.096,0.08132930694874871,17.65907021269229,A
LATAM_FUR-BO-10000567,3952.976,0.08124462951240932,17.740314842204697,A
APAC_OFF-AP-10003275,3950.589,0.08119557003654958,17.821510412241246,A
LATAM_FUR-BO-10002300,3943.2960000000003,0.08104567864256337,17.90255609088381,A
EU_TEC-CO-10004042,3939.624,0.0809702088497871,17.983526299733597,A
US_OFF-SU-10000151,3930.072,0.08077388873524491,18.06430018846884,A
EU_FUR-CH-10001582,3926.4120000000003,0.08069866557577837,18.14499885404462,A
EU_OFF-ST-10000648,3926.223,0.08069478110115018,18.22569363514577,A
US_FUR-TA-10001095,3921.5249999999996,0.08059822416039229,18.306291859306164,A
EMEA_OFF-KIT-10000099,3912.306,0.08040874812019502,18.38670060742636,A
APAC_FUR-CH-10002573,3906.0,0.08027914231593382,18.466979749742293,A
EU_TEC-CO-10003228,3870.657,0.07955274556046223,18.546532495302756,A
LATAM_FUR-CH-10000932,3870.328,0.07954598369722055,18.626078478999975,A
EU_TEC-PH-10000800,3850.812,0.07914487572450224,18.705223354724478,A
LATAM_OFF-ST-10004381,3845.4,0.07903364410181564,18.784256998826294,A
US_FUR-TA-10004575,3840.9359999999997,0.07894189651059742,18.86319889533689,A
APAC_OFF-AP-10002090,3830.9958,0.07873759780848559,18.941936493145374,A
APAC_OFF-AP-10002104,3827.136,0.0786582682044121,19.020594761349784,A
APAC_TEC-PH-10001457,3825.0,0.0786143674752808,19.099209128825066,A
APAC_OFF-AP-10003963,3810.996,0.07832654640283014,19.177535675227897,A
LATAM_FUR-BO-10001356,3805.464,0.07821284844704628,19.255748523674942,A
US_TEC-PH-10004977,3802.206,0.07814588750345558,19.3338944111784,A
LATAM_FUR-CH-10000891,3788.88,0.07787200121300443,19.411766412391405,A
EMEA_TEC-CAN-10004291,3783.0,0.07775115089123852,19.489517563282643,A
EU_TEC-MA-10004669,3760.2840000000006,0.0772842740359265,19.566801837318568,A
APAC_FUR-BO-10004648,3753.657,0.0771480707906301,19.6439499081092,A
US_FUR-CH-10004997,3740.8019999999997,0.07688386485758572,19.720833772966785,A
LATAM_FUR-BO-10000624,3734.272,0.07674965523154297,19.797583428198326,A
APAC_FUR-CH-10000974,3722.5746,0.07650924119177685,19.8740926693901,A
APAC_FUR-CH-10000602,3709.212,0.07623460266973105,19.950327272059834,A
APAC_TEC-CO-10000794,3708.2219999999998,0.07621425542167862,20.026541527481513,A
APAC_FUR-TA-10000022,3694.68,0.07593592973165242,20.102477457213165,A
US_TEC-PH-10002200,3655.478,0.07513021981432799,20.177607677027492,A
EMEA_OFF-KIT-10003683,3653.76,0.0750949101454855,20.252702587172976,A
LATAM_FUR-CH-10004095,3649.504,0.07500743753163587,20.32771002470461,A
LATAM_FUR-CH-10000843,3647.616,0.07496863389090559,20.402678658595516,A
US_FUR-TA-10000198,3636.468,0.07473951154616978,20.477418170141686,A
US_OFF-ST-10001780,3628.184,0.07456925235135535,20.551987422493042,A
EU_TEC-AC-10001056,3625.44,0.07451285553453126,20.626500278027574,A
APAC_FUR-CH-10003692,3608.028,0.07415499060211829,20.700655268629692,A
US_FUR-CH-10001215,3607.056,0.07413501330403045,20.774790281933722,A
EU_TEC-CO-10001633,3599.6625,0.0739830563560753,20.848773338289796,A
APAC_TEC-MA-10000606,3588.2331,0.07374815046022641,20.92252148875002,A
APAC_OFF-ST-10002395,3579.0015000000003,0.07355841545505393,20.996079904205075,A
LATAM_TEC-CO-10000135,3576.9318000000003,0.07351587737495886,21.069595781580034,A
US_FUR-TA-10001950,3571.92,0.07341287097315165,21.143008652553185,A
EU_TEC-PH-10000493,3570.0,0.07337340964359543,21.21638206219678,A
EU_OFF-ST-10002555,3551.1809999999996,0.07298662695561704,21.289368689152397,A
APAC_FUR-BO-10001749,3549.0480000000002,0.07294278788481318,21.36231147703721,A
US_TEC-PH-10001530,3546.296,0.07288622664578259,21.43519770368299,A
LATAM_FUR-TA-10004820,3525.12,0.07245100106521879,21.50764870474821,A
LATAM_FUR-CH-10001332,3506.9440000000004,0.07207743381208659,21.579726138560297,A
APAC_TEC-CO-10002376,3503.124,0.07199892220849036,21.651725060768786,A
APAC_OFF-AP-10002312,3501.7368,0.07197041139788599,21.72369547216667,A
EU_FUR-BO-10002003,3483.6000000000004,0.07159764981356556,21.795293121980237,A
US_OFF-ST-10002615,3473.344,0.07138686054485274,21.86667998252509,A
APAC_FUR-CH-10001147,3470.6646,0.07133179143734601,21.938011773962433,A
US_FUR-BO-10001811,3470.2994,0.07132428556362,22.009336059526053,A
EU_OFF-ST-10002900,3456.075,0.07103193465938068,22.080367994185433,A
LATAM_TEC-AC-10000376,3446.9399999999996,0.07084418505235147,22.151212179237785,A
US_OFF-ST-10001496,3423.6099999999997,0.0703646887926918,22.221576868030475,A
US_TEC-CO-10000971,3419.886,0.07028815025557339,22.29186501828605,A
EU_TEC-PH-10000505,3418.971,0.07026934446570675,22.362134362751757,A
Africa_OFF-KIT-10004058,3409.74,0.07007962179219973,22.432213984543957,A
APAC_TEC-CO-10003087,3407.94,0.07004262679574078,22.502256611339696,A
EMEA_TEC-CAN-10001437,3407.94,0.07004262679574078,22.572299238135436,A
LATAM_TEC-CO-10001919,3406.29376,0.07000879199409045,22.642308030129527,A
LATAM_TEC-PH-10000018,3399.2,0.06986299553515674,22.712171025664684,A
EU_TEC-MA-10000433,3372.93,0.06932307411461408,22.781494099779298,A
LATAM_TEC-CO-10003158,3361.30848,0.0690842196194765,22.850578319398775,A
APAC_TEC-AC-10002244,3360.5568,0.06906877050895523,22.91964708990773,A
EU_TEC-CO-10004563,3358.281,0.06902199650176562,22.988669086409494,A
US_TEC-MA-10000984,3357.6,0.06900800006143865,23.05767708647093,A
Africa_TEC-APP-10001586,3331.53,0.06847218919605812,23.12614927566699,A
APAC_OFF-ST-10004837,3313.128,0.06809397701559274,23.194243252682583,A
APAC_TEC-CO-10002379,3298.428,0.06779185121117791,23.262035103893762,A
US_OFF-ST-10001932,3283.89,0.0674930549564444,23.329528158850206,A
APAC_TEC-AC-10000866,3276.2711999999997,0.06733646746809914,23.396864626318305,A
LATAM_TEC-CO-10004367,3272.0428,0.0672495621108619,23.464114188429168,A
APAC_TEC-PH-10002652,3257.4,0.06694861192522346,23.53106280035439,A
EMEA_TEC-CIS-10002344,3256.95,0.06693936317610871,23.5980021635305,A
APAC_FUR-BO-10001822,3256.74,0.0669350470931885,23.664937210623687,A
EU_TEC-CO-10002962,3251.976,0.06683713366922714,23.731774344292916,A
US_FUR-TA-10003238,3250.782,0.06681259365490935,23.798586937947825,A
EMEA_OFF-CUI-10000682,3234.24,0.06647260963745155,23.865059547585275,A
APAC_FUR-BO-10004541,3233.1912,0.06645105388618147,23.931510601471455,A
LATAM_FUR-BO-10002580,3223.0,0.06624159643734119,23.997752197908795,A
APAC_TEC-CO-10002526,3200.04,0.0657697047047314,24.063521902613527,A
APAC_TEC-PH-10003556,3181.9139999999998,0.06539716509038972,24.128919067703915,A
APAC_TEC-PH-10002936,3180.3,0.06536399291023151,24.194283060614147,A
EU_OFF-ST-10000288,3179.493,0.06534740682015241,24.2596304674343,A
US_FUR-CH-10003746,3177.702,0.06531059679867576,24.324941064232974,A
APAC_FUR-BO-10000980,3176.8704,0.06529350511031172,24.390234569343285,A
LATAM_OFF-ST-10003741,3174.72,0.06524930842120874,24.455483877764493,A
EU_TEC-CO-10000854,3171.96,0.06519258275997168,24.520676460524466,A
US_FUR-CH-10004983,3171.306,0.0651791412445916,24.585855601769058,A
LATAM_TEC-CO-10002617,3161.0652,0.06496866437807111,24.65082426614713,A
EU_OFF-ST-10004377,3130.023,0.06433066100080545,24.715154927147935,A
US_FUR-CH-10002335,3128.046,0.06429002816302803,24.779444955310964,A
Africa_TEC-SAM-10004940,3123.456,0.06419569092205771,24.843640646233023,A
APAC_FUR-CH-10000432,3120.8049,0.0641412034581064,24.90778184969113,A
LATAM_FUR-TA-10001642,3117.088,0.06406481084569625,24.971846660536826,A
EU_FUR-TA-10004680,3094.74,0.0636054974118825,25.035452157948708,A
EU_OFF-ST-10004695,3089.475,0.06349728704724004,25.09894944499595,A
EU_OFF-AP-10002361,3055.536,0.06279974638900644,25.161749191384956,A
APAC_FUR-CH-10000994,3052.8779999999997,0.06274511711090204,25.22449430849586,A
Africa_FUR-SAU-10004653,3051.9300000000003,0.06272563307943367,25.287219941575295,A
LATAM_TEC-CO-10002113,3046.96896,0.06262366993652659,25.349843611511822,A
APAC_TEC-MA-10000429,3039.7248,0.062474782340110974,25.412318393851933,A
LATAM_OFF-AP-10004245,3028.8,0.062250247374936084,25.47456864122687,A
APAC_TEC-CO-10000953,3025.764,0.062187849147575316,25.536756490374447,A
US_TEC-PH-10001459,3023.928,0.062150114251187175,25.598906604625636,A
LATAM_FUR-CH-10000777,3015.552,0.06197796420099817,25.660884568826635,A
US_FUR-TA-10004256,3005.2799999999997,0.06176684608787239,25.72265141491451,A
EU_OFF-ST-10004191,3001.005,0.06167898297128238,25.784330397885793,A
US_FUR-CH-10000015,2989.08,0.0614338911197418,25.845764289005533,A
APAC_FUR-BO-10001216,2972.844,0.06110019625168202,25.906864485257216,A
APAC_FUR-BO-10000203,2965.1094,0.060941228751897884,25.967805714009113,A
APAC_FUR-TA-10000207,2951.991,0.060671609217705015,26.02847732322682,A
US_TEC-AC-10002637,2951.8360000000002,0.060668423537454386,26.089145746764274,A
APAC_FUR-BO-10003549,2930.004,0.060219715335958865,26.14936546210023,A
EU_FUR-CH-10003365,2929.5,0.06020935673695037,26.209574818837183,A
EU_FUR-BO-10004630,2927.28,0.060163729574650986,26.269738548411834,A
APAC_FUR-BO-10000210,2917.92,0.059971355593064414,26.329709904004897,A
EU_TEC-CO-10000556,2917.701,0.0599668545351619,26.38967675854006,A
APAC_TEC-MA-10002134,2914.992,0.05991117706549118,26.44958793560555,A
APAC_FUR-BO-10004665,2906.4,0.0597345876157271,26.509322523221275,A
LATAM_OFF-AP-10004627,2896.48,0.05953070407968663,26.568853227300963,A
APAC_FUR-CH-10002247,2895.669,0.05951403577850429,26.62836726307947,A
APAC_TEC-PH-10000499,2892.105,0.05944078568551556,26.687808048764985,A
Africa_FUR-IKE-10001539,2891.7,0.05943246181131229,26.747240510576297,A
APAC_FUR-TA-10002256,2877.12,0.059132802339994746,26.806373312916293,A
LATAM_TEC-AC-10003955,2863.168,0.05884605001188623,26.86521936292818,A
EU_FUR-TA-10002523,2842.83,0.058428047657451646,26.92364741058563,A
APAC_FUR-CH-10000051,2841.66,0.058404000909753326,26.982051411495384,A
APAC_OFF-AP-10000729,2840.8320000000003,0.05838698321138221,27.040438394706765,A
APAC_TEC-CO-10002057,2839.3199999999997,0.05835590741435667,27.09879430212112,A
APAC_FUR-CH-10001684,2839.3199999999997,0.05835590741435667,27.157150209535477,A
LATAM_FUR-TA-10003926,2833.76,0.05824163398085013,27.215391843516326,A
Africa_TEC-SHA-10000501,2832.96,0.0582251917602017,27.273617035276526,A
LATAM_FUR-TA-10004840,2832.5879999999997,0.05821754612760019,27.331834581404127,A
APAC_TEC-CO-10000791,2832.0,0.05820546109542359,27.39004004249955,A
EU_OFF-AP-10003221,2827.656,0.05811617983730265,27.448156222336852,A
EU_TEC-CO-10001375,2821.911,0.05799810414027115,27.506154326477123,A
APAC_FUR-CH-10000783,2819.52,0.05794896245330817,27.564103288930433,A
APAC_TEC-AC-10004108,2809.188,0.05773661117363377,27.621839900104067,A
US_TEC-PH-10004586,2807.61,0.05770417889340475,27.679544078997473,A
US_OFF-BI-10003527,2796.178,0.057469219560338757,27.737013298557812,A
LATAM_FUR-CH-10004755,2784.8559999999998,0.05723652103261192,27.794249819590423,A
APAC_TEC-CO-10003448,2774.844,0.05703074664119689,27.85128056623162,A
EU_TEC-MA-10000161,2771.757,0.056967300222269784,27.908247866453888,A
US_FUR-BO-10003272,2766.6696,0.056862740030611286,27.965110606484497,A
US_FUR-TA-10003715,2763.684,0.05680137766315137,28.02191198414765,A
EMEA_FUR-HON-10003533,2757.78,0.05668003407476599,28.078592018222416,A
APAC_FUR-CH-10001207,2756.34,0.056650438077598834,28.135242456300016,A
US_TEC-AC-10004666,2755.4,0.05663111846833693,28.191873574768355,A
EU_OFF-ST-10004855,2744.8199999999997,0.0564136701002615,28.248287244868617,A
EU_FUR-CH-10001429,2737.128,0.056255578148726906,28.304542823017343,A
APAC_TEC-CO-10003570,2733.8064,0.056187310048594646,28.36073013306594,A
EU_TEC-CO-10004662,2731.56,0.05614114029301386,28.416871273358954,A
Africa_FUR-SAF-10003469,2716.5299999999997,0.05583223207258158,28.472703505431536,A
APAC_TEC-MA-10004502,2715.4182,0.05580938149643544,28.52851288692797,A
APAC_TEC-CO-10002697,2714.4719999999998,0.05578993445996351,28.584302821387933,A
US_FUR-BO-10002545,2714.192,0.05578417968273657,28.64008700107067,A
US_FUR-TA-10002958,2714.192,0.05578417968273657,28.695871180753404,A
EU_FUR-BO-10000967,2699.076,0.05547350392358458,28.751344684676987,A
APAC_TEC-MA-10002680,2689.7094,0.055280994293677665,28.806625678970665,A
EU_TEC-PH-10002296,2683.3199999999997,0.05514967438791385,28.861775353358578,A
EU_TEC-CO-10001008,2678.7599999999998,0.05505595373021783,28.916831307088795,A
APAC_FUR-TA-10003078,2673.36,0.054944968740840976,28.971776275829637,A
APAC_TEC-PH-10001725,2652.6,0.05451829311501435,29.02629456894465,A
EU_TEC-CO-10001162,2650.62,0.054477598618909495,29.08077216756356,A
APAC_OFF-ST-10004830,2644.0776,0.054343134138446686,29.135115301702005,A
LATAM_FUR-BO-10000891,2643.84,0.0543382507989141,29.189453552500918,A
LATAM_TEC-AC-10004743,2640.32,0.05426590502806103,29.24371945752898,A
US_TEC-AC-10003870,2639.92,0.05425768391773681,29.297977141446715,A
Africa_TEC-BRO-10000463,2637.3,0.054203835645113226,29.352180977091827,A
EU_OFF-AP-10003590,2636.85,0.05419458689599849,29.406375563987826,A
LATAM_TEC-PH-10001076,2629.42,0.054041879771726246,29.460417443759553,A
APAC_TEC-MA-10002148,2627.4,0.05400036316458897,29.514417806924143,A
APAC_TEC-CO-10000679,2627.1468,0.05399515920175374,29.568412966125898,A
LATAM_TEC-PH-10003945,2624.7920000000004,0.053946761525275104,29.622359727651173,A
US_FUR-CH-10002073,2621.322,0.05387544339321256,29.676235171044386,A
APAC_FUR-TA-10001633,2614.689,0.05373911683126131,29.72997428787565,A
Africa_TEC-CIS-10000758,2610.72,0.05365754286406931,29.78363183073972,A
EU_OFF-AP-10004186,2593.8,0.053309789897355124,29.836941620637074,A
EU_TEC-MA-10003557,2591.343,0.05325929172718865,29.89020091236426,A
US_TEC-PH-10002555,2589.5,0.05322141296136985,29.94342232532563,A
EU_OFF-ST-10001547,2587.62,0.053182773742846044,29.99660509906848,A
LATAM_FUR-BO-10004924,2584.2,0.05311248324957403,30.049717582318053,A
LATAM_TEC-PH-10004057,2582.16,0.05307055558692054,30.102788137904973,A
LATAM_OFF-AP-10000213,2576.652,0.05295735089775615,30.15574548880273,A
US_OFF-ST-10001490,2569.968,0.05281997614423855,30.208565464946968,A
US_TEC-CO-10001943,2559.872,0.052612475319655426,30.261177940266624,A
EU_TEC-CO-10004005,2557.728,0.052568410168317654,30.31374635043494,A
APAC_FUR-BO-10002308,2550.6,0.052421909982340184,30.36616826041728,A
EU_TEC-PH-10002565,2545.0725,0.052308304514047485,30.418476564931325,A
APAC_TEC-PH-10000036,2544.24,0.05229119432818521,30.47076775925951,A
EU_TEC-CO-10000405,2544.24,0.05229119432818521,30.523058953587693,A
APAC_TEC-PH-10003794,2543.0265,0.052266253534739134,30.575325207122432,A
EU_TEC-PH-10003492,2530.368,0.05200608622214153,30.627331293344575,A
US_FUR-TA-10003392,2528.82,0.05197427052518683,30.67930556386976,A
LATAM_TEC-CO-10001309,2528.51696,0.051968042212005204,30.731273606081768,A
APAC_OFF-AP-10004246,2526.93,0.05193542577890492,30.78320903186067,A
LATAM_OFF-AP-10002252,2509.36,0.0515743135079139,30.834783345368585,A
EU_FUR-BO-10004585,2506.9440000000004,0.051524658001555666,30.88630800337014,A
LATAM_FUR-CH-10004669,2503.46,0.05145305213063177,30.937761055500772,A
APAC_TEC-PH-10004509,2492.973,0.05123751517070673,30.98899857067148,A
APAC_TEC-CO-10001222,2492.3295000000003,0.051224289459472654,31.040222860130953,A
Africa_FUR-BUS-10004820,2491.2,0.05120107509919465,31.091423935230146,A
EU_TEC-PH-10000037,2490.348,0.05118356413420408,31.14260749936435,A
LATAM_FUR-BO-10000728,2485.62,0.05108639061017189,31.193693889974522,A
EU_FUR-BO-10001392,2485.143,0.051076586936110266,31.24477047691063,A
LATAM_OFF-ST-10004976,2483.008,0.05103270675975478,31.295803183670387,A
APAC_FUR-CH-10004331,2478.2967,0.050935876467078624,31.346739060137466,A
APAC_TEC-AC-10004938,2477.7093,0.05092380376656752,31.397662863904035,A
EU_OFF-AP-10004511,2477.55,0.05092052970938091,31.448583393613415,A
Africa_TEC-LOG-10004405,2473.2,0.050831125134605096,31.49941451874802,A
US_FUR-CH-10003312,2472.624,0.050819286735738226,31.550233805483757,A
APAC_FUR-TA-10000665,2467.6548,0.05071715588218054,31.600950961365935,A
APAC_TEC-CO-10003819,2465.82,0.05067944564912338,31.65163040701506,A
LATAM_OFF-AP-10004913,2461.06,0.05058161443626526,31.702212021451324,A
APAC_TEC-CO-10001775,2455.848,0.05047449336874077,31.752686514820063,A
APAC_TEC-MA-10002392,2452.38,0.05040321634222984,31.80308973116229,A
EU_FUR-BO-10002529,2452.275,0.05040105830076974,31.853490789463063,A
EU_TEC-CO-10002242,2450.2110000000002,0.0503586373714968,31.903849426834558,A
LATAM_TEC-AC-10002257,2445.524,0.050262306511272836,31.95411173334583,A
EU_TEC-PH-10001732,2443.392,0.05021848799324479,32.004330221339075,A
APAC_TEC-AC-10002719,2442.402,0.05019814074519236,32.05452836208427,A
APAC_TEC-CO-10003113,2442.3360000000002,0.050196784261988876,32.10472514634626,A
EU_FUR-FU-10004095,2435.52,0.05005669654206429,32.154781842888326,A
EU_OFF-AP-10002552,2432.16,0.049987639215340905,32.204769482103664,A
APAC_FUR-CH-10000026,2429.6832,0.04993673410021339,32.25470621620388,A
APAC_FUR-BO-10004806,2419.542,0.04972830429016363,32.30443452049404,A
EU_TEC-PH-10004583,2410.425,0.049540924633099025,32.35397544512714,A
APAC_FUR-BO-10002990,2409.96,0.04953136759234712,32.403506812719485,A
US_OFF-LA-10003930,2398.764,0.049301258714372416,32.45280807143386,A
US_TEC-MA-10001148,2395.2,0.049228008621383684,32.50203608005524,A
LATAM_TEC-AC-10004626,2394.56,0.049214854844864944,32.551250934900104,A
EU_TEC-PH-10004505,2390.0625,0.049122418735657085,32.60037335363576,A
Africa_TEC-OKI-10002750,2388.072,0.04908150843540623,32.64945486207117,A
Africa_OFF-SME-10000746,2386.8,0.04905536530457522,32.69851022737574,A
EU_FUR-CH-10000546,2380.5,0.04892588281696888,32.74743611019271,A
APAC_TEC-CO-10004605,2377.761,0.048869588764023836,32.79630569895673,A
LATAM_TEC-CO-10001468,2370.65312,0.04872350209989568,32.845029201056626,A
EU_FUR-BO-10002812,2369.223,0.04869410916415352,32.89372331022078,A
APAC_OFF-AP-10001824,2367.2409,0.04865337150721946,32.942376681728,A
APAC_TEC-CO-10002578,2359.26,0.048489341858753206,32.990866023586754,A
EU_TEC-CO-10004089,2359.2599999999998,0.0484893418587532,33.03935536544551,A
US_TEC-PH-10000984,2351.88,0.04833766237327149,33.08769302781878,A
EU_FUR-BO-10000279,2349.027,0.04827902530388404,33.135972053122664,A
EU_FUR-BO-10001165,2347.776,0.048253313781345064,33.18422536690401,A
US_OFF-ST-10003470,2347.632,0.048250354181628353,33.232475721085635,A
APAC_OFF-ST-10000103,2347.02,0.048237775882832304,33.28071349696847,A
EMEA_FUR-SAF-10000085,2346.84,0.048234076383186414,33.328947573351655,A
LATAM_FUR-BO-10004142,2336.8,0.04802772651404868,33.376975299865705,A
LATAM_FUR-TA-10000136,2332.96,0.04794880385493624,33.42492410372064,A
APAC_TEC-AC-10000420,2330.64,0.04790112141505581,33.4728252251357,A
US_FUR-CH-10000847,2327.84,0.047843573642786325,33.52066879877849,A
APAC_TEC-CO-10003354,2325.342,0.04779223280881162,33.5684610315873,A
EU_TEC-AC-10004849,2320.6499999999996,0.0476957991847086,33.616156830772006,A
US_FUR-CH-10002320,2311.056,0.04749861585358237,33.66365544662559,A
LATAM_FUR-CH-10003941,2307.9680000000003,0.047435148881879455,33.71109059550747,A
EU_OFF-ST-10000695,2296.521,0.04719988125717631,33.75829047676465,A
APAC_TEC-AC-10003276,2295.8352,0.047185786163525444,33.805476262928174,A
EU_FUR-BO-10000490,2291.814,0.04710313934143613,33.85257940226961,A
US_FUR-TA-10003748,2290.616,0.04707851711601512,33.899657919385625,A
APAC_OFF-ST-10001755,2288.1285,0.04702739208618642,33.94668531147181,A
LATAM_FUR-TA-10000486,2284.128,0.0469451707065564,33.99363048217837,A
APAC_TEC-PH-10000896,2278.8,0.04683566551703789,34.040466147695405,A
APAC_FUR-TA-10001386,2276.4825,0.04678803445909698,34.0872541821545,A
LATAM_FUR-CH-10002653,2275.28,0.04676331974618482,34.134017501900686,A
US_OFF-BI-10004584,2275.056,0.046758715924403255,34.18077621782509,A
US_FUR-TA-10001539,2274.912,0.04675575632468654,34.22753197414978,A
EU_TEC-CO-10000660,2265.1755000000003,0.046555644223007314,34.27408761837278,A
APAC_OFF-AP-10000335,2255.526,0.046357320212823586,34.3204449385856,A
APAC_OFF-ST-10004315,2253.753,0.04632088014131152,34.36676581872691,A
US_TEC-AC-10004145,2249.91,0.04624189582387164,34.41300771455078,A
APAC_OFF-AP-10001305,2248.875,0.046220623700907744,34.45922833825169,A
LATAM_OFF-AP-10000800,2246.16,0.046164822914582154,34.505393161166275,A
Africa_OFF-BRE-10004436,2243.88,0.04611796258573415,34.55151112375201,A
EU_OFF-AP-10001298,2243.88,0.04611796258573415,34.59762908633774,A
EU_TEC-CO-10001894,2238.3900000000003,0.046005127846534336,34.643634214184274,A
EU_OFF-ST-10000952,2230.725,0.045847590819946604,34.68948180500422,A
US_TEC-PH-10001557,2226.968,0.04577037404122644,34.735252179045446,A
US_FUR-TA-10004534,2223.72,0.045703618625393835,34.78095579767084,A
APAC_FUR-BO-10004771,2223.45,0.04569806937592499,34.826653867046765,A
APAC_FUR-CH-10002966,2220.8796,0.045645240520981616,34.87229910756775,A
EU_FUR-BO-10004430,2219.4900000000002,0.0456166803837153,34.917915787951465,A
US_TEC-PH-10001336,2218.628,0.04559896389096662,34.96351475184243,A
LATAM_TEC-CO-10001818,2206.5384,0.04535048905252762,35.00886524089496,A
LATAM_TEC-PH-10004074,2205.32,0.045325447550480076,35.054190688445445,A
US_FUR-TA-10001768,2205.084,0.045320597095388784,35.099511285540835,A
EU_OFF-AP-10004869,2203.344,0.04528483526547847,35.14479612080631,A
APAC_FUR-BO-10000288,2190.75,0.04502599360692064,35.18982211441323,A
EU_FUR-BO-10000259,2190.75,0.04502599360692064,35.23484810802015,A
APAC_TEC-CO-10002350,2190.357,0.045017916366027096,35.27986602438618,A
EU_FUR-BO-10003738,2189.52,0.04500071369267368,35.32486673807885,A
EMEA_FUR-IKE-10000649,2188.44,0.04497851669479831,35.36984525477365,A
EU_FUR-BO-10004219,2187.9,0.04496741819586062,35.41481267296951,A
Africa_OFF-FEL-10001865,2182.08,0.04484780104064333,35.45966047401016,A
EMEA_FUR-SAU-10004653,2179.95,0.0448040236281669,35.504464497638324,A
US_OFF-AP-10003590,2179.5,0.04479477487905217,35.549259272517375,A
US_OFF-ST-10004459,2176.972,0.04474281746180314,35.59400208997918,A
APAC_FUR-BO-10003086,2175.0282,0.044702866976182636,35.63870495695536,A
US_FUR-TA-10001771,2171.212,0.04462443347313449,35.68332939042849,A
US_TEC-MA-10002428,2169.86,0.04459664612023864,35.72792603654873,A
EU_TEC-CO-10002601,2169.3255,0.04458566066156791,35.7725116972103,A
EU_TEC-PH-10003439,2162.3909999999996,0.04444313743770978,35.81695483464801,A
APAC_OFF-AP-10001956,2152.8540000000003,0.04424712561480476,35.86120196026281,A
APAC_FUR-BO-10004529,2150.784,0.044204581368876956,35.905406541631685,A
US_FUR-TA-10001705,2147.26,0.04413215338692065,35.9495386950186,A
APAC_FUR-BO-10001874,2146.506,0.044116656593959504,35.99365535161256,A
EU_TEC-PH-10002663,2144.463,0.044074667272978596,36.03773001888554,A
APAC_FUR-BO-10001212,2141.6562,0.04401697974183359,36.081746998627374,A
Africa_FUR-BEV-10004919,2134.44,0.04386866680102964,36.125615665428406,A
APAC_TEC-CO-10004170,2132.5395,0.04382960625060172,36.16944527167901,A
EU_TEC-PH-10003620,2127.375,0.04372346143992824,36.21316873311894,A
EU_OFF-AP-10003382,2126.7839999999997,0.043711314749424204,36.256880047868364,A
APAC_TEC-PH-10004618,2125.755,0.04369016594311518,36.30057021381148,A
APAC_FUR-TA-10002650,2125.32,0.0436812254856376,36.34425143929712,A
APAC_FUR-BO-10001461,2122.8246,0.043629938088879994,36.387881377385995,A
APAC_FUR-TA-10001237,2120.79,0.043588121411215895,36.43146949879721,A
LATAM_FUR-BO-10004504,2120.6400000000003,0.04358503849484432,36.47505453729206,A
APAC_TEC-AC-10002533,2120.1,0.04357393999590662,36.51862847728797,A
APAC_TEC-PH-10000720,2119.9932,0.04357174495945006,36.56220022224742,A
LATAM_TEC-CO-10001234,2115.9596,0.043488843282940705,36.60568906553036,A
EMEA_OFF-FEL-10002867,2115.072,0.04347060063913128,36.649159666169496,A
US_OFF-ST-10003306,2114.328,0.04345530937392824,36.69261497554342,A
US_OFF-ST-10003816,2114.2799999999997,0.04345432284068933,36.73606929838411,A
LATAM_TEC-CO-10003160,2114.26488,0.04345401208271908,36.77952331046683,A
EMEA_TEC-STA-10003386,2113.23,0.04343274242608828,36.82295605289292,A
US_OFF-BI-10003656,2107.876,0.043322702864398696,36.86627875575732,A
APAC_OFF-ST-10003295,2106.828,0.04330116355534926,36.90957991931267,A
LATAM_OFF-ST-10000886,2106.56,0.04329565541143204,36.952875574724104,A
LATAM_FUR-TA-10002827,2106.496,0.04329434003378016,36.996169914757886,A
APAC_FUR-CH-10003836,2104.8579,0.043260672531724935,37.03943058728961,A
US_TEC-PH-10003645,2100.9300000000003,0.04317994328361875,37.08261053057323,A
LATAM_FUR-BO-10004113,2099.232,0.04314504467029247,37.12575557524352,A
US_FUR-TA-10002774,2096.168,0.043082070965209,37.16883764620873,A
APAC_OFF-ST-10002292,2094.3360000000002,0.04304441827992411,37.211882064488655,A
APAC_OFF-AP-10001299,2094.075,0.04303905400543756,37.254921118494096,A
LATAM_FUR-CH-10004993,2085.112,0.04285483947584777,37.29777595796995,A
EU_TEC-AC-10003814,2082.0,0.0427908792375254,37.34056683720747,A
US_FUR-BO-10004695,2081.27,0.04277587571118371,37.383342712918655,A
APAC_OFF-AP-10004711,2080.32,0.04275635057416371,37.42609906349282,A
US_OFF-ST-10000142,2079.4,0.04273744202041802,37.46883650551324,A
APAC_OFF-AP-10003598,2077.32,0.04269469224673211,37.51153119775997,A
APAC_FUR-CH-10003965,2076.858,0.04268519686430765,37.55421639462428,A
APAC_FUR-TA-10001089,2076.606,0.0426800175648034,37.59689641218908,A
EU_FUR-BO-10003554,2073.1679999999997,0.04260935712156678,37.63950576931065,A
APAC_OFF-ST-10000546,2072.844,0.04260269802220418,37.68210846733286,A
US_FUR-CH-10002965,2070.094,0.042546177888725216,37.724654645221584,A
US_TEC-PH-10001128,2069.862,0.042541409644737176,37.76719605486632,A
EU_TEC-CO-10004078,2069.55,0.04253499717868429,37.809731052045,A
EMEA_TEC-ENE-10000154,2066.64,0.042475188601075645,37.852206240646076,A
US_TEC-PH-10003811,2063.828,0.04241739419549643,37.89462363484157,A
US_FUR-TA-10002041,2061.835,0.04237643251330604,37.93700006735488,A
APAC_FUR-BO-10003945,2061.7974,0.04237565972893556,37.97937572708381,A
LATAM_TEC-CO-10004831,2058.8016399999997,0.0423140885452734,38.02168981562909,A
EMEA_OFF-SME-10004702,2054.4,0.04222362262515474,38.06391343825424,A
EU_OFF-AP-10001178,2052.54,0.042185394462147155,38.106098832716384,A
APAC_OFF-AP-10001018,2051.013,0.04215401037348448,38.14825284308987,A
APAC_FUR-CH-10002872,2050.5263999999997,0.042144009392775066,38.19039685248265,A
APAC_OFF-AP-10000975,2050.488,0.042143220166183944,38.23254007264883,A
EU_OFF-AP-10000486,2048.352,0.04209931943705265,38.27463939208588,A
APAC_FUR-CH-10004694,2046.7344,0.04206607326690154,38.31670546535278,A
US_FUR-CH-10003298,2043.288,0.04199524018034812,38.35870070553313,A
EU_FUR-BO-10002781,2043.0900000000001,0.041991170730737645,38.40069187626387,A
EU_TEC-MA-10001009,2040.984,0.04194788658488066,38.44263976284875,A
LATAM_TEC-CO-10003678,2040.84936,0.04194511935914553,38.4845848822079,A
US_OFF-BI-10004632,2037.987,0.041886289915776496,38.52647117212367,A
LATAM_TEC-AC-10000890,2037.1519999999998,0.0418691283479747,38.56834030047165,A
APAC_TEC-CO-10001472,2036.6208,0.04185821071346415,38.61019851118511,A
APAC_FUR-TA-10001205,2035.5816,0.04183685226884185,38.652035363453955,A
LATAM_FUR-BO-10003106,2035.072,0.0418263785742888,38.69386174202825,A
US_FUR-TA-10002228,2033.496,0.041793987399611404,38.73565572942786,A
EU_FUR-BO-10000684,2032.7399999999998,0.04177844950109864,38.777434178928964,A
EU_FUR-BO-10003028,2030.4,0.041730356005702005,38.819164534934664,A
APAC_OFF-ST-10003837,2029.5492,0.0417128697040424,38.86087740463871,A
APAC_TEC-MA-10004428,2024.6616000000001,0.041612415956990854,38.9024898205957,A
EMEA_TEC-MOT-10002560,2021.88,0.04155524635579628,38.944045066951496,A
APAC_TEC-PH-10003062,2016.4782,0.04144422437142295,38.98548929132292,A
EU_FUR-TA-10002411,2012.049,0.041353192016802945,39.02684248333972,A
APAC_FUR-CH-10003841,2007.897,0.04126785689163762,39.06811034023136,A
LATAM_FUR-CH-10004572,2004.992,0.041208151077908026,39.10931849130927,A
EU_TEC-CO-10000270,2004.156,0.04119096895733043,39.1505094602666,A
US_FUR-TA-10000577,2002.2075,0.04115092187366361,39.19166038214026,A
US_TEC-AC-10001838,1999.9,0.04110349634348081,39.232763878483745,A
LATAM_TEC-CO-10000887,1999.67328,0.041098836618149046,39.27386271510189,A
EU_TEC-MA-10003923,1999.2375,0.04108988012950633,39.3149525952314,A
EU_OFF-AP-10000864,1998.24,0.04106937873563533,39.35602197396703,A
EU_FUR-BO-10002318,1983.744,0.040771445697485864,39.39679341966452,A
EU_OFF-ST-10002159,1981.44,0.040724092102018404,39.437517511766536,A
EU_TEC-MA-10000875,1979.586,0.04068598725566568,39.4782034990222,A
EMEA_FUR-HON-10000224,1977.72,0.040647635776003235,39.518851134798204,A
APAC_FUR-CH-10004196,1973.52,0.040561314117599,39.5594124489158,A
LATAM_TEC-CO-10003694,1972.737,0.04054522129413936,39.59995767020994,A
LATAM_FUR-BO-10004162,1968.712,0.04046249637150197,39.64042016658144,A
EMEA_TEC-LOG-10003896,1961.04,0.04030481547548358,39.68072498205693,A
EU_OFF-ST-10000430,1958.04,0.04024315714805198,39.720968139204984,A
LATAM_TEC-CO-10002768,1955.0819999999999,0.04018236203720443,39.76115050124219,A
EU_OFF-AP-10000330,1952.424,0.04012773275910004,39.801278234001295,A
APAC_TEC-CO-10001703,1950.96,0.040097643495313424,39.84137587749661,A
LATAM_FUR-CH-10000343,1950.464,0.0400874493185114,39.88146332681512,A
EU_OFF-ST-10000872,1950.228,0.04008259886342012,39.921545925678544,A
US_OFF-AP-10002534,1944.492,0.03996470814137091,39.96151063381991,A
EU_FUR-BO-10002182,1941.2820000000002,0.039898733731019105,40.001409367550934,A
APAC_OFF-ST-10000007,1937.8674,0.03982855422273647,40.04123792177367,A
US_OFF-BI-10004318,1937.4879999999998,0.03982075649959395,40.081058678273266,A
LATAM_TEC-CO-10000266,1929.05416,0.039647417676852065,40.12070609595012,A
EMEA_TEC-MOT-10003050,1928.34,0.039632739706479216,40.160338835656596,A
EMEA_OFF-HOO-10001881,1926.4740000000002,0.03959438822681677,40.19993322388341,A
APAC_OFF-AP-10002326,1922.4524999999999,0.039511735238894716,40.23944495912231,A
APAC_FUR-CH-10004009,1920.24,0.039466262222413916,40.27891122134472,A
EU_TEC-CO-10004567,1919.88,0.03945886322312212,40.318370084567846,A
APAC_FUR-BO-10001580,1917.864,0.03941742882708809,40.35778751339493,A
APAC_TEC-PH-10004281,1917.384,0.03940756349469904,40.39719507688963,A
APAC_TEC-CO-10002122,1917.36,0.039407070228079585,40.43660214711771,A
Africa_TEC-BRO-10000374,1914.8999999999999,0.039356510399585674,40.475958657517296,A
APAC_TEC-CO-10002150,1909.8,0.03925169124295197,40.51521034876025,A
EMEA_TEC-SAM-10004785,1908.4499999999998,0.03922394499560775,40.554434293755854,A
LATAM_OFF-AP-10003287,1903.0,0.039111932367440365,40.593546226123294,A
EMEA_TEC-BRO-10004802,1900.44,0.0390593172613654,40.632605543384656,A
EU_TEC-MA-10004955,1900.26,0.03905561776171951,40.671661161146375,A
EU_TEC-PH-10000309,1898.4015,0.039017420427875635,40.71067858157425,A
LATAM_FUR-CH-10001130,1896.648,0.03898138113549186,40.74965996270974,A
EU_OFF-AR-10002805,1895.4,0.038955731271280325,40.78861569398102,A
Africa_TEC-BRO-10004178,1894.05,0.03892798502393611,40.82754367900496,A
Africa_OFF-KIT-10001791,1893.8880000000001,0.038924655474254805,40.866468334479215,A
Africa_TEC-HEW-10003829,1891.9499999999998,0.03888482419473399,40.90535315867395,A
EU_TEC-CO-10002043,1891.5,0.03887557544561926,40.94422873411957,A
US_OFF-BI-10001120,1889.99,0.038844540754145354,40.98307327487372,A
EU_OFF-AP-10002397,1889.055,0.03882532390876251,41.02189859878248,A
APAC_FUR-TA-10003747,1888.236,0.03880849118537368,41.06070708996785,A
APAC_OFF-AP-10000647,1887.84,0.03880035228615271,41.099507442254,A
APAC_OFF-AP-10003568,1885.428,0.03875077899089771,41.1382582212449,A
US_FUR-TA-10003569,1884.606,0.03873388460918145,41.176992105854076,A
APAC_TEC-CO-10000269,1881.594,0.03867197964844014,41.21566408550252,A
EU_TEC-PH-10003960,1880.3249999999998,0.03864589817593657,41.25430998367845,A
APAC_TEC-PH-10001354,1878.2331,0.03860290382421852,41.29291288750267,A
LATAM_FUR-TA-10004306,1877.792,0.03859383799480849,41.33150672549748,A
US_FUR-CH-10004086,1867.0720000000001,0.038373512238119606,41.3698802377356,A
EMEA_FUR-CHR-10001018,1858.68,0.038201033343517626,41.40808127107912,A
US_FUR-BO-10001972,1857.043,0.03816738844951579,41.446248659528635,A
EU_OFF-AP-10002321,1856.34,0.03815293984812099,41.48440159937675,A
Africa_FUR-SAF-10004252,1855.68,0.03813937501608604,41.52254097439284,A
APAC_OFF-ST-10003203,1855.5516,0.038136736039671965,41.560677710432515,A
EU_FUR-BO-10003541,1854.63,0.03811779460148498,41.598795505034,A
APAC_FUR-BO-10001501,1854.63,0.03811779460148498,41.63691329963548,A
APAC_FUR-CH-10000025,1853.922,0.03810324323621112,41.67501654287169,A
APAC_FUR-BO-10001393,1853.3691000000001,0.038091879606465484,41.71310842247815,A
US_TEC-PH-10002549,1852.0520000000001,0.03806480954544543,41.751173232023596,A
APAC_FUR-CH-10003861,1850.1312,0.03802533177366856,41.789198563797264,A
EU_TEC-PH-10002255,1849.98,0.03802222419396602,41.82722078799123,A
APAC_TEC-PH-10001614,1849.0836000000002,0.03800380068572946,41.86522458867696,A
APAC_FUR-TA-10003627,1847.52,0.037971664365472106,41.90319625304243,A
APAC_FUR-BO-10000670,1847.2559999999999,0.03796623843265812,41.94116249147509,A
APAC_TEC-CO-10003759,1846.6619999999998,0.03795403008382667,41.979116521558915,A
EU_FUR-CH-10002830,1845.921,0.037938800476951064,42.017055322035866,A
LATAM_TEC-PH-10004358,1845.8880000000001,0.03793812223534932,42.05499344427121,A
US_OFF-ST-10002011,1844.4360000000001,0.03790827960487243,42.09290172387608,A
LATAM_FUR-TA-10004801,1838.1,0.0377780572173369,42.13067978109342,A
EU_FUR-CH-10000969,1837.56,0.03776695871839922,42.16844673981182,A
LATAM_FUR-CH-10004011,1836.0,0.03773489638813479,42.20618163619996,A
APAC_TEC-CO-10002674,1834.8000000000002,0.03771023305716215,42.24389186925712,A
APAC_FUR-BO-10001875,1834.1999999999998,0.03769790139167583,42.28158977064879,A
EU_FUR-BO-10003968,1833.705,0.037687727767649615,42.31927749841644,A
APAC_TEC-PH-10004261,1832.607,0.03766516081980966,42.35694265923625,A
LATAM_FUR-CH-10002132,1828.844,0.03758782072443463,42.394530479960686,A
APAC_FUR-BO-10001196,1828.35,0.037577667653184224,42.43210814761387,A
EU_FUR-BO-10003828,1828.2240000000002,0.03757507800343211,42.4696832256173,A
APAC_TEC-MA-10002780,1825.6182,0.037521521580225016,42.50720474719753,A
EU_TEC-PH-10001432,1824.75,0.03750367766026632,42.544708424857795,A
APAC_OFF-ST-10003306,1824.1377,0.03749109319563753,42.582199518053436,A
APAC_FUR-CH-10004050,1822.08,0.03744880174885219,42.61964831980229,A
EU_OFF-BI-10001808,1821.51,0.037437086666640196,42.65708540646893,A
LATAM_OFF-AP-10000663,1819.104,0.03738763668804006,42.69447304315697,A
EU_TEC-PH-10004105,1818.18,0.03736864592319113,42.731841689080156,A
EMEA_FUR-IKE-10001539,1817.64,0.03735754742425344,42.769199236504406,A
US_TEC-PH-10000441,1814.256,0.03728799683091061,42.80648723333532,A
US_TEC-PH-10003691,1814.2559999999999,0.0372879968309106,42.84377523016623,A
EU_TEC-CO-10002857,1810.926,0.03721955608746153,42.880994786253694,A
EU_TEC-AC-10003403,1809.78,0.037196002606382665,42.91819078886008,A
EU_FUR-BO-10004053,1809.3,0.037186137273993614,42.95537692613407,A
EU_TEC-CO-10002232,1808.235,0.037164248567755395,42.99254117470183,A
EU_FUR-BO-10001039,1807.344,0.037145936044508214,43.02968711074634,A
LATAM_TEC-AC-10000244,1807.08,0.03714051011169423,43.066827620858035,A
LATAM_TEC-CO-10002009,1803.61584,0.03706931200784243,43.10389693286588,A
EMEA_TEC-MOT-10000554,1803.144,0.03705961438610399,43.14095654725198,A
APAC_OFF-ST-10001357,1801.2540000000001,0.037020769639822086,43.177977316891806,A
EU_FUR-CH-10002585,1799.718,0.036989200576177106,43.214966517467985,A
Canada_OFF-BRE-10002706,1799.1,0.036976498960726197,43.25194301642871,A
APAC_FUR-TA-10000558,1798.26,0.03695923462904535,43.288902251057756,A
Africa_TEC-HP -10003618,1797.48,0.03694320346391314,43.32584545452167,A
EU_TEC-AC-10001258,1795.92,0.03691114113364871,43.36275659565532,A
LATAM_TEC-CO-10002700,1792.65312,0.0368439976814088,43.39960059333673,A
EMEA_OFF-ELD-10001694,1790.88,0.03680755514356363,43.43640814848029,A
EU_OFF-ST-10003153,1790.313,0.036795901719679065,43.47320405019997,A
EU_OFF-ST-10003641,1789.782,0.03678498819572367,43.509989038395695,A
APAC_OFF-AP-10004295,1788.588,0.0367604481814059,43.5467494865771,A
APAC_OFF-ST-10000704,1786.509,0.036717718960495804,43.583467205537595,A
EU_TEC-MA-10003223,1786.071,0.03670871684469079,43.62017592238229,A
EU_FUR-BO-10003903,1785.0,0.036686704821797714,43.656862627204085,A
LATAM_TEC-CO-10004701,1783.6896,0.03665977246437559,43.69352239966846,A
LATAM_TEC-PH-10001284,1781.6399999999999,0.036617647495074325,43.73014004716354,A
APAC_TEC-MA-10004423,1781.01,0.036604699246313696,43.76674474640985,A
US_OFF-ST-10001526,1780.884,0.036602109596561565,43.803346856006414,A
Africa_TEC-SHA-10003670,1779.6000000000001,0.03657571983242085,43.839922575838834,A
APAC_OFF-AP-10002371,1779.3,0.03656955399967768,43.87649212983851,A
Africa_OFF-SME-10003530,1777.41,0.03653070925339578,43.91302283909191,A
EU_OFF-BI-10001621,1771.812,0.03641565481440843,43.949438493906314,A
LATAM_OFF-ST-10004754,1769.4720000000002,0.03636756131901179,43.985806055225325,A
LATAM_TEC-CO-10001589,1768.9949199999999,0.036357756000728096,44.02216381122605,A
US_OFF-ST-10003805,1768.62,0.03635005035402121,44.058513861580074,A
APAC_FUR-BO-10001147,1760.2263,0.03617753651970036,44.094691398099776,A
US_TEC-CO-10001571,1759.968,0.03617222773770851,44.130863625837485,A
EMEA_FUR-IKE-10004853,1758.12,0.03613424620801064,44.16699787204549,A
EMEA_OFF-SME-10000746,1750.3200000000002,0.03597393455668851,44.20297180660218,A
LATAM_FUR-TA-10002966,1749.94,0.0359661245018805,44.23893793110406,A
EMEA_OFF-SME-10004553,1746.096,0.03588711963166481,44.27482505073573,A
Africa_FUR-CHR-10003806,1745.34,0.03587158173315205,44.31069663246888,A
US_FUR-CH-10004675,1744.64,0.03585719479008469,44.346553827258965,A
APAC_FUR-BO-10001708,1742.25,0.03580807365589751,44.382361900914866,A
APAC_TEC-PH-10003913,1741.6056,0.03579482944716521,44.41815673036203,A
LATAM_FUR-CH-10003733,1740.336,0.03576873564299616,44.453925466005025,A
APAC_TEC-CO-10001410,1733.562,0.035629511139655616,44.48955497714468,A
APAC_FUR-BO-10001541,1732.6473,0.03561071151562173,44.5251656886603,A
EU_FUR-FU-10000468,1730.4,0.035564523262542724,44.560730211922845,A
US_TEC-PH-10000895,1727.904,0.035513223534119634,44.59624343545696,A
US_TEC-AC-10002001,1727.892,0.03551297690080991,44.631756412357774,A
LATAM_OFF-AP-10002932,1724.9,0.0354514829955848,44.66720789535336,A
APAC_TEC-PH-10002806,1723.2336,0.03541723384997413,44.702625129203334,A
EMEA_FUR-LES-10004886,1718.1,0.03531172412007319,44.737936853323404,A
US_TEC-PH-10002496,1715.8899999999999,0.03526630248553191,44.773203155808936,A
APAC_TEC-MA-10000697,1715.115,0.03525037408427876,44.808453529893214,A
LATAM_FUR-CH-10001588,1715.056,0.035249161470505934,44.84370269136372,A
APAC_FUR-CH-10000351,1714.3434,0.035234515562463355,44.87893720692618,A
EU_FUR-CH-10002477,1713.096,0.0352088780299173,44.9141460849561,A
APAC_FUR-CH-10002510,1708.788,0.035120336671725524,44.949266421627826,A
EU_OFF-BI-10000341,1708.74,0.03511935013848662,44.98438577176631,A
EU_OFF-AP-10001692,1708.74,0.03511935013848662,45.0195051219048,A
EU_TEC-CO-10004147,1707.21,0.03508790439149651,45.054593026296295,A
US_FUR-TA-10004289,1706.25,0.0350681737267184,45.089661200023016,A
LATAM_OFF-ST-10003459,1705.6,0.03505481442244155,45.12471601444546,A
EU_OFF-AP-10000672,1704.87,0.035039810896099866,45.15975582534156,A
EU_OFF-AR-10003629,1704.6000000000001,0.035034261646631024,45.19479008698819,A
APAC_FUR-BO-10003206,1704.591,0.03503407667164873,45.22982416365984,A
US_FUR-TA-10001086,1702.288,0.03498674362895708,45.2648109072888,A
APAC_OFF-ST-10000362,1701.264,0.034965697586527095,45.299776604875326,A
APAC_TEC-CO-10002316,1700.391,0.0349477550132445,45.33472435988857,A
US_FUR-CH-10002647,1696.422,0.034866181046052505,45.369590540934624,A
LATAM_FUR-TA-10004308,1690.632,0.03474718047410953,45.40433772140873,A
EU_TEC-MA-10001494,1687.554,0.03468391903016472,45.439021640438895,A
LATAM_TEC-CO-10003964,1685.10304,0.034633544998764136,45.47365518543766,A
APAC_FUR-BO-10004821,1684.566,0.03462250733604285,45.5082776927737,A
EU_TEC-PH-10003963,1682.868,0.034587608722716566,45.54286530149642,A
LATAM_OFF-ST-10004549,1682.604,0.03458218278990259,45.577447484286324,A
APAC_OFF-AP-10003511,1681.2345,0.03455403576343006,45.61200152004975,A
LATAM_FUR-CH-10004746,1674.0,0.03440534670682878,45.64640686675658,A
US_FUR-CH-10002084,1672.664,0.034377888198345904,45.68078475495492,A
EU_TEC-CO-10002796,1672.44,0.03437328437656435,45.715158039331484,A
APAC_FUR-CH-10004600,1671.8400000000001,0.03436095271107804,45.74951899204256,A
EU_OFF-ST-10002271,1670.76,0.034338755713202655,45.78385774775576,A
APAC_TEC-CO-10001157,1669.8366,0.03431977728001922,45.81817752503578,A
LATAM_OFF-ST-10000505,1666.028,0.034241499978067226,45.852419025013845,A
EU_FUR-BO-10002632,1664.88,0.03421790539143674,45.88663693040528,A
Africa_OFF-FEL-10001630,1662.48,0.034168578729491465,45.92080550913477,A
EMEA_FUR-HON-10003871,1661.31,0.03414453198179314,45.95495004111657,A
APAC_TEC-MA-10003101,1660.932,0.03413676303253676,45.9890868041491,A
EMEA_FUR-IKE-10001301,1660.662,0.03413121378306792,46.02321801793217,A
EMEA_OFF-FEL-10004665,1658.64,0.034089656070379025,46.05730767400255,A
US_FUR-TA-10004619,1656.824,0.034052332229507105,46.09136000623206,A
US_FUR-CH-10000229,1652.978,0.0339732862537398,46.1253332924858,A
EU_FUR-BO-10004119,1652.298,0.03395931036618864,46.159292602851984,A
LATAM_FUR-TA-10002065,1650.432,0.03392095888652619,46.19321356173851,A
EU_FUR-CH-10000583,1650.4289999999999,0.03392089722819875,46.22713445896671,A
APAC_TEC-PH-10002042,1650.2400000000002,0.03391701275357057,46.26105147172028,A
Africa_TEC-CIS-10000791,1650.2400000000002,0.03391701275357057,46.29496848447385,A
US_TEC-PH-10004165,1649.94,0.0339108469208274,46.328879331394674,A
EU_TEC-CO-10000967,1649.67,0.03390529767135856,46.362784629066034,A
APAC_FUR-BO-10004161,1647.1602,0.033853714314629295,46.396638343380666,A
EU_TEC-MA-10000982,1645.56,0.03382082576277728,46.43045916914344,A
US_TEC-AC-10001432,1641.15,0.03373018802145284,46.46418935716489,A
US_OFF-AP-10000275,1640.7,0.0337209392723381,46.497910296437226,A
LATAM_TEC-CO-10001893,1636.1046,0.03362649104637838,46.5315367874836,A
EU_TEC-MA-10001142,1631.52,0.03353226479039742,46.565069052274,A
EU_FUR-TA-10003899,1629.9075,0.03349912343940294,46.5985681757134,A
EU_FUR-BO-10000786,1629.87,0.03349835271031004,46.632066528423714,A
EMEA_OFF-TEN-10000433,1625.76,0.03341388080172877,46.665480409225445,A
EU_TEC-AC-10001089,1625.4,0.03340648180243698,46.69888689102788,A
EU_TEC-MA-10000753,1623.5625,0.03336871607688512,46.73225560710477,A
APAC_TEC-CO-10001501,1622.5632,0.03334817768801766,46.76560378479279,A
EU_TEC-PH-10001396,1622.1825,0.03334035324626659,46.798944138039055,A
EU_FUR-TA-10004649,1622.01,0.03333680789243927,46.832280945931494,A
EU_TEC-PH-10004823,1621.953,0.033335636384218076,46.86561658231571,A
APAC_OFF-AP-10000675,1621.44,0.03332509281022727,46.89894167512594,A
US_OFF-AP-10002651,1621.368,0.03332361301036891,46.93226528813631,A
US_TEC-PH-10004667,1619.88,0.03329303047996285,46.96555831861627,A
EMEA_TEC-STA-10002497,1619.1,0.03327699931483063,46.998835317931096,A
EMEA_FUR-HAR-10001374,1617.924,0.03325282925047744,47.032088147181575,A
APAC_OFF-AP-10000004,1617.12,0.033236304818725776,47.065324452000304,A
LATAM_TEC-CO-10000388,1616.63404,0.03322631699179289,47.0985507689921,A
APAC_TEC-PH-10004675,1616.5827,0.033225261812282775,47.13177603080438,A
US_FUR-CH-10000155,1614.87,0.03319006107315208,47.16496609187753,A
LATAM_TEC-CO-10002271,1611.8838,0.033128686374026675,47.19809477825156,A
APAC_FUR-BO-10002510,1608.6293999999998,0.033061799420428875,47.23115657767199,A
APAC_TEC-MA-10001752,1607.76,0.03304393083713921,47.26420050850913,A
LATAM_TEC-CO-10003931,1607.5664,0.03303995181974229,47.29724046032887,A
US_FUR-CH-10001708,1607.172,0.03303184580496262,47.330272306133836,A
EU_OFF-AR-10004151,1605.78,0.03300323634103436,47.36327554247487,A
EU_OFF-ST-10000922,1599.696,0.032878193253003084,47.39615373572787,A
EU_TEC-MA-10002264,1599.66,0.03287745335307391,47.429031189080945,A
EU_TEC-MA-10002629,1599.156,0.0328670947540654,47.46189828383501,A
US_FUR-TA-10000617,1592.85,0.03273748894980419,47.49463577278482,A
LATAM_FUR-BO-10002084,1592.184,0.032723800801114374,47.52735957358593,A
EU_TEC-CO-10001678,1590.9,0.032697411036973656,47.5600569846229,A
EU_FUR-CH-10003249,1588.797,0.032654188549444116,47.59271117317235,A
APAC_TEC-PH-10002683,1584.387,0.03256355080811967,47.62527472398047,A
EU_TEC-CO-10000070,1582.02,0.03251490238777614,47.65778962636824,A
APAC_TEC-MA-10002874,1579.905,0.03247143326693687,47.690261059635176,A
APAC_FUR-BO-10003887,1579.0518000000002,0.03245389763861533,47.722714957273794,A
EMEA_FUR-SAU-10004053,1576.8,0.03240761689804517,47.75512257417184,A
Africa_OFF-ELD-10000845,1575.8400000000001,0.03238788623326706,47.78751046040511,A
US_FUR-FU-10001468,1573.0159999999998,0.03232984519437812,47.819840305599485,A
LATAM_TEC-PH-10001917,1572.84,0.03232622790583547,47.85216653350532,A
APAC_FUR-BO-10001860,1571.691,0.03230261276642917,47.88446914627175,A
Africa_TEC-HEW-10002302,1571.22,0.03229293240902241,47.91676207868077,A
EU_TEC-MA-10000559,1570.74,0.03228306707663336,47.9490451457574,A
US_TEC-PH-10003012,1570.698,0.03228220386004931,47.98132734961745,A
APAC_FUR-BO-10001471,1567.62,0.0322189424161045,48.01354629203355,A
EU_FUR-BO-10001324,1567.44,0.0322152429164586,48.04576153495001,A
Africa_TEC-OKI-10000372,1562.55,0.032114739842745106,48.07787627479276,A
EU_TEC-MA-10004655,1562.547,0.032114678184417676,48.10999095297718,A
EU_FUR-CH-10000857,1562.328,0.03211017712651517,48.14210113010369,A
APAC_TEC-CO-10003992,1561.68,0.03209685892778995,48.17419798903148,A
EU_OFF-AP-10000584,1560.24,0.03206726293062278,48.2062652519621,A
US_TEC-CO-10004202,1559.9479999999999,0.0320612615200861,48.238326513482185,A
LATAM_TEC-PH-10003932,1558.48,0.03203109004519624,48.27035760352738,A
LATAM_FUR-BO-10002981,1557.508,0.032011112747108404,48.302368716274486,A
Africa_FUR-SAU-10004137,1556.64,0.03199327293770487,48.33436198921219,A
EMEA_TEC-HEW-10003460,1554.48,0.031948878941954126,48.366310868154144,A
LATAM_TEC-AC-10001990,1551.2400000000002,0.03188228794832801,48.39819315610247,A
LATAM_FUR-CH-10003883,1550.4719999999998,0.03186650341650551,48.430059659518975,A
EU_TEC-AC-10001949,1549.98,0.03185639145080673,48.46191605096978,A
APAC_TEC-CO-10004535,1546.0632,0.031775890338512046,48.4936919413083,A
EU_TEC-PH-10003713,1544.0819999999999,0.03173517117907622,48.52542711248738,A
APAC_TEC-CO-10000129,1543.44,0.031721976297005856,48.557149088784385,A
Africa_OFF-HOO-10001783,1543.1999999999998,0.031717043630811334,48.5888661324152,A
US_TEC-PH-10003505,1540.48,0.03166114008060669,48.620527272495806,A
APAC_TEC-CO-10000172,1539.5616,0.031642264411302294,48.65216953690711,A
EU_TEC-AC-10000007,1539.3600000000001,0.031638120971698894,48.68380765787881,A
US_TEC-AC-10004975,1539.3,0.03163688780515026,48.71544454568396,A
APAC_OFF-AP-10003866,1538.721,0.03162498774795597,48.74706953343191,A
Africa_TEC-MEM-10002005,1537.3259999999998,0.03159631662570027,48.778665850057614,A
EU_FUR-CH-10001831,1537.32,0.03159619330904541,48.810262043366656,A
US_FUR-TA-10002855,1536.5700000000002,0.031580778727187515,48.841842822093845,A
US_TEC-PH-10004042,1526.304,0.0313697839307166,48.87321260602456,A
APAC_TEC-CO-10003951,1525.4994000000002,0.031353247167299446,48.90456585319186,A
LATAM_OFF-ST-10001010,1523.94,0.03132119716870051,48.93588705036056,A
LATAM_FUR-CH-10002033,1523.52,0.03131256500286008,48.96719961536342,A
LATAM_TEC-CO-10003048,1523.46696,0.03131147488363109,48.99851109024705,A
APAC_FUR-CH-10004082,1521.3600000000001,0.03126817100710934,49.029779261254156,A
LATAM_OFF-ST-10004532,1520.48,0.03125008456439607,49.061029345818554,A
EMEA_OFF-ROG-10001418,1518.75,0.031214528262243853,49.0922438740808,A
US_TEC-PH-10000526,1516.6419999999998,0.031171203010835244,49.123415077091636,A
LATAM_TEC-CO-10003002,1515.6825600000002,0.031151483855611603,49.154566560947245,A
EU_OFF-AP-10001776,1515.51,0.03114793726861773,49.185714498215866,A
APAC_FUR-CH-10001465,1515.399,0.031145655910502758,49.216860154126366,A
EU_TEC-CO-10001413,1513.56,0.031107859355787196,49.24796801348215,A
LATAM_TEC-AC-10001341,1512.72,0.03109059502410635,49.279058608506254,A
APAC_FUR-TA-10001276,1512.0,0.031075797025522767,49.31013440553178,A
Africa_TEC-CIS-10001938,1511.9279999999999,0.031074317225664404,49.34120872275744,A
LATAM_TEC-CO-10003346,1510.7724,0.03105056643793776,49.372259289195384,A
LATAM_OFF-AP-10003538,1510.72,0.031049489472485287,49.40330877866787,A
LATAM_FUR-TA-10003663,1509.076,0.031015700709052775,49.434324479376926,A
APAC_TEC-CO-10002678,1508.04,0.030994408033313065,49.46531888741024,A
LATAM_FUR-CH-10003109,1507.952,0.030992599389041735,49.496311486799286,A
EMEA_OFF-SME-10004370,1504.146,0.030914375524306856,49.52722586232359,A
APAC_TEC-CO-10003574,1504.0194,0.03091177354288924,49.55813763586648,A
EU_OFF-ST-10002566,1503.828,0.030907839741599108,49.58904547560808,A
EMEA_FUR-OFF-10002542,1503.744,0.030906113308431023,49.619951588916514,A
APAC_FUR-BO-10003913,1503.3,0.030896987875971147,49.650848576792484,A
US_OFF-AP-10003849,1502.844,0.030887615810201545,49.681736192602685,A
LATAM_TEC-CO-10001221,1502.8135200000002,0.030886989361594848,49.71262318196428,A
EU_FUR-BO-10000265,1501.794,0.03086603539560049,49.74348921735988,A
APAC_TEC-CO-10002108,1501.032,0.030850374180432863,49.77433959154031,A
EU_FUR-CH-10000745,1496.916,0.030765778955196717,49.80510537049551,A
US_TEC-PH-10002680,1495.932,0.030745555023799154,49.83585092551931,A
LATAM_OFF-AP-10001406,1495.92,0.03074530839048943,49.866596233909796,A
EU_FUR-CH-10004676,1495.584,0.030738402657817094,49.897334636567614,A
APAC_FUR-TA-10001549,1495.35,0.030733593308277424,49.92806822987589,A
EU_FUR-BO-10001831,1494.108,0.030708066760720746,49.958776296636614,A
EMEA_TEC-SAM-10001013,1493.1840000000002,0.030689075995871822,49.98946537263249,A
EU_TEC-CO-10003083,1490.7,0.03063802290075846,50.02010339553325,A
APAC_FUR-TA-10003596,1490.685,0.030637714609121302,50.05074111014237,A
LATAM_OFF-ST-10002510,1490.28,0.030629390734918036,50.081370500877284,A
APAC_TEC-CO-10001626,1490.0745,0.03062516713948897,50.111995668016775,A
APAC_TEC-MA-10001831,1489.965,0.030622916610537718,50.142618584627314,A
LATAM_TEC-CO-10000395,1489.54752,0.030614336237692337,50.173232920865004,A
APAC_TEC-AC-10000398,1488.8037,0.030599048671988944,50.20383196953699,A
Africa_TEC-BRO-10002103,1487.4,0.03057019874058371,50.234402168277576,A
APAC_TEC-CO-10000427,1485.8034,0.030537384178724616,50.2649395524563,A
EU_OFF-AR-10004519,1482.3,0.03046537958395,50.29540493204025,A
EMEA_TEC-EPS-10003962,1479.609,0.03041007206424386,50.32581500410449,A
EU_FUR-BO-10003697,1474.524,0.030305561199247308,50.35612056530374,A
US_TEC-PH-10003580,1472.744,0.030268977258304564,50.38638954256204,A
US_TEC-AC-10002402,1471.816,0.030249904282352393,50.41663944684439,A
LATAM_FUR-CH-10001270,1466.112,0.030132671249129127,50.44677211809352,A
LATAM_FUR-CH-10003354,1464.976,0.030109323295808364,50.47688144138933,A
EU_OFF-ST-10004060,1464.7559999999999,0.03010480168513004,50.50698624307446,A
EU_TEC-MA-10003607,1464.732,0.03010430841851059,50.537090551492966,A
APAC_TEC-CO-10002283,1461.3489,0.030034776322665983,50.56712532781563,A
APAC_TEC-CO-10003777,1461.2346,0.03003242714039084,50.59715775495602,A
EU_FUR-CH-10000399,1459.92,0.030005408461310317,50.627163163417336,A
APAC_FUR-BO-10001753,1458.6525,0.029979357817970467,50.65714252123531,A
APAC_TEC-PH-10003927,1457.3076,0.029951716389782886,50.68709423762509,A
APAC_FUR-FU-10002659,1456.5204,0.02993553724466484,50.71702977486976,A
EU_OFF-ST-10000486,1454.544,0.029894916738552907,50.746924691608314,A
LATAM_FUR-CH-10004054,1452.712,0.02985726405326801,50.77678195566158,A
US_TEC-PH-10000576,1452.094,0.0298445624378171,50.8066265180994,A
Africa_OFF-FEL-10004665,1451.3100000000002,0.02982844906158165,50.83645496716098,A
LATAM_FUR-BO-10002992,1449.6,0.029793303814945635,50.86624827097593,A
US_FUR-CH-10004495,1444.704,0.029692677424577277,50.89594094840051,A
APAC_OFF-ST-10003286,1443.2265000000002,0.029662310698317224,50.92560325909883,A
EU_FUR-BO-10004947,1443.1680000000001,0.029661108360932303,50.95526436745976,A
LATAM_OFF-AP-10004958,1442.9360000000001,0.029656340116944263,50.984920707576705,A
APAC_FUR-TA-10000962,1440.9252,0.02961501259534444,51.01453572017205,A
EU_FUR-BO-10001387,1436.202,0.029517937724636144,51.04405365789668,A
LATAM_FUR-CH-10004277,1434.4199999999998,0.02948131267814177,51.073534970574826,A
LATAM_TEC-CO-10002427,1429.88632,0.029388132969505088,51.102923103544335,A
EMEA_OFF-ROG-10002818,1429.6799999999998,0.029383892520799856,51.13230699606513,A
Africa_TEC-SHA-10001231,1429.44,0.029378959854605334,51.16168595591974,A
APAC_TEC-CO-10004897,1428.1109999999999,0.029351645215553133,51.19103760113529,A
APAC_TEC-PH-10003546,1427.9925,0.02934920971161959,51.22038681084691,A
APAC_OFF-AP-10001197,1425.375,0.029295412820935524,51.24968222366785,A
LATAM_TEC-CO-10002759,1424.2916,0.029273145943622396,51.27895536961147,A
EU_OFF-ST-10001554,1421.778,0.029221484486345047,51.30817685409781,A
LATAM_FUR-CH-10000953,1421.52,0.029216181870185928,51.33739303596799,A
LATAM_TEC-CO-10004398,1420.8861200000001,0.02920315387665515,51.36659618984465,A
APAC_OFF-AP-10001815,1419.363,0.029171849532762615,51.395768039377415,A
US_FUR-CH-10002602,1419.212,0.029168746063615223,51.424936785441034,A
EU_TEC-CO-10003516,1416.1455,0.02910572097659223,51.45404250641763,A
LATAM_OFF-ST-10002164,1414.0,0.02906162499609074,51.48310413141372,A
LATAM_FUR-CH-10001634,1410.624,0.028992238824954386,51.51209637023867,A
LATAM_FUR-TA-10001572,1410.4,0.028987635003172828,51.54108400524185,A
APAC_FUR-CH-10001664,1409.661,0.028972446501848846,51.570056451743696,A
Africa_OFF-ELD-10001694,1407.1200000000001,0.028920221898514287,51.59897667364221,A
APAC_OFF-ST-10000107,1406.79,0.028913439482496806,51.62789011312471,A
APAC_FUR-CH-10001752,1405.1712,0.02888016864901472,51.656770281773724,A
US_FUR-CH-10000665,1404.114,0.02885844025442783,51.68562872202815,A
EU_TEC-CO-10000500,1402.596,0.028827241140747438,51.714455963168895,A
LATAM_TEC-AC-10003159,1402.528,0.028825843551992324,51.74328180672089,A
LATAM_OFF-AP-10002317,1402.464,0.02882452817434045,51.77210633489523,A
APAC_FUR-TA-10003893,1402.29,0.02882095199134942,51.800927286886576,A
EMEA_FUR-OFF-10002330,1402.29,0.02882095199134942,51.829748238877926,A
LATAM_OFF-AP-10004646,1401.84,0.028811703242234678,51.85855994212016,A
EU_TEC-PH-10000641,1401.819,0.028811271633942655,51.8873712137541,A
EU_OFF-ST-10004267,1399.8870000000002,0.028771563671076715,51.91614277742518,A
US_TEC-AC-10004171,1399.86,0.02877100874612983,51.944913786171306,A
EU_OFF-AP-10000005,1396.44,0.02870071825285781,51.97361450442416,A
US_TEC-MA-10001972,1396.0,0.02869167503150118,52.002306179455665,A
APAC_TEC-CO-10001166,1395.4518,0.028680407999801844,52.030986587455466,A
US_OFF-SU-10000646,1394.146,0.028653570185148452,52.059640157640615,A
US_FUR-TA-10004086,1392.876,0.02862746815986908,52.08826762580048,A
APAC_FUR-CH-10000294,1391.52,0.02859959859587,52.11686722439635,A
US_TEC-MA-10002178,1391.4,0.02859713226277274,52.145464356659126,A
US_TEC-PH-10001835,1390.312,0.028574770842690875,52.174039127501814,A
APAC_OFF-ST-10003931,1388.94,0.02854657243427883,52.202585699936094,A
APAC_FUR-BO-10000243,1386.63,0.028499095522156508,52.23108479545825,A
US_TEC-PH-10002563,1385.8899999999999,0.02848388646805671,52.25956868192631,A
LATAM_TEC-CO-10003142,1385.57808,0.028477475646225887,52.28804615757254,A
LATAM_TEC-CO-10001087,1384.90464,0.028463634584884046,52.31650979215742,A
EU_FUR-CH-10004255,1384.29,0.02845100202675986,52.34496079418418,A
APAC_TEC-CO-10001787,1383.12,0.028426955279061538,52.37338774946324,A
US_FUR-CH-10000595,1382.72,0.02841873416873733,52.40180648363198,A
Africa_TEC-HEW-10001074,1381.848,0.028400812148230543,52.43020729578021,A
APAC_FUR-CH-10003616,1381.32,0.028389960282602586,52.45859725606281,A
EU_FUR-BO-10003779,1380.882,0.02838095816679757,52.48697821422961,A
APAC_TEC-PH-10001730,1380.6552,0.028376296797243742,52.51535451102685,A
LATAM_FUR-BO-10004452,1380.1,0.028364885896113735,52.54371939692297,A
APAC_TEC-PH-10001585,1379.565,0.028353890161055103,52.572073287084024,A
APAC_OFF-ST-10002834,1379.016,0.028342606687135122,52.60041589377116,A
LATAM_FUR-FU-10000065,1377.288,0.028307091490534522,52.62872298526169,A
EMEA_FUR-SAF-10004530,1377.18,0.02830487179074699,52.657027857052434,A
EU_OFF-AR-10001291,1372.17,0.028201902383936227,52.68522975943637,A
US_FUR-FU-10004665,1369.8,0.028153192305265265,52.713382951741636,A
LATAM_TEC-CO-10003541,1369.78644,0.02815291360962528,52.74153586535126,A
EU_FUR-BO-10004926,1367.604,0.028108058409585347,52.769643923760846,A
LATAM_FUR-BO-10003320,1367.4,0.028103865643319997,52.79774778940416,A
US_TEC-PH-10002033,1367.136,0.02809843971050601,52.82584622911467,A
LATAM_TEC-PH-10003870,1366.8000000000002,0.028091533977833677,52.8539377630925,A
APAC_TEC-CO-10003702,1365.0726,0.028056031112898564,52.8819937942054,A
LATAM_TEC-AC-10001410,1363.6,0.028025765095239973,52.910019559300636,A
LATAM_TEC-PH-10000808,1363.2,0.028017543984915766,52.93803710328555,A
US_TEC-MA-10003230,1362.9,0.02801137815217261,52.966048481437724,A
APAC_OFF-ST-10002650,1362.24,0.027997813320137652,52.994046294757865,A
APAC_FUR-BO-10003661,1362.06,0.02799411382049176,53.022040408578356,A
EU_FUR-BO-10004914,1362.015,0.027993188945580286,53.050033597523935,A
EU_TEC-MA-10001881,1361.328,0.02797906918859845,53.07801266671253,A
US_TEC-PH-10002483,1359.96,0.027950952991289645,53.10596361970382,A
US_TEC-PH-10002447,1359.534,0.027942197508794363,53.133905817212614,A
US_FUR-TA-10002530,1358.82,0.027927522826865635,53.16183334003948,A
APAC_FUR-BO-10000208,1358.6100000000001,0.027923206743945432,53.18975654678342,A
LATAM_FUR-BO-10002383,1358.4479999999999,0.027919877194264118,53.217676423977686,A
EU_TEC-PH-10000705,1354.758,0.027844037451523265,53.24552046142921,A
LATAM_TEC-AC-10002712,1354.5,0.027838734835364146,53.27335919626457,A
LATAM_OFF-ST-10001346,1352.48,0.027797218228226873,53.3011564144928,A
EU_OFF-ST-10002706,1350.162,0.027749576893898065,53.3289059913867,A
EU_TEC-CO-10001839,1350.09,0.027748097094039702,53.35665408848074,A
US_TEC-MA-10003356,1349.85,0.027743164427845173,53.384397252908585,A
APAC_OFF-ST-10003953,1348.2,0.027709252347757802,53.41210650525634,A
EU_TEC-PH-10001708,1347.318,0.027691124799492914,53.439797630055835,A
LATAM_TEC-PH-10001063,1344.924,0.027641921454202502,53.46743955151004,A
EU_TEC-CO-10000620,1343.4975,0.027612602919508778,53.49505215442955,A
EU_TEC-PH-10003995,1342.9814999999999,0.027601997687190544,53.52265415211674,A
Africa_TEC-KON-10004774,1340.9550000000002,0.027560347487010507,53.550214499603754,A
EU_OFF-AP-10001510,1340.208,0.027544994563480037,53.57775949416723,A
US_FUR-CH-10003774,1337.406,0.02748740568565893,53.605246899852894,A
APAC_TEC-AC-10002884,1337.031,0.027479698394729978,53.63272659824762,A
EU_TEC-CO-10000082,1336.86,0.027476183870066378,53.660202782117686,A
LATAM_FUR-BO-10001946,1329.12,0.02731710538529287,53.68751988750298,A
LATAM_FUR-BO-10003543,1328.4,0.02730230738670929,53.71482219488969,A
LATAM_OFF-AP-10004191,1324.88,0.02722996161585622,53.74205215650555,A
APAC_FUR-CH-10001871,1321.848,0.02716764559959869,53.76921980210515,A
LATAM_TEC-AC-10002760,1321.056,0.027151367801156748,53.79637116990631,A
US_TEC-PH-10003601,1319.92,0.02712801984783599,53.823499189754145,A
LATAM_FUR-BO-10003438,1316.48,0.027057318299047763,53.850556508053195,A
LATAM_FUR-BO-10002352,1314.304,0.027012595458884046,53.87756910351208,A
EU_FUR-BO-10000155,1312.524,0.026976011517941295,53.90454511503002,A
APAC_FUR-FU-10004780,1312.392,0.02697329855153431,53.93151841358155,A
LATAM_FUR-BO-10003159,1311.3600000000001,0.026952088086897842,53.95847050166845,A
US_OFF-ST-10000991,1310.6580000000001,0.02693766003827885,53.98540816170673,A
LATAM_TEC-CO-10004589,1303.43312,0.02678916869938086,54.01219733040611,A
US_OFF-AP-10004487,1301.1200000000001,0.026741627662598008,54.038938958068705,A
EMEA_OFF-HAM-10000312,1300.338,0.026725555391914166,54.06566451346062,A
APAC_TEC-PH-10004959,1300.275,0.02672426056703811,54.092388774027654,A
US_TEC-MA-10002073,1299.99,0.026718403025932105,54.119107177053586,A
LATAM_TEC-CO-10003212,1297.08064,0.026658607602099975,54.14576578465569,A
LATAM_TEC-PH-10001264,1296.384,0.026644289716359328,54.172410074372046,A
EU_OFF-AP-10001266,1295.892,0.02663417775066055,54.199044252122704,A
EU_FUR-BO-10003007,1293.624,0.026587564055122262,54.225631816177824,A
APAC_TEC-CO-10000560,1292.544,0.026565367057246894,54.25219718323507,A
APAC_FUR-CH-10002060,1291.56,0.026545143125849328,54.27874232636092,A
EMEA_TEC-MOT-10002272,1291.08,0.02653527779346027,54.305277604154384,A
APAC_FUR-BO-10002031,1290.153,0.026516225370283912,54.33179382952467,A
Canada_FUR-HON-10001558,1289.76,0.026508148129390372,54.35830197765406,A
LATAM_FUR-CH-10001492,1289.232,0.02649729626376241,54.38479927391782,A
APAC_TEC-CO-10002380,1288.872,0.02648989726447062,54.41128917118229,A
EU_OFF-AR-10004492,1288.8,0.02648841746461226,54.4377775886469,A
APAC_FUR-CH-10000258,1288.5255,0.026482775727652272,54.46426036437455,A
APAC_FUR-CH-10001262,1288.44,0.02648101846532047,54.49074138283987,A
APAC_OFF-AP-10002629,1287.432,0.02646030126730346,54.51720168410718,A
US_TEC-PH-10002922,1284.324,0.02639642324008433,54.543598107347265,A
APAC_TEC-CO-10004263,1284.0030000000002,0.02638982579904915,54.569987933146315,A
EU_TEC-CO-10003523,1281.834,0.026345246828316106,54.59633317997463,A
EU_TEC-AC-10000089,1281.75,0.026343520395148017,54.62267670036977,A
US_OFF-AP-10002518,1281.4560000000001,0.026337477879059726,54.649014178248834,A
LATAM_FUR-CH-10000430,1280.16,0.026310841481609278,54.675325019730444,A
LATAM_FUR-TA-10002611,1280.08,0.02630919725954443,54.70163421698999,A
LATAM_FUR-FU-10000743,1278.886,0.026284657245226658,54.727918874235215,A
APAC_TEC-PH-10001884,1278.585,0.026278470859707692,54.75419734509492,A
EU_TEC-PH-10001573,1277.82,0.026262747986212632,54.78046009308114,A
EMEA_TEC-SHA-10000971,1277.4869999999999,0.026255903911867724,54.806715996993006,A
APAC_TEC-PH-10001360,1275.0,0.026204789158426937,54.83292078615143,A
LATAM_TEC-MA-10000124,1272.92,0.026162039384741032,54.85908282553618,A
APAC_TEC-CO-10002040,1272.72,0.026157928829578927,54.88524075436575,A
EMEA_TEC-APP-10004657,1272.6,0.02615546249648166,54.91139621686224,A
Africa_TEC-NOK-10004339,1272.3,0.026149296663738504,54.937545513525976,A
LATAM_FUR-CH-10003706,1270.812,0.02611871413333243,54.96366422765931,A
EU_FUR-CH-10002782,1268.784,0.026077033103988675,54.989741260763296,A
US_FUR-CH-10002758,1268.696,0.026075224459717345,55.01581648522301,A
LATAM_FUR-TA-10004810,1267.76,0.026055987061558695,55.041872472284574,A
EU_FUR-FU-10004527,1267.452,0.02604965680660905,55.06792212909118,A
APAC_TEC-CO-10003019,1266.96,0.026039544840910266,55.09396167393209,A
Africa_TEC-BRO-10004802,1266.96,0.026039544840910266,55.120001218773005,A
APAC_TEC-CO-10003342,1266.36,0.02602721317542395,55.14602843194843,A
LATAM_FUR-CH-10003982,1266.096,0.02602178724260997,55.17205021919104,A
APAC_TEC-CO-10003410,1265.85,0.02601673125976058,55.1980669504508,A
APAC_TEC-CO-10002658,1263.78,0.025974187013832778,55.22404113746463,A
APAC_FUR-FU-10001351,1262.7,0.025951990015957403,55.249993127480586,A
LATAM_TEC-CO-10004998,1262.68956,0.025951775444977947,55.275944902925566,A
US_TEC-PH-10000560,1259.964,0.025895757621339794,55.30184066054691,A
US_FUR-CH-10003981,1259.202,0.025880096406172167,55.32772075695308,A
EU_TEC-PH-10002597,1257.18,0.02583853869348328,55.35355929564656,A
EU_TEC-MA-10003078,1252.944,0.025751477135149865,55.379310772781714,A
APAC_FUR-CH-10003597,1251.936,0.025730759937132846,55.40504153271885,A
US_TEC-PH-10004434,1250.74,0.025706178817263458,55.430747711536114,A
LATAM_FUR-CH-10000836,1249.8200000000002,0.025687270263517768,55.45643498179963,A
Africa_TEC-PAN-10002884,1248.36,0.02565726321083439,55.48209224501046,A
APAC_FUR-CH-10001756,1247.5875,0.02564138619152076,55.50773363120199,A
US_TEC-PH-10004345,1247.48,0.025639176768121125,55.53337280797011,A
LATAM_FUR-CH-10000996,1247.344,0.025636381590610897,55.55900918956072,A
LATAM_TEC-PH-10004328,1245.288,0.02559412508354444,55.58460331464426,A
LATAM_OFF-ST-10004646,1243.98,0.025567242052784267,55.61017055669705,A
EU_OFF-ST-10000632,1243.2,0.025551210887652054,55.6357217675847,A
LATAM_OFF-AP-10000873,1243.044,0.02554800465462561,55.66126977223932,A
APAC_FUR-TA-10003179,1242.585,0.025538570930528578,55.68680834316985,A
APAC_TEC-AC-10004591,1240.56,0.02549695155951225,55.71230529472936,A
EU_OFF-AR-10001461,1239.984,0.025485113160645383,55.73779040789001,A
Africa_FUR-DAN-10002028,1239.84,0.025482153560928665,55.76327256145094,A
EU_OFF-SU-10000906,1238.64,0.025457490229956036,55.78873005168089,A
APAC_TEC-MA-10004666,1236.96,0.025422961566594342,55.81415301324749,A
EU_TEC-AC-10001100,1236.6,0.025415562567302548,55.839568575814795,A
EU_FUR-CH-10003746,1236.465,0.025412787942568123,55.864981363757366,A
LATAM_TEC-MA-10001290,1236.2,0.025407341456978334,55.89038870521434,A
LATAM_FUR-BO-10003221,1236.104,0.02540536839050053,55.91579407360484,A
APAC_OFF-ST-10000622,1236.096,0.025405203968294043,55.94119927757314,A
Africa_OFF-FEL-10001776,1236.06,0.025404464068364857,55.96660374164151,A
EMEA_FUR-IKE-10002894,1235.5259999999998,0.025393488886082033,55.99199723052759,A
APAC_TEC-CO-10000660,1235.1105,0.025384949207732762,56.01738217973532,A
EU_FUR-CH-10000685,1234.278,0.025367839021870498,56.04275001875719,A
EU_FUR-BO-10004834,1233.792,0.025357850372826576,56.06810786913002,A
APAC_TEC-CO-10003250,1232.8845000000001,0.02533919872877852,56.0934470678588,A
APAC_FUR-TA-10002699,1232.352,0.025328254375659415,56.118775322234455,A
Africa_OFF-HOO-10004243,1232.28,0.025326774575801052,56.14410209681026,A
US_OFF-ST-10004340,1231.164,0.025303837677996502,56.16940593448825,A
APAC_FUR-BO-10004043,1230.66,0.025293479078987997,56.19469941356724,A
US_OFF-AR-10000380,1230.552,0.025291259379200456,56.219990672946444,A
APAC_FUR-FU-10003217,1229.5448999999999,0.025270560678681667,56.24526123362513,A
LATAM_TEC-PH-10001587,1227.9080000000001,0.025236917839957414,56.270498151465084,A
EMEA_TEC-HP -10003894,1224.714,0.025171272274018577,56.2956694237391,A
LATAM_TEC-PH-10003102,1223.42,0.02514467698211975,56.32081410072122,A
LATAM_FUR-CH-10001455,1223.248,0.02514114190468034,56.345955242625905,A
US_OFF-ST-10004186,1220.78,0.025090417653979947,56.37104566027988,A
US_OFF-ST-10001128,1220.78,0.025090417653979947,56.39613607793386,A
APAC_TEC-CO-10004998,1220.31,0.025080757849349,56.42121683578321,A
APAC_TEC-AC-10003413,1219.2179999999998,0.0250583142181639,56.44627515000138,A
EMEA_FUR-SAF-10002940,1215.84,0.024988886941475923,56.471264036942856,A
APAC_TEC-CO-10000786,1215.3539999999998,0.024978898292432005,56.49624293523529,A
EU_FUR-CH-10004606,1214.766,0.02496681326025542,56.521209748495544,A
APAC_FUR-TA-10001433,1213.065,0.024931852988601705,56.546141601484145,A
US_TEC-PH-10002275,1209.536,0.024859322242766338,56.57100092372691,A
EU_FUR-CH-10004592,1209.1170000000002,0.024850710629701733,56.59585163435661,A
Africa_TEC-PAN-10000979,1209.0,0.024848305954931895,56.620699940311546,A
LATAM_FUR-BO-10002325,1208.944,0.024847154999486504,56.64554709531103,A
EU_OFF-ST-10001478,1207.44,0.02481624362466747,56.6703633389357,A
EU_TEC-PH-10001963,1207.068,0.02480859799206595,56.695171936927764,A
EU_OFF-AP-10004183,1206.84,0.024803911959181146,56.719975848886946,A
US_OFF-ST-10001370,1206.6599999999999,0.024800212459535252,56.744776061346485,A
LATAM_TEC-AC-10004853,1202.624,0.02471726145636395,56.76949332280285,A
EU_FUR-TA-10001726,1200.888,0.024681581837556865,56.79417490464041,A
EMEA_OFF-FEL-10001865,1200.144,0.024666290572353835,56.81884119521276,A
US_TEC-PH-10001494,1199.8,0.02465922041747501,56.84350041563024,A
Africa_FUR-SAF-10002180,1199.718,0.02465753508985855,56.8681579507201,A
APAC_FUR-CH-10003846,1198.092,0.024624116276390627,56.89278206699649,A
EMEA_FUR-SAF-10000678,1195.56,0.024572076648038357,56.91735414364453,A
Africa_OFF-HAM-10004674,1194.798,0.024556415432870734,56.9419105590774,A
EU_TEC-AC-10003327,1194.42,0.024548646483614354,56.966459205561016,A
APAC_TEC-CO-10003017,1194.336,0.02454692005044627,56.99100612561146,A
EU_FUR-FU-10002919,1193.61,0.02453199873520782,57.01553812434667,A
US_OFF-BI-10002026,1193.318,0.02452599732467115,57.04006412167134,A
EMEA_OFF-SME-10002740,1190.6999999999998,0.024472190157599175,57.06453631182894,A
US_FUR-CH-10001270,1190.25,0.02446294140848444,57.088999253237425,A
US_TEC-MA-10000864,1188.0,0.024416697662910748,57.11341595090033,A
US_TEC-AC-10003033,1187.82,0.024412998163264848,57.137828949063596,A
LATAM_TEC-CO-10002063,1185.98328,0.02437524846887813,57.162204197532475,A
LATAM_TEC-CO-10003135,1185.00408,0.02435512319080446,57.186559320723276,A
APAC_OFF-ST-10003150,1184.94,0.024353806168930524,57.21091312689221,A
EU_TEC-AC-10004880,1183.2,0.024318044339020198,57.23523117123123,A
APAC_FUR-TA-10000649,1181.016,0.02427315707665,57.25950432830788,A
LATAM_TEC-CO-10004128,1180.7316,0.024267311867209485,57.28377164017509,A
US_OFF-BI-10003718,1180.704,0.02426674461059711,57.30803838478569,A
APAC_FUR-TA-10000222,1180.095,0.024254227970128498,57.332292612755815,A
LATAM_TEC-AC-10000335,1179.8,0.024248164901264392,57.35654077765708,A
EU_FUR-FU-10000368,1177.77,0.024206442766369015,57.38074722042345,A
LATAM_FUR-BO-10004075,1177.2,0.02419472768415701,57.404941948107606,A
LATAM_FUR-TA-10001622,1176.0,0.024170064353184376,57.42911201246079,A
APAC_OFF-ST-10003141,1175.9184,0.024168387246678236,57.45328039970747,A
APAC_TEC-CO-10003901,1175.5854,0.02416154317233333,57.4774419428798,A
Africa_FUR-SAU-10000893,1174.56,0.024140468356017207,57.501582411235816,A
US_TEC-AC-10000892,1170.0,0.02404674769832119,57.52562915893414,A
EMEA_FUR-HAR-10000100,1168.7040000000002,0.024020111300870745,57.54964927023501,A
EMEA_TEC-NOK-10002555,1167.81,0.024001737119296124,57.57365100735431,A
LATAM_FUR-BO-10001596,1167.744,0.02400038063609263,57.5976513879904,A
LATAM_FUR-BO-10002679,1167.6,0.023997421036375914,57.62164880902678,A
EU_OFF-ST-10003266,1166.391,0.023972572730420985,57.6456213817572,A
APAC_FUR-TA-10002833,1164.0369,0.02392418944088541,57.669545571198086,A
APAC_OFF-ST-10001638,1163.0304,0.023903503072032112,57.69344907427012,A
EU_FUR-BO-10001553,1162.89,0.023900617462308316,57.71734969173243,A
EU_OFF-ST-10002354,1162.182,0.023886066097034458,57.741235757829465,A
APAC_TEC-CO-10000666,1161.1971,0.02386582366813867,57.7651015814976,A
APAC_FUR-BO-10001155,1158.4755,0.023809887233492727,57.788911468731094,A
EU_OFF-ST-10001222,1157.955,0.02379918951368334,57.812710658244775,A
LATAM_FUR-CH-10001675,1155.52,0.0237491435045847,57.83645980174936,A
APAC_TEC-PH-10003823,1153.2885,0.023703279985363503,57.860163081734726,A
APAC_OFF-BI-10000389,1152.9408,0.023696133785214183,57.88385921551994,A
APAC_OFF-ST-10004768,1152.6459,0.023690072771627654,57.90754928829157,A
APAC_FUR-TA-10001359,1152.5934,0.0236889937508976,57.931238282042465,A
LATAM_FUR-FU-10002696,1147.904,0.023592613564011697,57.95483089560648,A
APAC_TEC-CO-10003917,1147.3245,0.023580703230429493,57.97841159883691,A
LATAM_FUR-BO-10001646,1146.864,0.023571238677168746,58.00198283751408,A
APAC_FUR-CH-10004339,1146.7998,0.02356991918896171,58.02555275670304,A
APAC_TEC-AC-10003217,1146.279,0.023559215303319583,58.049111972006365,A
Africa_TEC-KON-10002194,1144.875,0.0235303592060816,58.07264233121245,A
APAC_TEC-AC-10002850,1143.9,0.023510320249666334,58.09615265146211,A
LATAM_FUR-TA-10002519,1143.44,0.023500865972793487,58.119653517434905,A
APAC_FUR-CH-10002224,1142.682,0.023485286968729105,58.143138804403634,A
EMEA_FUR-HAR-10002873,1142.64,0.023484423752145066,58.16662322815578,A
EMEA_TEC-EPS-10000053,1141.8,0.023467159420464217,58.19009038757624,A
EU_OFF-ST-10004367,1141.08,0.023452361421880633,58.21354274899812,A
EMEA_OFF-KIT-10003611,1140.3,0.02343633025674842,58.23697907925487,A
APAC_FUR-FU-10001477,1136.7,0.02336234026383051,58.2603414195187,A
EMEA_FUR-HAR-10004593,1136.664,0.02336160036390133,58.2837030198826,A
APAC_TEC-AC-10001995,1136.1627,0.023351297257387514,58.307054317139986,A
APAC_TEC-CO-10003982,1135.755,0.023342917890689558,58.330397235030674,A
LATAM_FUR-BO-10001483,1135.74,0.023342609599052398,58.35373984462973,A
APAC_OFF-ST-10003020,1135.6965,0.02334171555330464,58.377081560183036,A
EMEA_TEC-BRO-10001568,1135.35,0.02333459401648629,58.400416154199526,A
APAC_TEC-AC-10001348,1135.1988000000001,0.023331486436783743,58.42374764063631,A
EU_FUR-BO-10003559,1134.984,0.023327071700539638,58.44707471233685,A
EU_OFF-AR-10000110,1134.84,0.02332411210082292,58.47039882443767,A
EU_OFF-AR-10002454,1134.432,0.023315726568292224,58.493714551005965,A
US_FUR-BO-10001798,1132.9769999999999,0.0232858222794879,58.517000373285455,A
US_TEC-PH-10002624,1127.976,0.02318303784765944,58.540183411133114,A
EMEA_TEC-SAN-10004424,1127.94,0.02318229794773026,58.56336570908084,A
EMEA_TEC-CAN-10001378,1127.52,0.023173665781889837,58.58653937486273,A
EU_TEC-PH-10002076,1126.404,0.02315072888408528,58.609690103746814,A
EU_OFF-BI-10004801,1125.426,0.023130628269342583,58.63282073201616,A
EMEA_TEC-SAN-10004027,1124.1,0.023103375288617816,58.65592410730478,A
US_TEC-PH-10004094,1123.1280000000002,0.023083397990529986,58.67900750529531,A
Africa_OFF-BRE-10001107,1123.08,0.023082411457291077,58.7020899167526,A
APAC_FUR-BO-10004699,1122.966,0.023080068440848676,58.725169985193446,A
EMEA_OFF-HAM-10001302,1122.6,0.023072546124902022,58.74824253131835,A
US_FUR-CH-10000785,1122.076,0.023061776470377306,58.771304307788725,A
APAC_TEC-PH-10003481,1121.7045,0.023054141114163696,58.79435844890289,A
US_TEC-AC-10003911,1119.93,0.023017670213487905,58.81737611911638,A
EU_OFF-ST-10002175,1119.7440000000001,0.02301384739718715,58.84038996651357,A
US_FUR-FU-10000308,1119.24,0.023003488798178637,58.86339345531175,A
APAC_OFF-SU-10001407,1118.6424,0.022991206459354267,58.8863846617711,A
EU_FUR-TA-10002467,1117.701,0.02297185807620623,58.90935651984731,A
APAC_FUR-TA-10002797,1116.9101999999998,0.02295560494109526,58.9323121247884,A
Africa_OFF-CUI-10000140,1116.84,0.02295416213623336,58.95526628692463,A
APAC_TEC-CO-10003682,1116.45,0.02294614655366726,58.9782124334783,A
LATAM_FUR-BO-10004340,1116.364,0.02294437901494755,59.00115681249324,A
EU_OFF-ST-10000095,1116.099,0.022938932529357758,59.0240957450226,A
EU_TEC-CO-10001192,1115.37,0.02292394955579188,59.04701969457839,A
EU_FUR-TA-10004054,1114.854,0.02291334432347365,59.06993303890186,A
EU_FUR-BO-10003991,1114.236,0.022900642708022743,59.09283368160988,A
LATAM_FUR-CH-10001784,1114.1599999999999,0.02289908069706114,59.11573276230694,A
US_OFF-ST-10001809,1113.892,0.02289357255314392,59.138626334860085,A
APAC_TEC-MA-10002910,1113.264,0.022880665409934903,59.16150700027002,A
EU_TEC-CO-10001567,1113.2025,0.02287940141422256,59.18438640168424,A
US_OFF-AR-10002671,1113.024,0.022875732743740378,59.207262134427985,A
US_OFF-ST-10002292,1112.94,0.022874006310572292,59.23013614073856,A
Africa_OFF-SME-10002740,1111.32,0.022840710813759234,59.25297685155232,A
APAC_TEC-PH-10004680,1109.16,0.022796316818008488,59.27577316837033,A
LATAM_TEC-CO-10002657,1108.35416,0.02277975456914933,59.29855292293948,A
APAC_OFF-SU-10004306,1106.493,0.0227415025649218,59.3212944255044,A
EMEA_OFF-TEN-10002835,1105.002,0.022710858376188296,59.344005283880584,A
US_OFF-ST-10000060,1104.66,0.0227038293268611,59.36670911320744,A
EMEA_FUR-NOV-10004602,1104.48,0.022700129827215202,59.389409243034656,A
EU_FUR-BO-10004080,1103.22,0.022674233329693934,59.41208347636435,A
EU_OFF-ST-10004020,1102.5720000000001,0.022660915130968712,59.43474439149532,A
EMEA_OFF-TEN-10000025,1102.41,0.022657585581287405,59.45740197707661,A
APAC_FUR-BO-10001342,1102.008,0.022649323365411568,59.48005130044202,A
EU_TEC-AC-10001187,1101.87,0.022646487082349714,59.50269778752437,A
LATAM_TEC-CO-10000043,1101.72368,0.02264347980019312,59.52534126732456,A
EU_FUR-CH-10002378,1101.6779999999999,0.02264254094939409,59.547983808273955,A
US_OFF-AP-10003057,1101.48,0.02263847149978361,59.57062227977374,A
EU_OFF-BI-10003616,1101.24,0.02263353883358908,59.593255818607325,A
EMEA_FUR-RUB-10003724,1099.5,0.022597777003678758,59.61585359561101,A
EU_TEC-PH-10004614,1099.1925,0.022591457025117022,59.63844505263612,A
APAC_FUR-CH-10004913,1099.098,0.02258951478780292,59.661034567423926,A
EU_FUR-BO-10000728,1098.63,0.0225798960887236,59.68361446351265,A
APAC_TEC-MA-10004997,1098.48,0.022576813172352016,59.706191276685,A
US_FUR-BO-10003159,1098.059,0.022568160453735782,59.728759437138734,A
EU_OFF-ST-10004597,1097.2259999999999,0.022551039991485607,59.75131047713022,A
EU_OFF-AR-10002037,1096.56,0.022537351842795796,59.77384782897301,A
EU_FUR-TA-10004634,1095.8025,0.02252178311511932,59.79636961208813,A
APAC_FUR-BO-10003408,1095.468,0.0225149082116107,59.81888452029974,A
APAC_FUR-BO-10004911,1095.0576,0.02250647335241806,59.841390993652155,A
EMEA_FUR-HAR-10004129,1094.22,0.022489258347399156,59.863880251999554,A
EMEA_TEC-APP-10003588,1093.2,0.022468294516072417,59.88634854651563,A
EU_TEC-PH-10002079,1092.438,0.022452633300904794,59.908801179816535,A
APAC_FUR-BO-10000668,1091.8899000000001,0.022441368324483037,59.93124254814102,A
EMEA_TEC-APP-10001965,1091.748,0.022438451885595526,59.95368100002662,A
EU_OFF-AR-10001068,1091.139,0.02242593524512691,59.976106935271744,A
APAC_OFF-SU-10001346,1089.8955,0.022400377868406516,59.99850731314015,A
APAC_TEC-PH-10001002,1089.726,0.02239689417290663,60.02090420731306,A
LATAM_FUR-BO-10003768,1088.976,0.022381479591048734,60.043285686904106,A
LATAM_TEC-AC-10000957,1088.936,0.022380657480016306,60.06566634438412,A
EU_FUR-FU-10001438,1088.505,0.02237179923364197,60.08803814361776,A
APAC_TEC-MA-10003330,1088.1,0.022363475359438705,60.1104016189772,A
US_FUR-CH-10003199,1087.604,0.022353281182636683,60.13275490015984,A
APAC_FUR-BO-10000087,1086.9263999999998,0.022339354621747465,60.15509425478159,A
APAC_TEC-MA-10002340,1085.94,0.02231908136368796,60.17741333614528,A
US_OFF-ST-10002554,1085.802,0.0223162450806261,60.1997295812259,A
EU_TEC-CO-10002423,1085.238,0.022304653315068968,60.22203423454097,A
Canada_OFF-HAM-10004917,1084.68,0.02229318486616669,60.244327419407135,A
Africa_OFF-HAM-10003663,1083.54,0.022269754701742684,60.26659717410888,A
US_FUR-CH-10000422,1082.781,0.02225415514490249,60.28885132925378,A
APAC_FUR-CH-10001313,1082.64,0.02225125720351321,60.311102586457295,A
EU_OFF-BI-10002570,1080.936,0.022216235273532062,60.33331882173083,A
US_TEC-CO-10001766,1079.976,0.022196504608753952,60.35551532633958,A
US_TEC-AC-10001908,1079.892,0.022194778175585867,60.37771010451517,A
EU_FUR-CH-10004095,1077.3,0.022141505380684972,60.399851609895855,A
APAC_FUR-BO-10004399,1077.1488,0.02213839780098242,60.421990007696834,A
APAC_TEC-AC-10004813,1075.536,0.022105250284155196,60.44409525798099,A
LATAM_TEC-AC-10000501,1073.964,0.02207294132058104,60.46616819930157,A
APAC_OFF-AP-10001621,1073.652,0.022066528854528155,60.4882347281561,A
APAC_FUR-CH-10003581,1073.1156,0.022055504345583385,60.51029023250168,A
EMEA_TEC-KON-10000837,1071.84,0.02202928722475947,60.53231951972644,A
APAC_TEC-PH-10001921,1071.525,0.02202281310037916,60.55434233282682,A
APAC_FUR-BO-10003046,1071.0063,0.022012152375566234,60.57635448520239,A
US_TEC-PH-10001079,1070.91,0.02201017314325568,60.598364658345645,A
APAC_TEC-PH-10002154,1069.5816,0.02198287083586897,60.620347529181515,A
EMEA_FUR-RUB-10003004,1069.2,0.021975027896619672,60.64232255707814,A
US_FUR-BO-10003966,1068.625,0.021963210050528616,60.66428576712867,A
US_OFF-ST-10002743,1068.216,0.021954803965222106,60.68624057109389,A
APAC_FUR-BO-10000699,1066.752,0.02192471470143549,60.708165285795324,A
EMEA_TEC-PAN-10003688,1065.96,0.02190843690299355,60.730073722698314,A
APAC_TEC-MA-10000334,1065.96,0.02190843690299355,60.751982159601305,A
APAC_TEC-PH-10003488,1065.402,0.021896968454091278,60.7738791280554,A
LATAM_TEC-MA-10002614,1065.22,0.02189322784889376,60.79577235590429,A
APAC_OFF-ST-10001186,1064.8008,0.021884612125273983,60.81765696802957,A
APAC_FUR-TA-10002860,1064.64,0.021881307238923654,60.83953827526849,A
APAC_TEC-MA-10000768,1064.0352,0.02186887692011344,60.861407152188605,A
EU_FUR-CH-10003114,1062.708,0.021841599276057704,60.88324875146466,A
EU_FUR-TA-10003591,1062.36,0.021834446910075637,60.90508319837474,A
EMEA_TEC-SAM-10001017,1059.156,0.021768595816378696,60.926851794191116,A
EU_OFF-ST-10002539,1059.021,0.021765821191644275,60.94861761538276,A
US_TEC-PH-10001619,1058.346,0.02175194806797217,60.97036956345073,A
LATAM_TEC-CO-10000917,1058.31912,0.021751395609358383,60.99212095906009,A
LATAM_FUR-BO-10003287,1057.94,0.021743603640993096,61.01386456270108,A
APAC_OFF-AP-10002306,1057.38,0.0217320940865392,61.03559665678762,A
EU_OFF-AP-10001635,1057.38,0.0217320940865392,61.057328750874156,A
EMEA_TEC-MOT-10001196,1057.32,0.02173086091999056,61.07905961179414,A
APAC_TEC-PH-10002991,1056.1086,0.021705963287373686,61.10076557508152,A
APAC_FUR-CH-10004863,1055.9538,0.021702781717678216,61.122468356799196,A
Africa_OFF-KIT-10001213,1054.74,0.021677834758399395,61.144146191557596,A
EU_OFF-AP-10003618,1054.02,0.02166303675981581,61.165809228317414,A
Africa_TEC-BRO-10003986,1053.609,0.02165458956895768,61.187463817886375,A
LATAM_TEC-CO-10004690,1052.6812,0.021635520703560673,61.20909933858994,A
EU_FUR-BO-10001943,1052.433,0.0216304195046045,61.23072975809454,A
EMEA_TEC-LOG-10002018,1052.376,0.0216292479963833,61.25235900609092,A
EMEA_OFF-HOO-10000445,1051.38,0.021608777431676014,61.27396778352259,A
APAC_TEC-MA-10001311,1050.48,0.021590279933446532,61.29555806345604,A
US_OFF-ST-10000025,1049.73,0.021574865351588635,61.31713292880763,A
US_TEC-AC-10000990,1049.44,0.02156890504660358,61.33870183385424,A
Africa_OFF-HOO-10004910,1048.8,0.021555751270084838,61.36025758512432,A
APAC_TEC-MA-10002520,1047.5418,0.021529891767560032,61.38178747689188,A
LATAM_FUR-TA-10003522,1047.204,0.021522949039891232,61.40331042593177,A
EU_TEC-AC-10002738,1046.79,0.021514440190705673,61.42482486612248,A
APAC_FUR-BO-10003985,1046.376,0.021505931341520113,61.446330797464,A
APAC_FUR-TA-10003003,1046.25,0.021503341691767985,61.46783413915577,A
US_FUR-CH-10001146,1042.02,0.02141640345008944,61.48925054260586,A
LATAM_FUR-CH-10001423,1041.5520000000001,0.021406784751010117,61.51065732735687,A
EU_OFF-ST-10001050,1041.03,0.021396056202037016,61.5320533835589,A
LATAM_FUR-BO-10003297,1040.6,0.021387218508438485,61.55344060206734,A
APAC_TEC-MA-10003553,1039.08,0.02135597828920648,61.57479658035655,A
US_FUR-TA-10002903,1038.84,0.02135104562301195,61.59614762597956,A
LATAM_TEC-CO-10001756,1035.78912,0.02128834157034712,61.61743596754991,A
LATAM_TEC-MA-10004587,1035.3,0.02127828879664267,61.63871425634655,A
Africa_TEC-BEL-10002476,1035.0,0.021272122963899513,61.65998637931045,A
EU_TEC-MA-10000327,1033.8975,0.021249463528568404,61.68123584283902,A
APAC_TEC-PH-10001362,1033.044,0.021231921734414117,61.702467764573434,A
EMEA_FUR-HON-10001558,1031.808,0.0212065185035123,61.723674283076946,A
APAC_OFF-ST-10000892,1030.9679999999998,0.02118925417183145,61.744863537248776,A
EU_OFF-AR-10001110,1030.08,0.021171003306911698,61.76603454055569,A
LATAM_FUR-CH-10000788,1029.384,0.021156698574947574,61.787191239130635,A
APAC_TEC-MA-10001711,1028.7359999999999,0.021143380376222345,61.80833461950686,A
US_FUR-BO-10001337,1028.33,0.02113503594924327,61.8294696554561,A
LATAM_FUR-BO-10003323,1028.16,0.021131541977355485,61.850601197433456,A
EU_OFF-AP-10003184,1027.62,0.02112044347841779,61.87172164091187,A
Africa_OFF-ELD-10002199,1026.96,0.021106878646382846,61.89282851955826,A
EMEA_OFF-ELD-10002199,1026.96,0.021106878646382846,61.91393539820464,A
APAC_TEC-MA-10002471,1026.5994,0.021099467315425568,61.935034865520066,A
APAC_TEC-CO-10002062,1026.216,0.021091587381179805,61.956126452901245,A
EU_TEC-MA-10003812,1025.9865,0.02108687051913129,61.97721332342038,A
LATAM_OFF-BI-10001895,1024.972,0.021066019728071508,61.998279343148454,A
APAC_FUR-CH-10001913,1023.2940000000001,0.02103153217026144,62.019310875318716,A
LATAM_TEC-PH-10002392,1021.9000000000001,0.021002881600781557,62.040313756919495,A
US_FUR-BO-10003034,1021.644,0.02099762009017406,62.061311377009666,A
APAC_FUR-BO-10003384,1021.398,0.020992564107324672,62.08230394111699,A
EU_TEC-MA-10003280,1020.1005,0.02096589688071051,62.1032698379977,A
LATAM_TEC-PH-10002904,1019.904,0.020961858260263738,62.124231696257965,A
LATAM_TEC-PH-10004235,1019.8720000000001,0.020961200571437803,62.1451928968294,A
LATAM_FUR-BO-10004567,1019.568,0.0209549525275914,62.16614784935699,A
LATAM_TEC-PH-10001677,1018.44,0.020931768996477123,62.187079618353465,A
Africa_TEC-STA-10003447,1018.32,0.02092930266337986,62.20800892101685,A
EMEA_TEC-APP-10000308,1017.936,0.020921410397468615,62.22893033141432,A
EU_FUR-CH-10001726,1017.36,0.020909571998601748,62.24983990341292,A
APAC_TEC-AC-10000861,1016.64,0.020894774000018164,62.27073467741294,A
Africa_TEC-SAN-10003238,1016.64,0.020894774000018164,62.29162945141296,A
LATAM_TEC-CO-10000296,1016.52288,0.020892366858915237,62.312521818271875,A
EU_OFF-ST-10001255,1016.334,0.020888484850620143,62.3334103031225,A
US_OFF-AP-10000576,1016.2320000000001,0.02088638846748747,62.35429669158999,A
APAC_TEC-PH-10004559,1015.9875,0.020881363313801794,62.37517805490379,A
APAC_OFF-PA-10001258,1015.9200000000001,0.020879976001434587,62.39605803090522,A
LATAM_TEC-PH-10002647,1015.04,0.020861889558721314,62.41691992046395,A
EU_FUR-TA-10003323,1014.741,0.020855744278753967,62.4377756647427,A
APAC_FUR-CH-10004312,1014.3599999999999,0.020847913671170153,62.45862357841387,A
EU_OFF-AR-10004881,1013.0039999999999,0.020820044107171073,62.47944362252104,A
EU_FUR-BO-10000034,1010.85,0.02077577342807519,62.50021939594912,A
EU_FUR-BO-10000936,1010.493,0.020768436087110834,62.52098783203623,A
APAC_TEC-CO-10000972,1009.44,0.020746794014182345,62.541734626050406,A
APAC_TEC-AC-10000639,1009.125,0.020740319889802024,62.56247494594021,A
US_FUR-CH-10003817,1008.284,0.020723035005345367,62.583197980945556,A
LATAM_FUR-CH-10001795,1005.664,0.020669186732721778,62.60386716767828,A
US_TEC-AC-10002473,1004.652,0.02064838732360152,62.624515555001885,A
APAC_OFF-BI-10004589,1004.6388,0.02064811602696082,62.64516367102885,A
APAC_FUR-CH-10003354,1004.2371,0.020639859976917734,62.665803531005764,A
EU_OFF-BI-10002172,1003.275,0.02062008615131042,62.686423617157075,A
EU_TEC-PH-10000494,1002.8925,0.020612224714562893,62.70703584187164,A
LATAM_TEC-CO-10002404,1002.5908,0.020606023942100853,62.72764186581374,A
US_OFF-SU-10000157,1002.204,0.02059807412841734,62.74823993994215,A
Africa_OFF-HAM-10001107,1001.76,0.020588948695957465,62.76882888863811,A
US_TEC-PH-10002584,1001.584,0.02058533140741481,62.78941422004553,A
EU_TEC-PH-10002018,1001.52,0.02058401602976294,62.809998236075295,A
Africa_OFF-HAM-10000312,1000.26,0.02055811953224167,62.830556355607534,A
US_FUR-CH-10003535,1000.072,0.020554255610389288,62.851110611217926,A
EU_FUR-BO-10001405,998.88,0.020529756701623138,62.87164036791955,A
US_FUR-FU-10002298,998.8199999999999,0.020528523535074502,62.892168891454624,A
APAC_FUR-BO-10002682,998.1659999999999,0.020515082019694417,62.912683973474316,A
APAC_TEC-PH-10004085,998.0022,0.020511715475016654,62.93319568894933,A
EMEA_TEC-LOG-10003651,995.28,0.020455766708705227,62.95365145565804,A
EU_OFF-AP-10003259,993.66,0.020422471211892165,62.974073926869934,A
Africa_OFF-CUI-10003409,993.66,0.020422471211892165,62.99449639808183,A
EU_FUR-TA-10000591,993.615,0.02042154633698069,63.01491794441881,A
EU_FUR-BO-10001003,990.15,0.0203503309687972,63.03526827538761,A
US_FUR-CH-10000513,987.9240000000001,0.02030458048984296,63.05557285587745,A
EU_OFF-SU-10000343,986.25,0.02027017514313613,63.07584303102059,A
LATAM_TEC-PH-10003560,986.24,0.020269969615378025,63.09611300063597,A
APAC_FUR-TA-10001494,986.202,0.020269188609897227,63.11638218924586,A
EU_TEC-PH-10003325,985.9200000000001,0.020263392727118655,63.13664558197298,A
Africa_TEC-MEM-10002202,985.68,0.02025846006092413,63.1569040420339,A
EU_FUR-BO-10003881,985.5,0.020254760561278232,63.17715880259518,A
Africa_TEC-NOK-10001070,985.2,0.020248594728535074,63.197407397323715,A
APAC_FUR-TA-10004653,985.11,0.020246744978712126,63.21765414230243,A
LATAM_OFF-ST-10002538,985.0880000000001,0.020246292817644295,63.237900435120075,A
Africa_FUR-BEV-10001853,984.18,0.020227630897208332,63.258128066017285,A
EU_OFF-AR-10000319,983.994,0.02022380808090757,63.27835187409819,A
APAC_TEC-PH-10004200,983.3358,0.020210280243869082,63.29856215434206,A
APAC_OFF-PA-10000453,982.2,0.02018693640110348,63.31874909074316,A
APAC_TEC-CO-10001482,980.88,0.02015980673703358,63.338908897480195,A
LATAM_FUR-CH-10004844,979.44,0.020130210739866414,63.35903910822006,A
LATAM_FUR-CH-10002547,978.24,0.020105547408893778,63.379144655628956,A
EU_TEC-CO-10002916,975.78,0.02005498758039987,63.39919964320936,A
LATAM_FUR-BO-10002324,975.688,0.020053096725025303,63.419252739934386,A
LATAM_FUR-CH-10000105,975.072,0.020040436215126016,63.43929317614951,A
EU_OFF-BI-10002225,974.1300000000001,0.020021075500312496,63.45931425164982,A
EU_OFF-AR-10001002,973.4399999999999,0.02000689408500323,63.47932114573482,A
EU_TEC-CO-10002174,973.32,0.020004427751905966,63.49932557348673,A
APAC_TEC-CO-10000452,973.32,0.020004427751905966,63.519330001238636,A
US_FUR-BO-10004467,972.9027,0.019995851078560233,63.5393258523172,A
LATAM_FUR-BO-10003499,972.64,0.019990451864354806,63.55931630418155,A
LATAM_FUR-CH-10001647,972.18,0.01998099758748196,63.57929730176903,A
LATAM_FUR-BO-10000087,971.18,0.01996044481167143,63.599257746580705,A
EU_OFF-ST-10001025,970.8960000000001,0.019954607823341238,63.61921235440405,A
LATAM_TEC-AC-10001221,970.144,0.01993915213593172,63.63915150653998,A
LATAM_FUR-BO-10004472,970.0,0.019936192536215,63.659087699076196,A
LATAM_TEC-CO-10002493,969.4572,0.019925036489505044,63.6790127355657,A
EU_FUR-BO-10004055,967.98,0.019894675929077732,63.69890741149478,A
Africa_FUR-CHR-10004803,967.98,0.019894675929077732,63.71880208742386,A
APAC_TEC-CO-10002465,967.56,0.019886043763237306,63.7386881311871,A
LATAM_FUR-TA-10000671,967.552,0.019885879341030824,63.75857401052813,A
APAC_TEC-MA-10004063,967.032,0.01987519189760935,63.77844920242574,A
EU_TEC-PH-10004162,964.5885000000001,0.019824971189916316,63.79827417361566,A
LATAM_TEC-PH-10004048,964.232,0.01981764412533986,63.818091817741,A
APAC_TEC-MA-10003801,963.9,0.019810820603770762,63.83790263834477,A
EU_TEC-CO-10002583,963.9,0.019810820603770762,63.857713458948545,A
EU_FUR-TA-10003690,962.7345,0.01978686634356359,63.87750032529211,A
EU_FUR-BO-10001287,962.217,0.019776230282081638,63.897276555574194,A
US_TEC-CO-10003236,959.984,0.019730335933696726,63.91700689150789,A
APAC_FUR-BO-10000425,959.1120000000001,0.019712413913189942,63.93671930542108,A
US_TEC-PH-10002890,959.088,0.01971192064657049,63.95643122606765,A
EU_OFF-BI-10001820,958.74,0.019704768280588425,63.97613599434824,A
US_OFF-PA-10001878,958.636,0.019702630791904128,63.995838625140145,A
LATAM_TEC-MA-10000232,958.252,0.019694738525992884,64.01553336366614,A
EU_FUR-BO-10004445,957.8280000000001,0.01968602414904922,64.03521938781519,A
US_FUR-BO-10000780,956.6648,0.01966211716022641,64.05488150497541,A
EU_TEC-MA-10002931,955.2,0.019632011454219146,64.07451351642963,A
LATAM_TEC-PH-10000286,954.2,0.019611458678408612,64.09412497510804,A
EU_FUR-TA-10004371,953.82,0.019603648623600613,64.11372862373165,A
APAC_OFF-ST-10004583,953.496,0.019596989524238,64.13332561325588,A
EU_OFF-ST-10003102,952.4250000000001,0.01957497750134492,64.15290059075723,A
APAC_FUR-BO-10004773,950.73,0.01954014054634607,64.17244073130357,A
APAC_FUR-BO-10000883,950.6217,0.01953791468072579,64.19197864598429,A
EMEA_TEC-SHA-10000306,950.4,0.019533358130328596,64.21151200411462,A
LATAM_FUR-CH-10001044,950.264,0.019530562952818364,64.23104256706745,A
EU_TEC-CO-10004377,950.22,0.0195296586306827,64.25057222569814,A
EU_TEC-CO-10004034,949.77,0.01952040988156796,64.2700926355797,A
LATAM_FUR-CH-10002555,946.0,0.019442925916762263,64.28953556149646,A
LATAM_TEC-AC-10001082,945.88,0.019440459583665,64.30897602108013,A
EU_OFF-AR-10000727,945.06,0.01942360630750036,64.32839962738763,A
EU_TEC-MA-10002779,944.4,0.01941004147546541,64.34780966886309,A
APAC_OFF-ST-10002161,943.7760000000001,0.01939721654335964,64.36720688540645,A
Africa_TEC-SAM-10003493,943.0920000000001,0.01938315844470524,64.38659004385116,A
LATAM_FUR-TA-10002885,942.3480000000001,0.0193678671795022,64.40595791103065,A
LATAM_TEC-PH-10002574,942.2000000000002,0.019364825368682247,64.42532273639934,A
US_OFF-AP-10002457,941.85,0.019357631897148557,64.44468036829649,A
APAC_TEC-CO-10004929,938.6118,0.019291077898518895,64.463971446195,A
EU_OFF-ST-10000085,937.7280000000001,0.01927291335525755,64.48324435955026,A
Africa_TEC-CAN-10002879,937.2239999999999,0.01926255475624904,64.50250691430651,A
EMEA_TEC-PAN-10000377,936.6299999999999,0.019250346407417584,64.52175726071393,A
US_FUR-CH-10003061,935.896,0.019235260669972654,64.5409925213839,A
US_FUR-FU-10000965,934.92,0.019215201160781577,64.56020772254467,A
Africa_OFF-HAM-10004122,934.758,0.019211871611100273,64.57941959415578,A
EU_TEC-PH-10001014,934.74,0.019211501661135683,64.59863109581691,A
EU_FUR-BO-10004199,934.635,0.019209343619675575,64.61784043943659,A
US_TEC-AC-10004659,934.272,0.019201882962056355,64.63704232239864,A
EMEA_TEC-OKI-10002736,934.092,0.019198183462410458,64.65624050586105,A
LATAM_FUR-BO-10002142,933.3,0.019181905663968515,64.67542241152502,A
US_TEC-PH-10003273,932.326,0.01916188726032906,64.69458429878534,A
APAC_OFF-BI-10002881,931.7088,0.0191492020870988,64.71373350087244,A
US_OFF-BI-10003925,931.176,0.01913825156814695,64.73287175244059,A
Africa_OFF-SAN-10001634,929.457,0.019102921346528648,64.75197467378712,A
LATAM_FUR-TA-10004937,928.256,0.0190782374627802,64.7710529112499,A
EU_TEC-PH-10002456,925.7115000000001,0.019025940924730304,64.79007885217463,A
EMEA_TEC-SHA-10003670,925.392,0.01901937431285884,64.80909822648749,A
EU_TEC-MA-10000461,925.02,0.01901172868025732,64.82810995516775,A
EU_OFF-AR-10001599,924.48,0.019000630181319634,64.84711058534907,A
US_FUR-FU-10003394,923.472,0.018979912983302618,64.86609049833237,A
LATAM_OFF-EN-10002674,923.304,0.018976460116966447,64.88506695844933,A
EU_TEC-MA-10003198,922.14,0.01895253668592299,64.90401949513526,A
US_FUR-FU-10004188,920.7,0.018922940688755826,64.92294243582401,A
Africa_FUR-OFF-10002511,919.584,0.018900003790951275,64.94184243961496,A
LATAM_FUR-CH-10000885,919.26,0.018893344691588664,64.96073578430655,A
EMEA_FUR-SAF-10001793,918.0,0.018867448194067396,64.97960323250062,A
EU_TEC-MA-10001298,917.814,0.018863625377766632,64.99846685787838,A
EU_TEC-PH-10004297,917.49,0.018856966278404025,65.01732382415679,A
APAC_TEC-MA-10004059,916.11,0.018828603447785492,65.03615242760458,A
EU_FUR-TA-10003179,915.1155,0.018808163712241917,65.05496059131681,A
EU_OFF-AR-10001533,915.0,0.0188057898666358,65.07376638118345,A
APAC_TEC-PH-10000730,914.3399999999999,0.01879222503460085,65.09255860621805,A
EMEA_FUR-HON-10001851,914.28,0.01879099186805222,65.11134959808611,A
APAC_OFF-PA-10000579,913.5,0.018774960702920004,65.13012455878902,A
EU_TEC-AC-10000827,912.78,0.018760162704336423,65.14888472149336,A
APAC_TEC-AC-10002243,912.78,0.018760162704336423,65.1676448841977,A
Africa_TEC-SAM-10001985,912.6,0.018756463204690526,65.1864013474024,A
APAC_TEC-CO-10004182,912.456,0.018753503604973812,65.20515485100736,A
LATAM_OFF-AP-10003834,912.24,0.018749064205398736,65.22390391521276,A
LATAM_FUR-FU-10003297,911.484,0.018733526306885975,65.24263744151965,A
EU_TEC-PH-10002715,910.8,0.01871946820823157,65.26135690972788,A
EMEA_FUR-SAF-10002360,909.0,0.018682473211772615,65.28003938293965,A
LATAM_FUR-TA-10000991,908.608,0.018674416523654886,65.2987137994633,A
US_OFF-EN-10000056,908.558,0.01867338888486436,65.31738718834816,A
LATAM_FUR-BO-10001585,908.48,0.01867178576835114,65.33605897411651,A
Africa_FUR-IKE-10002147,907.884,0.018659536313968064,65.35471851043047,A
APAC_TEC-PH-10001321,907.1073,0.018643572972996025,65.37336208340346,A
APAC_TEC-AC-10004562,906.0012,0.018620839547671998,65.39198292295113,A
EU_OFF-BI-10004328,905.76,0.018615882218146498,65.41059880516927,A
US_FUR-FU-10000293,905.494,0.018610415179780893,65.42920922034905,A
APAC_FUR-CH-10004609,903.42,0.018567788722749855,65.4477770090718,A
EU_TEC-MA-10001777,903.21,0.01856347263982964,65.46634048171163,A
LATAM_FUR-BO-10002214,903.2,0.018563267112071537,65.4849037488237,A
EU_TEC-CO-10001191,903.006,0.018559279873564295,65.50346302869727,A
US_TEC-PH-10002103,902.3039999999999,0.018544851824945297,65.52200788052221,A
US_OFF-ST-10000689,901.44,0.018527094226645002,65.54053497474885,A
APAC_TEC-AC-10004018,900.96,0.01851722889425595,65.5590522036431,A
APAC_TEC-CO-10000259,900.72,0.01851229622806142,65.57756449987117,A
LATAM_OFF-AP-10000179,900.172,0.01850103330691725,65.59606553317809,A
US_FUR-BO-10002613,899.136,0.01847974063117754,65.61454527380927,A
US_FUR-TA-10001932,897.7919999999999,0.018452117700488182,65.63299739150976,A
US_TEC-PH-10002468,897.534,0.01844681508432907,65.65144420659409,A
EU_OFF-AR-10002165,897.48,0.0184457052344353,65.66988991182853,A
US_OFF-ST-10003282,896.4,0.018423508236559926,65.6883134200651,A
EU_TEC-PH-10004879,896.328,0.018422028436701567,65.7067354485018,A
LATAM_TEC-PH-10004251,896.16,0.0184185755703654,65.72515402407217,A
US_OFF-BI-10003091,895.92,0.01841364290417087,65.74356766697633,A
EU_TEC-PH-10000158,895.647,0.018408031996374596,65.7619756989727,A
APAC_TEC-CO-10000663,894.42,0.018382813740455074,65.78035851271316,A
EMEA_TEC-NOK-10001283,892.29,0.018339036327978644,65.79869754904114,A
EU_TEC-CO-10002872,891.54,0.018323621746120743,65.81702117078726,A
LATAM_FUR-TA-10001192,891.12,0.018314989580280324,65.83533616036753,A
EU_OFF-ST-10001460,891.072,0.018314003047041418,65.85365016341457,A
US_FUR-FU-10001488,890.232,0.01829673871536057,65.87194690212993,A
EU_FUR-CH-10003499,890.082,0.018293655798988992,65.89024055792892,A
LATAM_OFF-ST-10002499,890.0319999999999,0.018292628160198464,65.90853318608912,A
APAC_TEC-CO-10004813,889.92,0.018290326249307685,65.92682351233843,A
LATAM_FUR-BO-10003873,889.2360000000001,0.018276268150653283,65.94509978048909,A
LATAM_TEC-MA-10003400,888.7,0.018265251862818837,65.9633650323519,A
APAC_TEC-CO-10002197,888.4755,0.01826063776464937,65.98162567011656,A
LATAM_TEC-CO-10001042,887.8208,0.01824718186232622,65.99987285197888,A
US_FUR-CH-10000309,887.271,0.018235881946185587,66.01810873392506,A
EMEA_TEC-SHA-10000244,886.9499999999999,0.01822928450515041,66.03633801843021,A
APAC_TEC-CO-10002119,885.87,0.018207087507275038,66.05454510593749,A
APAC_FUR-TA-10003157,884.52,0.018179341259930818,66.07272444719743,A
EU_TEC-MA-10000002,884.364,0.018176135026904378,66.09090058222434,A
APAC_TEC-MA-10001627,883.95,0.018167626177718818,66.10906820840205,A
EU_TEC-CO-10003965,883.8,0.018164543261347237,66.1272327516634,A
APAC_OFF-AP-10003524,883.8,0.018164543261347237,66.14539729492475,A
EMEA_TEC-CAN-10004354,882.9000000000001,0.01814604576311776,66.16354334068787,A
EU_TEC-CO-10003124,882.9000000000001,0.01814604576311776,66.18168938645098,A
US_FUR-CH-10002372,882.682,0.018141565257991064,66.19983095170898,A
EU_FUR-BO-10002892,881.34,0.018113983432853333,66.21794493514183,A
APAC_FUR-CH-10002932,881.0262,0.018107533971803987,66.23605246911363,A
EMEA_FUR-DEF-10000346,880.8,0.018102884933915642,66.25415535404754,A
LATAM_OFF-ST-10002902,880.64,0.01809959648978596,66.27225495053733,A
US_TEC-AC-10004571,879.912,0.018084634068995895,66.29033958460633,A
APAC_TEC-MA-10003631,879.15,0.018068972853828268,66.30840855746015,A
EU_FUR-BO-10000268,877.608,0.018037280473528428,66.32644583793368,A
LATAM_TEC-CO-10001595,877.3418,0.018031809324607666,66.34447764725829,A
US_FUR-TA-10002533,876.3,0.018010397442768254,66.36248804470105,A
APAC_TEC-MA-10001811,876.231,0.018008979301237328,66.3804970240023,A
EU_OFF-AR-10003457,875.8799999999999,0.018001765276927827,66.39849878927922,A
EU_FUR-BO-10003905,875.7,0.017998065777281937,66.4164968550565,A
LATAM_OFF-ST-10004368,875.04,0.017984500945246985,66.43448135600174,A
LATAM_FUR-BO-10001781,874.3679999999999,0.017970689479902307,66.45245204548164,A
EU_TEC-CO-10004976,873.0,0.017942573282593504,66.47039461876423,A
APAC_OFF-ST-10004608,872.5806,0.017933953448418565,66.48832857221265,A
APAC_FUR-CH-10000187,871.821,0.017918341559912888,66.50624691377257,A
US_OFF-AP-10003779,871.416,0.017910017685709625,66.52415693145828,A
APAC_TEC-MA-10003351,871.2,0.01790557828613455,66.54206250974441,A
APAC_TEC-PH-10001805,871.08,0.017903111953037284,66.55996562169744,A
EMEA_FUR-CHR-10001570,870.24,0.01788584762135644,66.5778514693188,A
Africa_FUR-CHR-10001570,870.24,0.01788584762135644,66.59573731694016,A
APAC_TEC-MA-10003773,869.1,0.017862417456932435,66.6135997343971,A
EU_FUR-TA-10002497,868.959,0.017859519515543147,66.63145925391264,A
EU_TEC-AC-10001486,868.8,0.017856251624189273,66.64931550553683,A
APAC_OFF-ST-10004365,867.8775,0.01783729168850406,66.66715279722534,A
APAC_FUR-FU-10002829,867.8475000000001,0.01783667510522974,66.68498947233057,A
APAC_FUR-BO-10004404,867.0537,0.017820360311791343,66.70280983264236,A
APAC_OFF-EN-10003498,866.8125,0.017815402982265843,66.72062523562462,A
US_OFF-ST-10002756,865.984,0.01779837500750682,66.73842361063213,A
LATAM_TEC-MA-10003326,865.9,0.01779664857433873,66.75622025920646,A
LATAM_TEC-CO-10002434,865.36704,0.017785694766942754,66.7740059539734,A
EU_TEC-PH-10002932,863.31,0.017743416884989458,66.79174937085838,A
APAC_TEC-CO-10003924,862.812,0.017733181602635813,66.80948255246102,A
LATAM_OFF-AP-10002764,862.596,0.017728742203060737,66.82721129466408,A
EU_OFF-AR-10002681,862.4100000000001,0.017724919386759984,66.84493621405085,A
EU_TEC-MA-10004933,861.9,0.01771443747109661,66.86265065152195,A
US_FUR-TA-10000849,861.2819999999999,0.0177017358556457,66.8803523873776,A
US_OFF-PA-10001033,860.79,0.01769162388994692,66.89804401126754,A
APAC_OFF-ST-10004228,860.7354,0.017690501708387665,66.91573451297593,A
EU_TEC-AC-10004054,860.688,0.017689527506814247,66.93342404048275,A
EU_TEC-CO-10002157,859.653,0.017668255383850345,66.9510922958666,A
EU_FUR-TA-10002912,859.05,0.017655862060036595,66.96874815792664,A
US_FUR-CH-10004860,858.33,0.017641064061453014,66.98638922198809,A
APAC_FUR-BO-10003706,857.9042999999999,0.01763231474479047,67.00402153673288,A
APAC_FUR-CH-10002944,857.088,0.017615537513896336,67.02163707424677,A
EU_FUR-CH-10003842,856.8,0.0176096183144629,67.03924669256124,A
EU_FUR-TA-10002786,856.68,0.017607151981365636,67.0568538445426,A
APAC_FUR-CH-10004584,855.9756,0.0175926746060847,67.07444651914868,A
EMEA_FUR-LES-10002026,855.15,0.017575706234375526,67.09202222538306,A
US_FUR-FU-10004306,854.92,0.0175709790959391,67.109593204479,A
APAC_FUR-TA-10000490,854.784,0.01756818391842887,67.12716138839743,A
Africa_OFF-TEN-10000433,853.524,0.0175422874209076,67.14470367581833,A
APAC_FUR-BO-10002964,853.5,0.017541794154288148,67.16224546997262,A
LATAM_TEC-CO-10001037,853.11036,0.017533785970721333,67.17977925594334,A
APAC_TEC-AC-10002335,852.2982,0.017517093828319053,67.19729634977166,A
EU_FUR-CH-10001802,851.4,0.017498633325086034,67.21479498309675,A
EU_OFF-ST-10000710,851.382,0.017498263375121444,67.23229324647187,A
EU_OFF-AR-10003651,849.48,0.017459171995529817,67.2497524184674,A
EMEA_TEC-APP-10003032,848.7,0.0174431408303976,67.26719555929779,A
EU_FUR-FU-10003862,847.6800000000001,0.017422176999070862,67.28461773629687,A
Africa_OFF-SME-10003752,847.638,0.01742131378248682,67.30203905007936,A
EU_OFF-AP-10000228,846.6899999999999,0.017401829751018432,67.31944087983038,A
Canada_OFF-ROG-10003898,846.6,0.017399980001195487,67.33684085983158,A
Africa_OFF-ROG-10003898,846.6,0.017399980001195487,67.35424083983278,A
US_FUR-CH-10004477,846.3710000000001,0.017395273415534877,67.37163611324831,A
US_FUR-BO-10001601,846.1307999999999,0.017390336638785184,67.3890264498871,A
US_FUR-TA-10002607,843.591,0.0173381366987816,67.40636458658588,A
APAC_TEC-AC-10004848,843.183,0.0173297511662509,67.42369433775212,A
APAC_TEC-AC-10002649,840.9929999999999,0.017284740587225837,67.44097907833935,A
APAC_OFF-BI-10003159,840.6779999999999,0.01727826646284552,67.45825734480219,A
APAC_FUR-BO-10004507,840.4872,0.017274344993220874,67.47553168979542,A
LATAM_OFF-ST-10000619,840.448,0.0172735393244091,67.49280522911982,A
LATAM_TEC-CO-10000915,840.34944,0.017271513642825212,67.51007674276265,A
EU_TEC-PH-10002586,840.177,0.017267969522164445,67.52734471228482,A
EMEA_TEC-SHA-10002034,840.0,0.017264331680845985,67.54460904396566,A
US_TEC-PH-10001299,839.9440000000001,0.017263180725400593,67.56187222469106,A
US_TEC-AC-10000109,839.85,0.017261248764474404,67.57913347345553,A
US_OFF-PA-10000418,838.8,0.017239668349873345,67.5963731418054,A
APAC_FUR-CH-10004491,838.5156,0.017233823140432827,67.61360696494583,A
LATAM_TEC-MA-10000240,837.6,0.017215005018900706,67.63082196996473,A
APAC_OFF-ST-10004346,836.2101,0.017186438715801652,67.64800840868052,A
APAC_OFF-AR-10003774,836.127,0.017184730780131795,67.66519313946065,A
APAC_FUR-CH-10001382,835.914,0.017180353038884152,67.68237349249954,A
Africa_TEC-MOT-10003348,835.4970000000001,0.017171782531371162,67.69954527503091,A
Africa_FUR-BUS-10002639,834.966,0.017160869007415768,67.71670614403833,A
EU_FUR-CH-10000848,834.624,0.017153839958088567,67.73385998399641,A
APAC_FUR-BO-10000402,833.796,0.017136822259717452,67.75099680625613,A
EU_FUR-BO-10002680,833.4,0.01712868336049648,67.76812548961662,A
APAC_TEC-PH-10003613,832.7466,0.017115254176781874,67.78524074379341,A
LATAM_TEC-PH-10002871,832.1759999999999,0.017103526762904386,67.80234427055632,A
US_TEC-AC-10001767,831.7919999999999,0.01709563449699314,67.81943990505331,A
APAC_TEC-PH-10002138,831.726,0.01709427801378965,67.8365341830671,A
LATAM_TEC-PH-10004437,830.88,0.01707689036545394,67.85361107343256,A
EMEA_TEC-CIS-10000436,830.8799999999999,0.017076890365453935,67.87068796379802,A
EU_FUR-CH-10000663,830.7090000000001,0.017073375840790342,67.88776133963881,A
APAC_FUR-CH-10002344,830.304,0.017065051966587072,67.9048263916054,A
US_OFF-ST-10000036,829.836,0.017055433267507747,67.9218818248729,A
LATAM_FUR-BO-10003034,829.752,0.01705370683433966,67.93893553170724,A
EU_OFF-AR-10000785,829.44,0.017047294368286777,67.95598282607553,A
EU_TEC-PH-10003137,829.1325,0.017040974389725037,67.97302380046526,A
LATAM_OFF-AP-10002998,827.52,0.017007833038730557,67.99003163350399,A
Africa_TEC-APP-10000308,827.0730000000001,0.01699864594794325,68.00703027945194,A
EMEA_FUR-DAN-10002028,826.56,0.016988102373952447,68.0240183818259,A
US_FUR-FU-10000723,826.4,0.016984813929822762,68.04100319575572,A
APAC_TEC-MA-10002871,826.3499999999999,0.01698378629103223,68.05798698204676,A
EU_FUR-BO-10003647,826.2,0.016980703374660656,68.07496768542141,A
US_FUR-TA-10001039,825.408,0.016964425576218713,68.09193211099763,A
US_FUR-BO-10000112,825.174,0.01695961622667905,68.10889172722432,A
APAC_FUR-FU-10000339,824.85,0.016952957127316436,68.12584468435163,A
EU_OFF-AR-10004825,824.4,0.016943708378201697,68.14278839272984,A
EMEA_OFF-FEL-10001776,824.04,0.016936309378909907,68.15972470210875,A
US_TEC-PH-10002824,823.96,0.016934665156845066,68.17665936726559,A
EU_TEC-AC-10000863,823.62,0.016927677213069484,68.19358704447866,A
Africa_FUR-IKE-10001312,823.5,0.016925210879972223,68.21051225535864,A
APAC_TEC-MA-10002827,823.29,0.01692089479705201,68.22743315015569,A
Africa_TEC-SAM-10000779,822.696,0.016908686448220557,68.24434183660391,A
APAC_FUR-BO-10001362,822.42,0.01690301388209685,68.26124485048601,A
APAC_FUR-TA-10004757,821.214,0.01687822723446935,68.27812307772048,A
LATAM_TEC-PH-10002708,821.0,0.016873828940445892,68.29499690666093,A
LATAM_OFF-AP-10003625,818.08,0.016813814835079145,68.311810721496,A
EU_FUR-BO-10002936,817.9380000000001,0.01681089634091405,68.32862161783692,A
LATAM_FUR-BO-10002782,817.048,0.016792604370442676,68.34541422220735,A
LATAM_TEC-AC-10003047,816.9,0.016789562559622717,68.36220378476698,A
Africa_OFF-TEN-10000025,816.6,0.01678339672687956,68.37898718149386,A
EU_OFF-BI-10004220,816.48,0.016780930393782294,68.39576811188763,A
EU_FUR-TA-10000323,816.264,0.01677649099420722,68.41254460288184,A
US_TEC-AC-10000844,815.904,0.016769091994915428,68.42931369487675,A
US_TEC-PH-10001425,815.898,0.016768968678260568,68.44608266355502,A
US_OFF-ST-10000532,815.776,0.01676646123961168,68.46284912479463,A
EU_TEC-MA-10004224,815.103,0.01675262922149119,68.47960175401612,A
APAC_TEC-AC-10004897,813.45,0.016718655483076387,68.49632040949919,A
APAC_OFF-ST-10004947,812.961,0.016708605175705035,68.5130290146749,A
LATAM_TEC-CO-10001177,811.91292,0.016687064222433535,68.52971607889734,A
LATAM_TEC-MA-10002040,811.72,0.016683099180924168,68.54639917807826,A
LATAM_FUR-TA-10001600,811.104,0.01667043867102488,68.56306961674929,A
LATAM_FUR-BO-10004459,810.432,0.016656627205680206,68.57972624395497,A
EU_OFF-ST-10000580,810.18,0.01665144790617595,68.59637769186114,A
US_OFF-ST-10000736,809.8,0.016643637851367948,68.61302132971251,A
EMEA_TEC-EPS-10003473,809.7,0.016641582573786895,68.62966291228629,A
LATAM_FUR-BO-10004508,806.6800000000001,0.01657951319083909,68.64624242547713,A
EU_TEC-AC-10000140,805.56,0.016556494081931297,68.66279891955905,A
LATAM_OFF-AP-10000639,804.56,0.016535941306120766,68.67933486086517,A
US_FUR-BO-10004015,803.933,0.016523054715687564,68.69585791558086,A
APAC_OFF-SU-10002445,803.7,0.01651826591892371,68.71237618149978,A
EMEA_TEC-PAN-10002454,803.502,0.016514196469313222,68.7288903779691,A
Africa_TEC-STA-10003550,803.25,0.01650901716980897,68.7453993951389,A
APAC_FUR-CH-10003894,803.04,0.016504701086888757,68.76190409622579,A
LATAM_FUR-BO-10001779,801.76,0.016478393533851277,68.77838248975964,A
APAC_TEC-CO-10001726,800.7012,0.01645663225482309,68.79483912201447,A
APAC_TEC-CO-10000764,799.95,0.01644119300963422,68.8112803150241,A
LATAM_OFF-ST-10002822,799.2,0.01642577842777632,68.82770609345188,A
EU_TEC-MA-10004535,798.75,0.01641652967866158,68.84412262313054,A
LATAM_FUR-BO-10003563,797.532,0.016391496397724355,68.86051411952828,A
APAC_FUR-BO-10004842,796.824,0.016376945032450498,68.87689106456072,A
LATAM_FUR-CH-10003485,796.32,0.016366586433441993,68.89325765099417,A
US_TEC-PH-10001760,796.0,0.01636000954518262,68.90961766053935,A
APAC_TEC-CO-10001419,795.33,0.016346239185389563,68.92596389972475,A
US_OFF-PA-10000100,795.206,0.01634369064118906,68.94230759036594,A
Africa_TEC-PAN-10002365,794.6999999999999,0.01633329093662893,68.95864088130257,A
LATAM_FUR-CH-10001343,794.22,0.016323425604239876,68.97496430690681,A
EMEA_TEC-HP -10004012,793.152,0.01630147523967423,68.99126578214648,A
APAC_TEC-CO-10001407,792.6659999999999,0.01629148659063031,69.00755726873712,A
EMEA_OFF-STA-10000298,791.52,0.016267933109551443,69.02382520184666,A
APAC_FUR-FU-10002525,791.3763,0.01626497967566747,69.04009018152233,A
Africa_TEC-HEW-10000365,789.9300000000001,0.0162352541960127,69.05632543571835,A
US_TEC-AC-10001714,789.822,0.016233034496225162,69.07255847021457,A
Africa_FUR-SAU-10004053,788.4,0.016203808449022587,69.0887622786636,A
APAC_TEC-AC-10000483,786.87,0.016172362702032473,69.10493464136563,A
US_TEC-AC-10002942,786.6,0.01616681345256363,69.12110145481819,A
US_FUR-CH-10003761,785.88,0.016152015453980047,69.13725347027217,A
APAC_OFF-AR-10003613,782.6739,0.016086121199453903,69.15333959147162,A
Africa_FUR-SAF-10000085,782.28,0.016078025461062136,69.16941761693268,A
APAC_OFF-ST-10002085,781.9779,0.016071816467489775,69.18548943340016,A
EU_OFF-AR-10001672,781.92,0.016070626461770345,69.20156005986193,A
US_FUR-BO-10003893,781.864,0.016069475506324957,69.21762953536826,A
APAC_FUR-TA-10000299,781.224,0.016056321729806214,69.23368585709807,A
US_OFF-AR-10002135,780.84,0.016048429463894974,69.24973428656196,A
APAC_TEC-AC-10000857,780.75,0.016046579714072022,69.26578086627603,A
EU_OFF-AP-10003717,780.0,0.01603116513221413,69.28181203140825,A
US_TEC-AC-10002926,779.844,0.016027958899187685,69.29783999030744,A
LATAM_FUR-BO-10004771,779.58,0.016022532966373706,69.31386252327381,A
APAC_FUR-BO-10001835,779.58,0.016022532966373706,69.32988505624019,A
EU_OFF-ST-10004577,779.085,0.01601235934234749,69.34589741558253,A
EU_TEC-MA-10001792,778.6935,0.016004312930617666,69.36190172851315,A
Africa_FUR-SAF-10000265,778.5,0.01600033596849833,69.37790206448165,A
US_TEC-PH-10001918,778.344,0.015997129735471887,69.39389919421711,A
LATAM_FUR-CH-10002882,777.868,0.015987346614186076,69.4098865408313,A
EU_TEC-CO-10002244,777.5625,0.015981067741175956,69.42586760857247,A
EU_FUR-FU-10001950,777.48,0.01597937213717159,69.44184698070964,A
EMEA_OFF-HOO-10003338,777.36,0.015976905804074324,69.45782388651372,A
US_OFF-ST-10000046,775.44,0.015937444474518104,69.47376133098824,A
EU_FUR-BO-10004547,774.711,0.015922461500952226,69.48968379248919,A
EU_OFF-AP-10003182,774.5999999999999,0.01592018014283726,69.50560397263203,A
EU_OFF-AR-10001418,774.3,0.015914014310094097,69.52151798694213,A
APAC_FUR-CH-10004089,772.827,0.01588374007132519,69.53740172701346,A
APAC_TEC-PH-10002962,772.776,0.015882691879758846,69.55328441889321,A
LATAM_TEC-PH-10002306,772.776,0.015882691879758846,69.56916711077297,A
EU_OFF-AR-10003247,771.75,0.015861604731777248,69.58502871550475,A
APAC_TEC-CO-10000594,771.48,0.015856055482308402,69.60088477098705,A
APAC_TEC-CO-10000565,771.12,0.015848656483016612,69.61673342747007,A
US_FUR-TA-10001520,770.796,0.015841997383654,69.63257542485373,A
EU_TEC-AC-10001251,770.25,0.01583077556806145,69.64840620042179,A
APAC_FUR-FU-10003736,769.65,0.01581844390257513,69.66422464432436,A
EU_OFF-SU-10001578,769.44,0.01581412781965492,69.68003877214402,A
APAC_TEC-CO-10001630,768.852,0.015802042787478328,69.6958408149315,A
EMEA_TEC-ENE-10004627,768.42,0.015793163988328175,69.71163397891983,A
EU_TEC-MA-10003698,767.34,0.015770966990452804,69.7274049459103,A
EU_TEC-PH-10004601,767.004,0.015764061257780466,69.74316900716808,A
US_OFF-ST-10003692,766.882,0.01576155381913158,69.75893056098721,A
APAC_TEC-PH-10002094,766.692,0.01575764879172758,69.77468820977894,A
EU_TEC-CO-10002673,765.96,0.01574260415983427,69.79043081393878,A
APAC_FUR-CH-10002412,765.5424,0.015734021320655794,69.80616483525944,A
LATAM_FUR-CH-10003107,765.336,0.015729779227728502,69.82189461448716,A
APAC_TEC-MA-10000572,765.318,0.01572940927776391,69.83762402376493,A
LATAM_TEC-PH-10000106,765.0,0.01572287349505616,69.85334689725998,A
US_OFF-AP-10000179,764.9559999999999,0.015721969172920496,69.8690688664329,A
Africa_OFF-SME-10004370,764.8199999999999,0.015719173995410264,69.8847880404283,A
APAC_TEC-AC-10003895,764.3013,0.015708513270597343,69.9004965536989,A
EMEA_TEC-HEW-10004690,764.28,0.015708075496472577,69.91620462919538,A
LATAM_TEC-CO-10000956,763.01568,0.015682090210959808,69.93188671940634,A
LATAM_TEC-CO-10001978,762.75144,0.015676659345479634,69.94756337875181,A
US_FUR-TA-10000688,762.4749999999999,0.01567097773613457,69.96323435648794,A
EU_TEC-CO-10002466,761.886,0.015658872151182168,69.97889322863912,A
EU_FUR-FU-10001436,761.46,0.015650116668686886,69.9945433453078,A
EU_TEC-CO-10001596,760.5,0.015630386003908772,70.01017373131171,A
Africa_TEC-STA-10003330,759.96,0.015619287504971087,70.02579301881669,A
EU_TEC-CO-10003298,759.66,0.015613121672227925,70.04140614048892,A
Africa_TEC-HEW-10003695,759.66,0.015613121672227925,70.05701926216115,A
LATAM_OFF-ST-10002251,758.8,0.015595446285030871,70.07261470844618,A
APAC_TEC-CO-10003217,757.32,0.015565028176831286,70.08817973662302,A
LATAM_FUR-CH-10000528,756.832,0.015554998422235745,70.10373473504525,A
US_FUR-FU-10003806,756.8,0.015554340733409808,70.11928907577867,A
EU_OFF-ST-10001818,756.288,0.015543817712194817,70.13483289349087,A
Africa_TEC-NOK-10000784,756.0,0.015537898512761383,70.15037079200363,A
US_TEC-PH-10004539,755.96,0.015537076401728961,70.16590786840536,A
APAC_FUR-BO-10002285,754.05,0.015497820599930847,70.18140568900529,A
US_OFF-PA-10000357,753.876,0.015494244416939815,70.19689993342223,A
LATAM_FUR-CH-10001819,753.308,0.015482570440279435,70.21238250386251,A
EMEA_FUR-HON-10000103,752.79,0.015471924102409577,70.22785442796493,A
EU_TEC-MA-10003478,752.76,0.015471307519135264,70.24332573548406,A
APAC_TEC-PH-10002602,752.004,0.0154557696206225,70.25878150510468,A
Africa_FUR-OFF-10002542,751.8720000000001,0.015453056654215511,70.27423456175889,A
EU_OFF-AR-10002816,750.9599999999999,0.015434312522676305,70.28966887428156,A
LATAM_FUR-TA-10002235,750.864,0.015432339456198497,70.30510121373776,A
APAC_FUR-CH-10000981,750.195,0.015418589649181252,70.32051980338694,A
US_FUR-BO-10002824,748.8607999999999,0.01539116813569484,70.33591097152264,A
EU_OFF-AP-10001926,747.405,0.01536124740466987,70.3512722189273,A
EU_FUR-BO-10000002,747.36,0.015360322529758396,70.36663254145707,A
APAC_TEC-MA-10000199,747.0,0.015352923530466606,70.38198546498754,A
EU_OFF-AP-10001169,746.82,0.015349224030820712,70.39733468901835,A
US_OFF-BI-10000632,746.652,0.015345771164484542,70.41268046018284,A
US_FUR-FU-10003192,746.2560000000001,0.015337632265263572,70.4280180924481,A
EU_OFF-AP-10001568,745.728,0.01532678039963561,70.44334487284773,A
EU_FUR-BO-10001133,745.686,0.015325917183051568,70.45867079003078,A
APAC_TEC-MA-10000742,745.416,0.015320367933582726,70.47399115796436,A
US_OFF-AP-10001271,744.308,0.015297595457984656,70.48928875342234,A
APAC_FUR-BO-10002462,743.58,0.01528263303719459,70.50457138645953,A
APAC_OFF-AP-10002675,743.265,0.01527615891281427,70.51984754537234,A
APAC_TEC-AC-10002914,743.13,0.015273384288079849,70.53512092966042,A
APAC_TEC-PH-10003954,742.4639999999999,0.015259696139390036,70.55038062579982,A
EU_OFF-AR-10000980,741.24,0.015234539541797947,70.56561516534161,A
LATAM_OFF-AP-10002625,741.04,0.01523042898663584,70.58084559432825,A
EMEA_TEC-APP-10001586,740.34,0.01521604204356847,70.59606163637181,A
US_FUR-CH-10004875,740.272,0.015214644454813355,70.61127628082663,A
EU_OFF-SU-10002094,740.25,0.015214192293745522,70.62649047312037,A
US_OFF-BI-10004224,740.08,0.015210698321857733,70.64170117144222,A
US_FUR-FU-10003708,739.93,0.015207615405486152,70.65690878684771,A
LATAM_TEC-PH-10003157,739.44,0.015197544545338993,70.67210633139305,A
EU_OFF-AR-10002783,738.975,0.015187987504587094,70.68729431889764,A
EMEA_OFF-KIT-10004058,738.7769999999999,0.015183918054976608,70.70247823695262,A
LATAM_FUR-BO-10000746,736.736,0.015141969839547315,70.71762020679216,A
APAC_FUR-CH-10000694,735.9585,0.015125990056354626,70.73274619684852,A
US_TEC-AC-10000580,735.908,0.015124952141176196,70.7478711489897,A
LATAM_TEC-MA-10002080,735.672,0.015120101686084911,70.76299125067578,A
Canada_FUR-IKE-10004160,735.48,0.01511615555312929,70.77810740622891,A
EU_OFF-PA-10004694,735.4200000000001,0.01511492238658066,70.7932223286155,A
EMEA_FUR-IKE-10003682,735.12,0.015108756553837498,70.80833108516934,A
EU_TEC-CO-10000011,734.94,0.015105057054191602,70.82343614222353,A
EU_TEC-PH-10004241,734.8845000000001,0.01510391637513412,70.83854005859867,A
APAC_TEC-AC-10000865,734.448,0.015094945088492821,70.85363500368716,A
US_OFF-PA-10004359,733.95,0.015084709806139178,70.8687197134933,A
EU_FUR-BO-10000895,733.8,0.015081626889767595,70.88380134038307,A
EMEA_TEC-KON-10002034,733.5,0.015075461057024439,70.8988768014401,A
LATAM_FUR-FU-10001410,733.2,0.01506929522428128,70.91394609666438,A
Africa_TEC-SAM-10003520,732.9,0.015063129391538118,70.92900922605591,A
EU_OFF-AR-10003066,732.111,0.01504691325142361,70.94405613930734,A
EU_TEC-AC-10004808,732.06,0.015045865059857272,70.9591020043672,A
LATAM_OFF-AP-10001548,731.38,0.015031889172306112,70.9741338935395,A
LATAM_FUR-BO-10000038,731.34,0.015031067061273691,70.98916496060077,A
APAC_TEC-PH-10004211,730.32,0.01501010322994695,71.00417506383071,A
Africa_TEC-HP -10001577,729.99,0.015003320813929475,71.01917838464465,A
LATAM_TEC-AC-10002219,729.024,0.014983466832496501,71.03416185147714,A
EMEA_FUR-BUS-10000332,728.64,0.014975574566585258,71.04913742604373,A
APAC_TEC-AC-10001500,728.568,0.0149740947667269,71.06411152081046,A
APAC_TEC-CO-10001846,727.6878,0.01495600421345847,71.07906752502392,A
EU_FUR-CH-10001051,727.443,0.014950972893940052,71.09401849791786,A
APAC_FUR-TA-10002571,727.056,0.014943018969701377,71.10896151688756,A
LATAM_OFF-BI-10003709,726.624,0.014934140170551228,71.12389565705811,A
EU_FUR-FU-10000135,725.76,0.014916382572250928,71.13881203963037,A
EMEA_OFF-BRE-10003558,724.4580000000001,0.014889622858145617,71.15370166248852,A
LATAM_OFF-AP-10002531,723.492,0.014869768876712644,71.16857143136522,A
EU_TEC-CO-10004365,723.3,0.014865822743757022,71.18343725410898,A
APAC_TEC-CO-10004961,723.3,0.014865822743757022,71.19830307685274,A
LATAM_OFF-AP-10003559,723.12,0.014862123244111127,71.21316520009685,A
US_OFF-AP-10004540,721.44,0.014827594580749434,71.2279927946776,A
EU_TEC-PH-10003055,721.395,0.014826669705837962,71.24281946438344,A
EU_OFF-ST-10002659,720.0,0.01479799858358227,71.25761746296703,A
US_TEC-AC-10001539,719.91,0.01479614883375932,71.27241361180079,A
LATAM_FUR-CH-10000326,719.52,0.014788133251193214,71.28720174505197,A
LATAM_TEC-AC-10001754,719.424,0.014786160184715404,71.30198790523669,A
EU_FUR-CH-10000807,718.794,0.01477321193595477,71.31676111717265,A
APAC_OFF-BI-10004869,718.4535,0.014766213715791282,71.33152733088843,A
LATAM_TEC-CO-10003262,718.0186,0.014757275313591285,71.34628460620202,A
Africa_TEC-CIS-10002544,717.84,0.014753604587831523,71.36103821078986,A
APAC_OFF-ST-10004576,716.6478,0.014729101568510209,71.37576731235836,A
EU_TEC-MA-10003780,715.53,0.014706127675709196,71.39047344003407,A
APAC_FUR-FU-10001674,715.2539999999999,0.014700455109585488,71.40517389514366,A
APAC_FUR-CH-10001322,714.15,0.014677764845090664,71.41985165998875,A
LATAM_FUR-BO-10002378,713.944,0.014673530973273693,71.43452519096202,A
US_TEC-PH-10002726,713.8639999999999,0.01467188675120885,71.44919707771322,A
LATAM_TEC-CO-10001933,713.15088,0.014657230155722846,71.46385430786894,A
EU_OFF-EN-10002449,712.8,0.014650018597746447,71.47850432646669,A
EU_TEC-CO-10003474,712.65,0.014646935681374866,71.49315126214806,A
LATAM_OFF-ST-10002685,712.476,0.014643359498383836,71.50779462164644,A
US_FUR-BO-10004218,711.949,0.014632528185531686,71.52242714983197,A
APAC_TEC-CO-10004756,711.12,0.014615489934384756,71.53704263976636,A
US_OFF-AP-10002439,709.7,0.014586304992733801,71.55162894475909,A
APAC_TEC-PH-10004358,707.928,0.01454988547399754,71.56617883023308,A
US_TEC-PH-10002415,707.88,0.014548898940758634,71.58072772917384,A
US_OFF-ST-10003994,707.76,0.014546432607661372,71.5952741617815,A
US_FUR-CH-10002126,707.5419999999999,0.014541952102534674,71.60981611388404,A
US_OFF-BI-10004593,707.4,0.01453903360836958,71.62435514749241,A
US_OFF-AP-10000938,706.86,0.014527935109431893,71.63888308260184,A
EU_FUR-BO-10000311,706.32,0.014516836610494209,71.65339991921233,A
EU_OFF-ST-10003018,706.2,0.014514370277396944,71.66791428948973,A
EU_OFF-ST-10003414,705.7919999999999,0.014505984744866245,71.6824202742346,A
EMEA_FUR-OFF-10001132,705.72,0.014504504945007888,71.69692477917961,A
US_OFF-PA-10000806,705.348,0.01449685931240637,71.71142163849201,A
EU_FUR-CH-10002002,705.0450000000001,0.014490631821335781,71.72591227031334,A
APAC_OFF-PA-10004727,704.3691,0.014476740200165442,71.74038901051351,A
US_TEC-MA-10001695,703.71,0.01446319386562872,71.75485220437913,A
APAC_FUR-FU-10002210,703.5,0.01445887778270851,71.76931108216185,A
EU_TEC-CO-10001795,703.29,0.014454561699788298,71.78376564386164,A
LATAM_OFF-AP-10002344,701.2839999999999,0.014413332831512372,71.79817897669315,A
US_FUR-TA-10001307,698.9,0.014364335013980066,71.81254331170713,A
APAC_FUR-BO-10000071,698.4449999999999,0.014354983500986275,71.82689829520811,A
APAC_FUR-FU-10001942,697.86,0.014342960127137117,71.84124125533525,A
US_OFF-BI-10001718,697.3820000000001,0.014333135900299682,71.85557439123555,A
APAC_TEC-CO-10001895,696.852,0.014322242929120101,71.86989663416468,A
EU_FUR-CH-10001674,696.762,0.01432039317929715,71.88421702734398,A
EU_FUR-BO-10004660,696.762,0.01432039317929715,71.89853742052328,A
APAC_FUR-CH-10003760,695.7414,0.014299417016304924,71.91283683753959,A
APAC_OFF-ST-10000752,695.538,0.014295236581705062,71.92713207412129,A
APAC_OFF-BI-10000340,695.52,0.014294866631740474,71.94142694075303,A
EMEA_TEC-PAN-10002690,695.28,0.014289933965545945,71.95571687471858,A
APAC_TEC-MA-10004168,695.28,0.014289933965545945,71.97000680868412,A
Africa_OFF-WIL-10003532,695.232,0.01428894743230704,71.98429575611642,A
Canada_FUR-BUS-10003368,695.16,0.014287467632448682,71.99858322374887,A
US_TEC-AC-10004469,695.13,0.014286851049174364,72.01287007479804,A
LATAM_TEC-PH-10004237,694.72,0.014278424411092049,72.02714849920913,A
APAC_TEC-AC-10002601,694.7085,0.014278188054170226,72.0414266872633,A
EU_OFF-BI-10001984,694.17,0.014267120384396254,72.0556938076477,A
APAC_FUR-FU-10001471,693.693,0.014257316710334632,72.06995112435803,A
Africa_TEC-HP -10004590,693.174,0.014246649819688966,72.08419777417771,A
APAC_TEC-PH-10004655,692.5635,0.014234102350056638,72.09843187652777,A
EU_OFF-ST-10002263,692.55,0.014233824887583197,72.11266570141535,A
LATAM_FUR-TA-10000519,692.328,0.014229262171353257,72.12689496358671,A
APAC_TEC-PH-10004221,692.2340999999999,0.014227332265704648,72.14112229585241,A
EU_TEC-CO-10003406,691.56,0.014213477639530769,72.15533577349194,A
LATAM_OFF-ST-10004412,691.2,0.01420607864023898,72.16954185213218,A
LATAM_OFF-PA-10000591,690.56,0.014192924863720239,72.1837347769959,A
Africa_FUR-BUS-10004854,690.48,0.014191280641655398,72.19792605763756,A
LATAM_FUR-FU-10004288,690.106,0.014183593903502257,72.21210965154106,A
APAC_FUR-CH-10003702,688.32,0.01414688664590465,72.22625653818696,A
US_TEC-PH-10000562,688.138,0.014143146040707134,72.24039968422767,A
EU_OFF-AR-10001216,688.08,0.014141953979710124,72.25454163820739,A
APAC_TEC-CO-10004507,688.068,0.014141707346400396,72.26868334555378,A
EU_TEC-AC-10002348,687.6,0.014132088647321068,72.2828154342011,A
EU_OFF-PA-10001223,687.5640000000001,0.01413134874739189,72.2969467829485,A
LATAM_FUR-BO-10002250,687.48,0.014129622314223805,72.31107640526272,A
US_FUR-BO-10004690,687.4,0.014127978092158962,72.32520438335489,A
EMEA_OFF-CAR-10001577,686.826,0.014116180798843718,72.33932056415372,A
US_TEC-MA-10003176,686.4,0.01410742531634843,72.35342798947008,A
APAC_TEC-AC-10003951,686.313,0.014105637224852915,72.36753362669494,A
APAC_OFF-BI-10004666,686.256,0.014104465716631712,72.38163809241156,A
APAC_FUR-CH-10002940,684.5688,0.014069789073284189,72.39570788148485,A
US_TEC-PH-10001363,683.988,0.014057852021093432,72.40976573350595,A
EU_OFF-BI-10004227,683.76,0.014053165988208629,72.42381889949417,A
LATAM_TEC-CO-10001040,683.6294399999999,0.014050482617798803,72.43786938211197,A
APAC_OFF-ST-10004350,683.4300000000001,0.014046383572191155,72.45191576568416,A
APAC_TEC-PH-10003813,683.4,0.014045766988916839,72.46596153267308,A
EU_OFF-AP-10002568,683.28,0.014043300655819574,72.48000483332889,A
EU_OFF-ST-10004996,683.046,0.014038491306279911,72.49404332463517,A
LATAM_OFF-EN-10004410,682.5,0.014027269490687359,72.50807059412585,A
LATAM_OFF-ST-10004597,682.08,0.01401863732484694,72.5220892314507,A
LATAM_FUR-TA-10001726,681.92,0.014015348880717251,72.53610458033143,A
EU_FUR-CH-10004101,681.72,0.014011238325555148,72.55011581865698,A
Africa_FUR-SAF-10001136,681.72,0.014011238325555148,72.56412705698253,A
US_FUR-BO-10003894,681.408,0.01400482585950226,72.57813188284203,A
APAC_TEC-PH-10004300,681.3,0.014002606159714721,72.59213448900175,A
LATAM_FUR-CH-10001374,680.96,0.013995618215939145,72.6061301072177,A
Africa_FUR-SAF-10003819,680.76,0.013991507660777038,72.62012161487847,A
US_OFF-ST-10001272,680.524,0.013986657205685753,72.63410827208416,A
APAC_FUR-BO-10001668,679.8924,0.013973676072483818,72.64808194815664,A
EU_TEC-PH-10000026,679.8,0.013971776995998924,72.66205372515265,A
EU_TEC-MA-10002686,679.536,0.013966351063184945,72.67602007621583,A
Africa_TEC-NOK-10001678,678.36,0.013942180998831764,72.68996225721466,A
EU_OFF-BI-10004195,677.88,0.013932315666442707,72.7038945728811,A
EMEA_FUR-DAN-10000597,677.4,0.01392245033405365,72.71781702321515,A
EU_FUR-BO-10000022,677.4,0.01392245033405365,72.7317394735492,A
US_FUR-BO-10003965,676.8652,0.013911458709550179,72.74565093225874,A
APAC_TEC-CO-10000821,675.8775,0.01389115873288212,72.75954209099163,A
EMEA_TEC-SHA-10004874,675.855,0.013890696295426382,72.77343278728705,A
LATAM_FUR-CH-10003697,674.5840000000001,0.013864573717371197,72.78729736100442,A
EU_TEC-AC-10002263,674.46,0.013862025173170693,72.80115938617759,A
APAC_FUR-FU-10000496,674.4336000000001,0.013861482579889296,72.81502086875747,A
EU_TEC-CO-10000775,674.4,0.013860792006622059,72.8288816607641,A
EMEA_FUR-ELD-10004384,674.25,0.013857709090250478,72.84273936985434,A
LATAM_OFF-ST-10001941,674.208,0.013856845873666437,72.856596215728,A
LATAM_FUR-CH-10002846,674.048,0.013853557429536752,72.87044977315755,A
EU_FUR-TA-10004524,673.647,0.013845315766436732,72.88429508892398,A
LATAM_FUR-FU-10000159,673.072,0.013833497920345675,72.89812858684432,A
Africa_TEC-SHA-10003039,672.96,0.013831196009454896,72.91195978285377,A
LATAM_OFF-ST-10002423,672.384,0.013819357610588029,72.92577914046436,A
Africa_FUR-HAR-10002178,672.03,0.0138120819279511,72.93959122239231,A
APAC_TEC-MA-10004414,672.0,0.013811465344676786,72.95340268773698,A
US_OFF-ST-10003656,671.93,0.013810026650370047,72.96721271438736,A
US_TEC-AC-10001990,671.8879999999999,0.013809163433786003,72.98102187782115,A
EU_TEC-AC-10004571,671.814,0.013807642528376025,72.99482952034953,A
US_OFF-AP-10001058,671.544,0.013802093278907182,73.00863161362844,A
EU_TEC-PH-10004028,670.95,0.013789884930075729,73.02242149855851,A
EU_FUR-FU-10004422,670.8000000000001,0.01378680201370415,73.03620830057221,A
EU_FUR-BO-10004620,670.41,0.013778786431138041,73.04998708700334,A
EU_TEC-MA-10001335,669.9870000000001,0.013770092606970189,73.06375717961032,A
LATAM_FUR-CH-10004725,669.204,0.013753999783510539,73.07751117939382,A
APAC_OFF-AP-10002963,669.12,0.013752273350342455,73.09126345274417,A
APAC_TEC-MA-10001308,668.8638,0.013747007729179798,73.10501046047335,A
Africa_TEC-EPS-10002711,668.4,0.013737475351758874,73.11874793582511,A
Africa_OFF-SAN-10002323,668.3820000000001,0.013737105401794285,73.1324850412269,A
EU_FUR-TA-10003786,668.34,0.013736242185210244,73.1462212834121,A
EMEA_OFF-CUI-10003993,668.304,0.013735502285281063,73.15995678569739,A
EU_FUR-CH-10000966,668.25,0.013734392435387294,73.17369117813277,A
EU_OFF-AR-10001777,668.25,0.013734392435387294,73.18742557056815,A
US_OFF-BI-10001597,667.974,0.01372871986926359,73.20115429043742,A
EMEA_TEC-APP-10001389,667.56,0.013720211020078026,73.21487450145749,A
Africa_TEC-SHA-10002753,667.2,0.013712812020786239,73.22858731347827,A
EMEA_FUR-NOV-10002791,666.84,0.013705413021494446,73.24229272649977,A
EU_TEC-AC-10003554,666.72,0.013702946688397182,73.25599567318817,A
EU_OFF-SU-10002337,666.72,0.013702946688397182,73.26969861987656,A
Africa_OFF-TEN-10003089,666.0,0.013688148689813601,73.28338676856637,A
LATAM_FUR-CH-10000302,665.912,0.013686340045542273,73.29707310861191,A
LATAM_TEC-CO-10002089,665.48636,0.013677591962046279,73.31075070057396,A
APAC_TEC-AC-10001616,665.145,0.013670576066495596,73.32442127664046,A
LATAM_FUR-CH-10000656,664.56,0.013658552692646434,73.33807982933311,A
APAC_OFF-SU-10000970,664.482,0.013656949576133212,73.35173677890924,A
EMEA_TEC-SAN-10002477,664.272,0.013652633493213003,73.36538941240245,A
EU_TEC-AC-10004508,664.2,0.013651153693354645,73.37904056609581,A
US_TEC-PH-10000215,664.05,0.013648070776983065,73.39268863687279,A
APAC_OFF-AP-10003304,663.84,0.013643754694062853,73.40633239156685,A
APAC_TEC-PH-10003491,662.4396,0.013614972586817787,73.41994736415367,A
LATAM_TEC-CO-10002998,662.19296,0.013609903450191875,73.43355726760386,A
LATAM_TEC-CO-10002504,662.15904,0.013609206300036383,73.44716647390389,A
Africa_FUR-SAF-10002314,662.04,0.013606759697603896,73.4607732336015,A
EU_FUR-CH-10003750,661.905,0.013603985072869475,73.47437721867438,A
LATAM_TEC-CO-10004521,661.55424,0.013596775981226173,73.4879739946556,A
LATAM_FUR-TA-10004406,661.32,0.013591961699020315,73.50156595635463,A
LATAM_OFF-ST-10002930,661.3,0.013591550643504103,73.51515750699814,A
LATAM_FUR-TA-10002982,660.894,0.013583206216525028,73.52874071321466,A
US_OFF-AP-10001005,660.6600000000001,0.013578396866985367,73.54231911008165,A
Africa_FUR-TEN-10000986,660.24,0.01356976470114494,73.5558888747828,A
APAC_TEC-PH-10002428,660.15,0.013567914951321994,73.56945678973412,A
US_TEC-PH-10003885,659.9,0.01356277675736936,73.58301956649149,A
APAC_TEC-MA-10001372,659.604,0.013556693135729445,73.59657625962721,A
APAC_FUR-FU-10000666,659.34,0.013551267202915464,73.61012752683013,A
EU_TEC-PH-10003847,659.34,0.013551267202915464,73.62367879403304,A
US_TEC-PH-10003963,659.168,0.013547732125476053,73.63722652615851,A
LATAM_FUR-CH-10003392,657.84,0.013520438039199667,73.65074696419771,A
Africa_FUR-NOV-10001972,657.84,0.013520438039199667,73.6642674022369,A
EU_FUR-CH-10002647,657.15,0.013506256623890399,73.67777365886079,A
APAC_OFF-AR-10003110,656.4234,0.01349132297698647,73.69126498183778,A
EU_OFF-ST-10003204,656.28,0.013488375708935239,73.7047533575467,A
EU_FUR-BO-10000514,655.776,0.013478017109926731,73.71823137465664,A
LATAM_FUR-FU-10004915,655.776,0.013478017109926731,73.73170939176657,A
APAC_TEC-PH-10003891,655.452,0.013471358010564118,73.74518074977713,A
Africa_OFF-ELD-10002297,653.103,0.013423079540185182,73.75860382931732,A
US_FUR-CH-10001190,652.752,0.013415865515875687,73.7720196948332,A
EU_OFF-AR-10001546,652.26,0.013405753550176905,73.78542544838338,A
US_FUR-CH-10002880,651.847,0.013397265253767155,73.79882271363715,A
EU_TEC-MA-10000003,651.6405,0.013393021105562281,73.81221573474271,A
US_OFF-PA-10001357,651.4399999999999,0.013388900274012268,73.82560463501672,A
LATAM_OFF-AR-10003245,650.56,0.013370813831299,73.83897544884802,A
APAC_FUR-CH-10003580,650.4981,0.013369541614476331,73.8523449904625,A
US_FUR-BO-10003450,649.376,0.013346479344739334,73.86569146980723,A
US_TEC-MA-10001856,649.0,0.013338751501034573,73.87903022130827,A
Africa_OFF-HAM-10003040,648.576,0.013330037124090909,73.89236025843236,A
EU_TEC-AC-10004704,648.48,0.013328064057613099,73.90568832248998,A
US_OFF-AP-10001124,647.84,0.013314910281094359,73.91900323277108,A
US_OFF-ST-10002344,647.84,0.013314910281094359,73.93231814305217,A
Africa_TEC-EPS-10003473,647.76,0.013313266059029516,73.9456314091112,A
EU_TEC-CO-10001952,647.595,0.01330987485102078,73.95894128396222,A
EU_OFF-AR-10001228,647.19,0.013301550976817515,73.97224283493904,A
APAC_FUR-CH-10001477,646.92,0.013296001727348667,73.9855388366664,A
APAC_FUR-CH-10002207,646.5581999999999,0.013288565733060418,73.99882740239946,A
US_OFF-ST-10001511,646.5,0.013287369561508248,74.01211477196097,A
LATAM_OFF-AP-10001285,645.948,0.013276024429260833,74.02539079639023,A
EU_FUR-FU-10001200,645.888,0.013274791262712202,74.03866558765294,A
Africa_TEC-MOT-10002272,645.54,0.013267638896730135,74.05193322654968,A
APAC_OFF-PA-10002479,645.1116,0.013258834087572904,74.06519206063726,A
US_OFF-ST-10002974,644.836,0.013253169742559525,74.07844523037981,A
LATAM_FUR-BO-10000378,644.448,0.013245195265545035,74.09169042564535,A
EU_OFF-AR-10002902,644.4,0.01324420873230613,74.10493463437766,A
APAC_TEC-PH-10003946,644.4,0.01324420873230613,74.11817884310996,A
APAC_OFF-PA-10002811,643.5072,0.01322585921406249,74.13140470232402,A
LATAM_TEC-AC-10001405,643.0319999999999,0.013216092534997325,74.14462079485902,A
APAC_FUR-TA-10004667,642.96,0.013214612735138966,74.15783540759416,A
EMEA_TEC-MOT-10003348,642.69,0.013209063485670124,74.17104447107984,A
APAC_FUR-CH-10002626,641.9114999999999,0.013193063149701624,74.18423753422954,A
LATAM_OFF-ST-10003858,640.9200000000001,0.013172685072485485,74.19741021930203,A
LATAM_FUR-TA-10000945,640.74,0.013168985572839588,74.21057920487486,A
EU_TEC-MA-10003743,640.725,0.013168677281202431,74.22374788215606,A
LATAM_FUR-TA-10003597,640.332,0.013160600040308893,74.23690848219637,A
Africa_TEC-BRO-10004328,639.96,0.013152954407707374,74.25006143660407,A
EU_OFF-BI-10000734,639.6,0.013145555408415582,74.26320699201248,A
Africa_TEC-NOK-10000534,638.91,0.013131373993106316,74.27633836600559,A
US_FUR-TA-10003469,638.25,0.013117809161071367,74.28945617516666,A
US_OFF-PA-10003302,637.92,0.013111026745053891,74.30256720191171,A
US_FUR-TA-10004915,637.896,0.013110533478434439,74.31567773539015,A
Africa_TEC-HEW-10000930,637.776,0.013108067145337174,74.32878580253549,A
EMEA_TEC-CIS-10003017,637.686,0.013106217395514227,74.34189201993101,A
APAC_OFF-SU-10003834,637.6734,0.013105958430539015,74.35499797836155,A
EU_TEC-PH-10001070,637.623,0.013104922570638165,74.36810290093219,A
EU_TEC-PH-10001163,636.624,0.013084390347603444,74.38118729127979,A
EMEA_FUR-BAR-10003576,636.6,0.013083897080983991,74.39427118836078,A
Canada_OFF-ROG-10002132,636.3,0.01307773124824083,74.40734891960902,A
Africa_OFF-ROG-10002132,636.3,0.01307773124824083,74.42042665085727,A
Africa_TEC-APP-10004657,636.3,0.01307773124824083,74.43350438210551,A
Africa_TEC-SAM-10004785,636.15,0.013074648331869252,74.44657903043738,A
EMEA_TEC-CAN-10002363,636.06,0.013072798582046302,74.45965182901942,A
LATAM_TEC-CO-10001001,635.90848,0.013069684425455494,74.47272151344488,A
LATAM_TEC-PH-10002755,635.7,0.013065399582754513,74.48578691302764,A
APAC_OFF-SU-10002709,635.325,0.013057692291825563,74.49884460531946,A
EU_OFF-AP-10003615,634.23,0.013035187002313032,74.51187979232178,A
US_FUR-CH-10000863,634.116,0.013032843985870632,74.52491263630765,A
US_OFF-AP-10001469,633.992,0.013030295441670125,74.53794293174931,A
EU_TEC-CO-10003807,633.879,0.013027972978003536,74.55097090472732,A
US_TEC-PH-10001750,633.504,0.013020265687074586,74.5639911704144,A
US_OFF-EN-10003296,633.36,0.01301730608735787,74.57700847650176,A
LATAM_TEC-CO-10002110,633.3200400000001,0.013016484798436482,74.5900249613002,A
EMEA_OFF-STA-10001968,631.8,0.012985243757093442,74.6030102050573,A
APAC_OFF-AP-10000381,631.512,0.012979324557660009,74.61598952961496,A
EU_FUR-TA-10004005,631.5,0.012979077924350282,74.62896860753932,A
LATAM_OFF-AR-10001192,631.4399999999999,0.01297784475780165,74.64194645229712,A
LATAM_TEC-CO-10003318,631.24992,0.012973938086175585,74.6549203903833,A
APAC_OFF-SU-10001535,631.05,0.012969829175235544,74.66789021955853,A
EU_FUR-CH-10003440,630.8820000000001,0.012966376308899377,74.68085659586743,A
US_OFF-PA-10001970,630.5999999999999,0.012960580426120803,74.69381717629355,A
EU_OFF-ST-10002340,629.856,0.01294528916091777,74.70676246545447,A
APAC_FUR-CH-10003910,629.4404999999999,0.012936749482568493,74.71969921493704,A
US_FUR-TA-10002356,629.064,0.01292901136247583,74.73262822629951,A
LATAM_FUR-BO-10001042,628.3199999999999,0.012913720097272794,74.74554194639678,A
APAC_TEC-MA-10003441,628.2,0.012911253764175533,74.75845320016096,A
EMEA_TEC-OKI-10003124,628.2,0.012911253764175533,74.77136445392513,A
EU_FUR-TA-10003527,627.276,0.012892262999326599,74.78425671692446,A
EMEA_TEC-KON-10002309,627.12,0.012889056766300156,74.79714577369076,A
US_OFF-BI-10001071,627.004,0.012886672644306135,74.81003244633506,A
EMEA_TEC-HP -10003248,626.094,0.012867969618318554,74.82290041595337,A
LATAM_OFF-ST-10000645,625.94,0.012864804490843732,74.83576522044422,A
LATAM_TEC-PH-10003215,625.716,0.012860200669062172,74.84862542111328,A
US_TEC-PH-10002398,624.3439999999999,0.012832002260650122,74.86145742337393,A
EMEA_TEC-OKI-10003221,624.312,0.012831344571824187,74.87428876794576,A
EU_TEC-MA-10003787,624.18,0.012828631605417196,74.88711739955117,A
US_FUR-CH-10004540,623.896,0.012822794617087005,74.89994019416827,A
EU_TEC-MA-10004408,623.7,0.012818766273028142,74.9127589604413,A
APAC_FUR-TA-10003185,622.86,0.012801501941347295,74.92556046238265,A
EU_TEC-AC-10000254,622.8000000000001,0.012800268774798665,74.93836073115745,A
APAC_TEC-PH-10002320,622.65,0.012797185858427084,74.95115791701588,A
EMEA_OFF-KIT-10003337,622.14,0.012786703942763714,74.96394462095864,A
Africa_OFF-FEL-10002867,622.08,0.012785470776215084,74.97673009173485,A
US_OFF-AP-10000026,621.894,0.012781647959914322,74.98951173969476,A
EU_OFF-AR-10001269,621.81,0.012779921526746237,75.0022916612215,A
EU_OFF-AR-10000475,621.396,0.012771412677560677,75.01506307389907,A
EU_OFF-PA-10003416,620.16,0.01274600944665886,75.02780908334573,A
Africa_OFF-KIT-10001380,619.5,0.012732444614623912,75.04054152796036,A
EU_TEC-AC-10002017,619.4100000000001,0.012730594864800965,75.05327212282516,A
APAC_FUR-BO-10000321,618.732,0.012716660082801421,75.06598878290797,A
Africa_TEC-PAN-10000092,618.48,0.012711480783297171,75.07870026369126,A
US_TEC-AC-10003023,617.4480000000001,0.012690270318660704,75.09139053400992,A
APAC_FUR-BO-10000112,617.1,0.012683117952678638,75.1040736519626,A
APAC_FUR-CH-10003512,617.088,0.012682871319368912,75.11675652328196,A
EMEA_OFF-STA-10004108,616.776,0.012676458853316024,75.12943298213528,A
US_TEC-PH-10002310,616.746,0.012675842270041707,75.14210882440533,A
EU_FUR-CH-10002498,616.707,0.012675040711785098,75.15478386511711,A
EU_FUR-CH-10002610,615.7139999999999,0.012654631805405239,75.16743849692251,A
APAC_FUR-CH-10002890,614.79,0.01263564104055631,75.18007413796308,A
LATAM_TEC-AC-10001830,614.736,0.012634531190662542,75.19270866915373,A
EU_OFF-ST-10000127,614.628,0.012632311490875008,75.2053409806446,A
APAC_OFF-AP-10004937,613.56,0.012610361126309358,75.21795134177091,A
EU_OFF-BI-10000346,613.155,0.012602037252106091,75.23055337902302,A
Africa_OFF-SAN-10004420,613.116,0.012601235693849482,75.24315461471687,A
EU_TEC-MA-10003298,613.095,0.01260080408555746,75.25575541880242,A
EU_OFF-BI-10004446,613.08,0.012600495793920304,75.26835591459634,A
APAC_OFF-ST-10003206,612.0288,0.012578890715988274,75.28093480531233,A
APAC_FUR-CH-10002749,611.7774,0.012573723748149503,75.29350852906047,A
EU_OFF-AR-10003012,611.52,0.012568433463655874,75.30607696252413,A
APAC_TEC-PH-10000824,610.6725,0.012551014986156449,75.31862797751029,A
US_OFF-PA-10000474,609.568,0.01252831444527372,75.33115629195557,A
APAC_TEC-MA-10004533,609.4026,0.012524915016154657,75.34368120697172,A
LATAM_FUR-BO-10004565,608.84,0.012513352024483653,75.35619455899621,A
EU_OFF-AR-10001714,608.4,0.012504308803127018,75.36869886779934,A
EU_FUR-CH-10004506,608.2560000000001,0.012501349203410304,75.38120021700274,A
EMEA_FUR-DAN-10004625,607.95,0.012495060054012281,75.39369527705675,A
US_TEC-AC-10002567,607.924,0.012494525681841206,75.4061898027386,A
APAC_TEC-MA-10003338,607.5459,0.012486754677307242,75.4186765574159,A
LATAM_TEC-PH-10004901,607.288,0.012481454116425707,75.43115801153233,A
US_TEC-PH-10001700,607.108,0.012477754616779812,75.44363576614911,A
LATAM_TEC-PH-10004631,606.9,0.012473479639411221,75.45610924578853,A
LATAM_FUR-TA-10001740,606.18,0.01245868164082764,75.46856792742935,A
EU_OFF-AR-10001529,606.081,0.012456646916022397,75.48102457434537,A
LATAM_TEC-PH-10000931,606.06,0.012456215307730376,75.4934807896531,A
LATAM_TEC-PH-10004871,605.6600000000001,0.012447994197406165,75.5059287838505,A
LATAM_TEC-PH-10001288,605.64,0.012447583141889953,75.5183763669924,A
Africa_FUR-BEV-10002369,605.61,0.012446966558615638,75.53082333355101,A
EMEA_TEC-APP-10004049,605.52,0.012445116808792688,75.5432684503598,A
US_FUR-CH-10000988,605.483,0.0124443563560877,75.55571280671589,A
EU_TEC-MA-10002149,605.1,0.012436484642952265,75.56814929135884,A
EU_OFF-AP-10001103,604.92,0.01243278514330637,75.58058207650214,A
APAC_TEC-MA-10001546,604.8,0.012430318810209107,75.59301239531234,A
US_TEC-PH-10002597,604.752,0.012429332276970202,75.60544172758931,A
US_FUR-FU-10001215,603.8199999999999,0.012410177089914785,75.61785190467923,A
US_FUR-CH-10001714,603.5600000000001,0.01240483336820405,75.63025673804744,A
Canada_TEC-STA-10004536,603.54,0.012404422312687837,75.64266116036012,A
Africa_FUR-SAF-10001428,603.24,0.01239825647994468,75.65505941684006,A
EU_TEC-CO-10000119,602.76,0.012388391147555623,75.66744780798761,A
LATAM_TEC-PH-10003312,601.44,0.012361261483485722,75.6798090694711,A
EU_OFF-AP-10001882,601.056,0.01235336921757448,75.69216243868868,A
EMEA_OFF-ELD-10001832,600.78,0.012347696651450772,75.70451013534013,A
LATAM_TEC-AC-10002308,600.64,0.012344819262837299,75.71685495460297,A
EMEA_TEC-HEW-10004833,600.48,0.012341530818707614,75.72919648542167,A
EMEA_TEC-STA-10004181,600.36,0.012339064485610349,75.74153554990728,A
Canada_TEC-STA-10004181,600.36,0.012339064485610349,75.7538746143929,A
APAC_TEC-MA-10003084,600.3,0.012337831319061715,75.76621244571196,A
US_TEC-PH-10001448,599.88,0.012329199153221296,75.77854164486519,A
EMEA_FUR-SAF-10002180,599.859,0.012328767544929274,75.79087041241011,A
EMEA_TEC-HP -10003618,599.16,0.012314401154637711,75.80318481356476,A
EU_OFF-ST-10003931,599.13,0.012313784571363397,75.81549859813612,A
APAC_FUR-FU-10002890,598.752,0.012306015622107015,75.82780461375822,A
LATAM_TEC-CO-10003784,598.68024,0.012304540754914852,75.84010915451313,A
EMEA_FUR-HAR-10000441,598.32,0.012297136822956868,75.85240629133608,A
LATAM_TEC-CO-10000387,598.15808,0.012293808917497625,75.86470010025357,A
APAC_OFF-SU-10003105,597.8784,0.012288060717158936,75.87698816097073,A
Africa_TEC-STA-10000893,597.84,0.012287271490567811,75.88927543246129,A
LATAM_FUR-BO-10004423,597.168,0.012273460025223134,75.90154889248652,A
US_TEC-MA-10003674,597.132,0.012272720125293955,75.91382161261181,A
EU_OFF-AP-10001138,596.112,0.012251756293967214,75.92607336890578,A
Africa_FUR-OFF-10003688,595.4639999999999,0.012238438095241987,75.93831180700101,A
APAC_OFF-AP-10000691,595.296,0.01223498522890582,75.95054679222991,A
US_TEC-AC-10002842,595.0,0.012228901607265903,75.96277569383719,A
LATAM_TEC-AC-10002799,594.948,0.012227832862923756,75.9750035267001,A
EU_TEC-AC-10002158,594.6600000000001,0.012221913663490324,75.9872254403636,A
APAC_TEC-CO-10004689,594.36,0.012215747830747163,75.99944118819435,A
APAC_FUR-CH-10001695,594.0,0.012208348831455374,76.0116495370258,A
APAC_TEC-PH-10003784,593.9895,0.012208133027309364,76.02385767005312,A
Africa_OFF-ELD-10001477,593.8199999999999,0.012204649331809477,76.03606231938492,A
APAC_OFF-BI-10004651,593.7138,0.0122024666270184,76.04826478601194,A
APAC_TEC-AC-10002340,593.568,0.012199470032305223,76.06046425604424,A
EU_OFF-AR-10001190,593.01,0.012188001583402948,76.07265225762764,A
EMEA_TEC-HP -10000464,592.722,0.012182082383969513,76.08483434001161,A
LATAM_TEC-AC-10001948,592.64,0.01218039705635305,76.09701473706797,A
Africa_OFF-ROG-10001735,592.5360000000001,0.012178259567668756,76.10919299663563,A
LATAM_FUR-CH-10000265,592.02,0.01216765433535052,76.12136065097098,A
EU_OFF-BI-10001138,591.6,0.012159022169510099,76.1335196731405,A
Africa_TEC-SHA-10000244,591.3,0.012152856336766939,76.14567252947727,A
LATAM_OFF-SU-10002189,591.12,0.012149156837121044,76.15782168631439,A
EU_FUR-CH-10001278,591.117,0.01214909517879361,76.16997078149319,A
LATAM_FUR-CH-10003844,590.848,0.01214356648210058,76.18211434797529,A
EMEA_OFF-AVE-10003549,590.4000000000001,0.012134358838537463,76.19424870681382,A
APAC_FUR-CH-10002117,590.2950000000001,0.012132200797077356,76.2063809076109,A
Africa_TEC-SAN-10000235,590.088,0.012127946372484575,76.2185088539834,A
APAC_TEC-CO-10000865,589.1364,0.012108388351023274,76.23061724233442,A
EU_FUR-CH-10004790,588.4110000000001,0.012093479367450317,76.24271072170187,A
LATAM_FUR-CH-10003423,588.192,0.01208897830954781,76.25479970001142,A
APAC_OFF-ST-10001026,587.9808,0.012084637563296627,76.26688433757471,A
APAC_TEC-PH-10004682,587.8392,0.012081727290241854,76.27896606486495,A
EU_TEC-AC-10004586,587.16,0.01206776784491134,76.29103383270986,A
APAC_OFF-BI-10002562,586.8828,0.012062070615456662,76.30309590332531,A
APAC_TEC-PH-10001492,585.6,0.012035705514646914,76.31513160883996,A
US_FUR-CH-10003833,585.408,0.012031759381691291,76.32716336822165,A
EU_FUR-FU-10000972,585.36,0.012030772848452385,76.3391941410701,A
EU_OFF-ST-10002437,585.234,0.012028183198700259,76.35122232426879,A
LATAM_FUR-BO-10000636,585.208,0.012027648826529184,76.36324997309532,A
EU_TEC-MA-10002435,585.15,0.012026456765532174,76.37527642986085,A
EU_FUR-BO-10001892,583.47,0.011991928102170483,76.38726835796302,A
APAC_FUR-CH-10002631,583.11,0.01198452910287869,76.3992528870659,A
APAC_TEC-CO-10002696,582.84,0.011978979853409849,76.41123186691931,A
LATAM_TEC-AC-10003857,582.72,0.011976513520312584,76.42320838043962,A
EU_FUR-CH-10003540,582.6690000000001,0.011975465328746248,76.43518384576836,A
US_FUR-FU-10004848,582.562,0.01197326618173452,76.4471571119501,A
APAC_TEC-AC-10000269,582.4908,0.011971802824096812,76.4591289147742,A
EU_FUR-CH-10000133,582.306,0.011968004671127025,76.47109691944533,A
EU_OFF-BI-10003068,582.12,0.011964181854826266,76.48306110130015,A
US_TEC-AC-10003174,582.066,0.011963072004932497,76.49502417330508,A
US_OFF-ST-10000676,581.58,0.011953083355888579,76.50697725666097,A
Africa_TEC-MOT-10001196,581.526,0.01195197350599481,76.51892923016698,A
EU_OFF-AR-10000266,581.49,0.011951233606065632,76.53088046377304,A
LATAM_FUR-BO-10004441,580.56,0.011932119524561836,76.5428125832976,A
APAC_FUR-BO-10001326,578.88,0.011897590861200145,76.5547101741588,A
LATAM_OFF-EN-10000857,578.4359999999999,0.011888465428740268,76.56659863958754,A
EMEA_OFF-ACM-10002301,577.9200000000001,0.011877860196422037,76.57847649978396,A
APAC_TEC-AC-10004478,577.8240000000001,0.011875887129944225,76.5903523869139,A
EU_OFF-ST-10002720,577.809,0.011875578838307066,76.60222796575222,A
APAC_FUR-CH-10003009,577.6469999999999,0.011872249288625758,76.61410021504085,A
EU_TEC-CO-10003307,577.53,0.011869844613855927,76.6259700596547,A
APAC_TEC-CO-10003587,577.08,0.01186059586474119,76.63783065551945,A
APAC_TEC-MA-10002898,576.6525,0.011851809553082187,76.64968246507253,A
APAC_OFF-ST-10003445,576.645,0.011851655407263607,76.6615341204798,A
LATAM_TEC-CO-10002523,575.92584,0.011836874673011708,76.67337099515281,A
US_TEC-MA-10001016,575.82,0.011834699367219922,76.68520569452002,A
APAC_FUR-CH-10001832,575.6634,0.011831480802527992,76.69703717532255,A
APAC_FUR-BO-10001598,575.3106,0.011824229783222036,76.70886140510576,A
EMEA_FUR-IKE-10003642,575.16,0.01182113453518497,76.72068253964095,A
LATAM_TEC-PH-10001298,574.8,0.01181373553589318,76.73249627517684,A
LATAM_FUR-CH-10003195,574.728,0.01181225573603482,76.74430853091287,A
EU_TEC-MA-10003986,574.575,0.01180911116133581,76.75611764207422,A
US_TEC-PH-10001433,574.392,0.011805350003362483,76.76792299207757,A
LATAM_FUR-CH-10004194,574.136,0.011800088492754985,76.77972308057032,A
US_OFF-BI-10002867,573.888,0.011794991404353975,76.79151807197468,A
EMEA_TEC-SHA-10001103,573.696,0.011791045271398353,76.80330911724607,A
APAC_TEC-AC-10000212,573.144,0.01177970013915094,76.81508881738523,A
EMEA_FUR-HAR-10004086,572.76,0.011771807873239696,76.82686062525848,A
APAC_OFF-SU-10001308,572.52,0.011766875207045167,76.83862750046552,A
APAC_TEC-CO-10001766,572.454,0.011765518723841671,76.85039301918937,A
APAC_OFF-ST-10003159,572.4179999999999,0.011764778823912492,76.86215779801329,A
EU_TEC-PH-10004450,572.25,0.011761325957576325,76.87391912397086,A
LATAM_OFF-AP-10003965,572.192,0.011760133896579313,76.88567925786744,A
APAC_OFF-ST-10001752,571.6872,0.011749758855350158,76.89742901672278,A
APAC_FUR-BO-10003793,571.32,0.011742211876072533,76.90917122859885,A
US_FUR-CH-10002774,570.976,0.011735141721193708,76.92090637032004,A
EMEA_TEC-CAN-10001571,570.96,0.01173481287678074,76.93264118319682,A
EU_FUR-FU-10001691,570.9,0.011733579710232108,76.94437476290706,A
LATAM_TEC-MA-10004617,570.5,0.011725358599907896,76.95610012150696,A
APAC_OFF-AR-10003046,570.2280000000001,0.011719768244887433,76.96781988975185,A
US_OFF-PA-10003039,570.0319999999999,0.011715739900828566,76.97953562965267,A
LATAM_OFF-AR-10000904,570.016,0.011715411056415598,76.99125104070909,A
Africa_OFF-BIN-10002061,569.736,0.01170965627918865,77.00296069698828,A
US_FUR-CH-10002331,569.568,0.011706203412852481,77.01466690040114,A
EU_FUR-BO-10004327,568.971,0.011693933405693593,77.02636083380683,A
APAC_FUR-CH-10004826,568.956,0.011693625114056437,77.0380544589209,A
LATAM_TEC-CO-10000422,568.59968,0.011686301748979628,77.04974076066988,A
LATAM_TEC-AC-10004975,568.5,0.011684253048286835,77.06142501371816,A
EMEA_OFF-HOO-10002946,568.47,0.011683636465012519,77.07310865018317,A
APAC_FUR-BO-10000175,567.486,0.011663412533614954,77.0847720627168,A
US_TEC-AC-10001552,567.378,0.01166119283382742,77.09643325555062,A
Africa_TEC-ENE-10000817,567.0,0.011653423884571038,77.10808667943519,A
LATAM_FUR-BO-10004407,566.0,0.011632871108760507,77.11971955054395,A
EU_TEC-MA-10000687,565.848,0.011629747086837304,77.13134929763079,A
EU_OFF-AR-10002382,565.74,0.01162752738704977,77.14297682501784,A
US_OFF-AP-10001293,565.524,0.011623087987474695,77.15459991300531,A
EU_OFF-ST-10000130,564.4799999999999,0.011601630889528498,77.16620154389484,A
APAC_OFF-AP-10001254,563.76,0.011586832890944919,77.17778837678578,A
APAC_OFF-SU-10003789,563.6088,0.011583725311242365,77.18937210209702,A
EU_OFF-AR-10000594,563.4449999999999,0.011580358766564599,77.20095246086359,A
APAC_TEC-AC-10001840,563.1107999999999,0.01157349002888872,77.21252595089248,A
APAC_TEC-MA-10003146,562.518,0.011561306343388238,77.22408725723587,A
APAC_TEC-AC-10002883,562.08,0.011552304227583226,77.23563956146344,A
LATAM_TEC-PH-10001427,561.808,0.01154671387256276,77.247186275336,A
APAC_TEC-MA-10002701,561.33,0.011536889645725327,77.25872316498173,A
Africa_TEC-STA-10004542,561.12,0.011532573562805116,77.27025573854453,A
LATAM_FUR-BO-10001969,560.1,0.011511609731478373,77.28176734827602,A
US_TEC-MA-10002210,559.71,0.011503594148912269,77.29327094242493,A
EMEA_OFF-ROG-10001399,559.4399999999999,0.011498044899443423,77.30476898732437,A
EU_TEC-MA-10000110,558.9000000000001,0.01148694640050574,77.31625593372488,A
EU_TEC-MA-10000811,556.608,0.011439839438347999,77.32769577316323,A
LATAM_TEC-AC-10003927,556.4159999999999,0.011435893305392377,77.33913166646862,A
LATAM_TEC-PH-10004888,556.4,0.01143556446097941,77.3505672309296,A
US_TEC-PH-10004447,555.96,0.011426521239622777,77.36199375216923,A
EU_OFF-AP-10000825,555.741,0.011422020181720269,77.37341577235095,A
APAC_FUR-BO-10001679,555.516,0.0114173958071629,77.38483316815811,A
APAC_OFF-SU-10004177,555.243,0.011411784899366628,77.39624495305748,A
APAC_TEC-AC-10002086,555.03,0.011407407158118983,77.4076523602156,A
LATAM_TEC-PH-10003636,554.796,0.011402597808579319,77.41905495802418,A
APAC_TEC-PH-10002217,554.76,0.011401857908650139,77.43045681593283,A
EU_OFF-AP-10000717,554.526,0.011397048559110475,77.44185386449193,A
EU_OFF-BI-10000542,554.4119999999999,0.011394705542668073,77.4532485700346,A
LATAM_OFF-SU-10004643,554.1120000000001,0.011388539709924917,77.46463710974453,A
Africa_TEC-SHA-10000052,553.932,0.01138484021027902,77.47602194995481,A
EU_OFF-SU-10003115,553.5,0.01137596141112887,77.48739791136595,A
EU_FUR-FU-10004954,553.4100000000001,0.011374111661305924,77.49877202302726,A
US_FUR-FU-10003601,553.38,0.011373495078031606,77.51014551810529,A
APAC_OFF-ST-10001753,552.5699999999999,0.011356847329625075,77.52150236543491,A
APAC_OFF-PA-10003731,552.1386,0.011347980862140413,77.53285034629705,A
LATAM_FUR-BO-10003284,551.88,0.01134266591431581,77.54419301221137,A
APAC_TEC-PH-10003075,551.52,0.011335266915024018,77.55552827912639,A
LATAM_FUR-CH-10002727,551.36,0.011331978470894333,77.56686025759728,A
Canada_OFF-FEL-10001405,551.16,0.011327867915732226,77.57818812551302,A
EU_FUR-FU-10000188,550.2,0.01130813725095412,77.58949626276397,A
EMEA_FUR-SAF-10003160,549.6,0.0112958055854678,77.60079206834943,A
LATAM_FUR-BO-10004371,549.48,0.011293339252370537,77.61208540760181,A
APAC_OFF-ST-10002028,549.36,0.011290872919273272,77.62337628052109,A
APAC_OFF-ST-10004226,549.24,0.011288406586176008,77.63466468710726,A
EU_OFF-BI-10000323,549.0,0.011283473919981482,77.64594816102725,A
APAC_FUR-BO-10001255,548.865,0.01128069929524706,77.65722886032249,A
LATAM_OFF-AP-10003363,548.352,0.011270155721256257,77.66849901604375,A
LATAM_OFF-AR-10002975,548.28,0.011268675921397898,77.67976769196515,A
EU_TEC-PH-10003770,548.1959999999999,0.011266949488229813,77.69103464145338,A
EMEA_OFF-ROG-10000191,547.794,0.011258687272353981,77.70229332872574,A
Africa_TEC-CIS-10003103,547.74,0.011257577422460212,77.7135509061482,A
APAC_TEC-PH-10001640,547.1445,0.01124533824446504,77.72479624439266,A
US_OFF-AR-10004022,546.896,0.011240230879676124,77.73603647527234,A
EU_TEC-AC-10000170,546.3000000000001,0.011227981425293049,77.74726445669764,A
US_TEC-PH-10001468,546.06,0.01122304875909852,77.75848750545673,A
APAC_TEC-PH-10004940,546.0,0.011221815592549889,77.76970932104928,A
EMEA_TEC-NOK-10001282,546.0,0.011221815592549889,77.78093113664183,A
US_TEC-PH-10000673,545.9159999999999,0.011220089159381802,77.7921512258012,A
EMEA_FUR-SAF-10000508,545.706,0.011215773076461592,77.80336699887766,A
LATAM_FUR-BO-10002109,545.4,0.01120948392706357,77.81457648280472,A
APAC_FUR-TA-10002638,545.37,0.011208867343789255,77.82578535014851,A
US_OFF-AR-10001953,545.352,0.011208497393824663,77.83699384754233,A
APAC_FUR-TA-10003152,545.04,0.011202084927771777,77.8481959324701,A
LATAM_OFF-ST-10001729,544.48,0.011190575373317881,77.85938650784342,A
EU_FUR-BO-10004388,544.275,0.011186362054276722,77.8705728698977,A
LATAM_FUR-FU-10001657,543.3,0.011166323097861454,77.88173919299557,A
APAC_TEC-PH-10000365,543.105,0.011162315306578402,77.89290150830215,A
APAC_FUR-FU-10000735,543.0,0.011160157265118294,77.90406166556727,A
US_OFF-BI-10001670,542.88,0.011157690932021031,77.91521935649929,A
EU_TEC-MA-10002043,542.568,0.011151278465968145,77.92637063496527,A
LATAM_FUR-CH-10001616,542.256,0.01114486599991526,77.93751550096518,A
APAC_OFF-SU-10002388,542.2245,0.01114421858747723,77.94865971955265,A
EU_OFF-AR-10003633,542.115,0.011141968058525974,77.95980168761118,A
LATAM_TEC-AC-10003367,540.82,0.011115352213851338,77.97091703982503,A
APAC_FUR-FU-10001246,540.75,0.011113913519544601,77.98203095334458,A
APAC_TEC-AC-10003750,540.432,0.011107377736836854,77.99313833108141,A
EU_TEC-MA-10003461,540.144,0.011101458537403418,78.00423978961881,A
US_TEC-PH-10001809,539.8199999999999,0.011094799438040806,78.01533458905685,A
EU_TEC-CO-10002769,539.244,0.011082961039173942,78.02641755009603,A
EU_OFF-BI-10003917,538.65,0.011070752690342486,78.03748830278637,A
APAC_FUR-TA-10000670,538.56,0.011068902940519538,78.0485572057269,A
Canada_OFF-TEN-10004194,538.44,0.011066436607422276,78.05962364233432,A
APAC_TEC-CO-10003393,538.38,0.011065203440873642,78.0706888457752,A
APAC_OFF-AP-10002938,538.1625,0.011060733212134853,78.08174957898733,A
US_OFF-PA-10003656,538.152,0.011060517407988841,78.09281009639531,A
LATAM_FUR-CH-10001810,537.6,0.01104917227574143,78.10385926867106,A
EU_OFF-AP-10000415,537.516,0.011047445842573344,78.11490671451364,A
EU_FUR-CH-10002335,537.372,0.011044486242856626,78.12595120075649,A
LATAM_FUR-TA-10001602,537.28,0.011042595387482057,78.13699379614397,A
EU_TEC-MA-10002712,537.0,0.01103684061025511,78.14803063675423,A
LATAM_OFF-ST-10002233,536.844,0.011033634377228667,78.15906427113146,A
EU_OFF-AP-10004464,536.43,0.011025125528043106,78.17008939665949,A
EMEA_OFF-TEN-10001160,535.962,0.011015506828963779,78.18110490348846,A
APAC_TEC-MA-10001261,535.68,0.011009710946185209,78.19211461443464,A
EU_FUR-FU-10000668,535.05,0.010996762697424575,78.20311137713207,A
LATAM_FUR-BO-10003291,534.732,0.010990226914716825,78.21410160404679,A
Africa_FUR-NOV-10003754,534.72,0.0109899802814071,78.2250915843282,A
LATAM_TEC-AC-10001765,533.82,0.010971482783177621,78.23606306711137,A
APAC_FUR-TA-10000073,533.799,0.0109710511748856,78.24703411828627,A
Canada_FUR-BEV-10004919,533.61,0.01096716670025741,78.25800128498652,A
APAC_FUR-TA-10002527,533.1588,0.010957893287811698,78.26895917827433,A
EU_OFF-SU-10002544,532.95,0.010953601868222461,78.27991278014255,A
Africa_FUR-HON-10003412,532.8,0.010950518951850879,78.2908632990944,A
US_TEC-PH-10001198,532.4399999999999,0.010943119952559088,78.30180641904695,A
EU_FUR-CH-10001153,532.113,0.010936399194869047,78.31274281824183,A
APAC_TEC-AC-10001295,531.804,0.010930048387143591,78.32367286662897,A
EU_TEC-AC-10004317,531.5999999999999,0.010925855620878241,78.33459872224985,A
LATAM_FUR-FU-10002422,531.2860000000001,0.010919402049273738,78.34551812429912,A
EMEA_TEC-CIS-10003439,531.1800000000001,0.010917223455037822,78.35643534775416,A
EMEA_FUR-BEV-10000326,531.18,0.010917223455037818,78.3673525712092,A
APAC_TEC-PH-10003348,530.3784,0.0109007483499481,78.37825331955915,A
LATAM_FUR-CH-10004547,530.1,0.010895026457162445,78.38914834601631,A
APAC_TEC-MA-10000858,529.8,0.010888860624419286,78.40003720664073,A
Canada_TEC-PAN-10002365,529.8,0.010888860624419286,78.41092606726515,A
APAC_TEC-PH-10000822,529.5074999999999,0.010882848937494706,78.42180891620265,A
LATAM_TEC-AC-10004043,529.38,0.010880228458578865,78.43268914466123,A
APAC_FUR-FU-10000422,529.38,0.010880228458578865,78.4435693731198,A
LATAM_FUR-TA-10004531,529.32,0.010878995292030234,78.45444836841183,A
Africa_OFF-KIT-10000099,528.69,0.0108660470432696,78.4653144154551,A
EU_TEC-PH-10000258,528.66,0.01086543045999528,78.4761798459151,A
APAC_FUR-CH-10001203,528.0,0.010851865627960332,78.48703171154305,A
US_TEC-PH-10003931,527.912,0.010850056983689006,78.49788176852674,A
EU_OFF-AR-10003829,527.85,0.010848782711588753,78.50873055123833,A
EU_TEC-MA-10002521,527.49,0.01084138371229696,78.51957193495063,A
Canada_TEC-CAN-10003392,527.16,0.010834601296279485,78.53040653624691,A
Africa_OFF-HOO-10001105,527.01,0.010831518379907906,78.54123805462682,A
EMEA_TEC-HEW-10000365,526.62,0.010823502797341799,78.55206155742415,A
EU_OFF-AR-10000724,526.32,0.01081733696459864,78.56287889438875,A
Africa_OFF-HOO-10002752,526.26,0.010816103798050007,78.5736949981868,A
LATAM_OFF-BI-10001533,526.08,0.010812404298404113,78.5845074024852,A
LATAM_OFF-EN-10002855,526.08,0.010812404298404113,78.5953198067836,A
EU_OFF-EN-10002728,526.02,0.01081117113185548,78.60613097791546,A
LATAM_OFF-PA-10002033,525.3,0.010796373133271897,78.61692735104873,A
LATAM_FUR-BO-10001390,525.228,0.01079489333341354,78.62772224438214,A
APAC_OFF-PA-10004268,524.7345,0.010784750538551043,78.63850699492069,A
LATAM_FUR-BO-10001295,524.64,0.010782808301236946,78.64928980322193,A
US_OFF-AP-10000159,524.356,0.010776971312906756,78.66006677453484,A
APAC_TEC-CO-10001864,523.8,0.010765543969556101,78.6708323185044,A
EU_OFF-AR-10002447,523.71,0.010763694219733154,78.68159601272413,A
EU_FUR-FU-10000298,523.53,0.010759994720087257,78.69235600744422,A
APAC_FUR-FU-10003214,523.5255,0.01075990223259611,78.70311590967681,A
EU_OFF-ST-10000643,523.26,0.010754445470618415,78.71387035514744,A
APAC_TEC-PH-10001535,522.9,0.010747046471326623,78.72461740161876,A
LATAM_TEC-CO-10004468,522.51288,0.01073909008075485,78.73535649169952,A
LATAM_OFF-AP-10001885,522.24,0.010733481639291673,78.74608997333881,A
APAC_TEC-MA-10000772,521.82,0.010724849473451252,78.75681482281226,A
LATAM_TEC-PH-10002127,521.184,0.010711777908035751,78.7675266007203,A
Canada_TEC-BRO-10003380,520.98,0.010707585141770405,78.77823418586208,A
APAC_OFF-SU-10000835,520.8,0.010703885642124508,78.7889380715042,A
APAC_OFF-EN-10000615,520.3455,0.010694544405518622,78.79963261590973,A
US_FUR-TA-10001866,519.941,0.010686230807703263,78.81031884671744,A
APAC_OFF-ST-10003964,519.525,0.010677680852966082,78.8209965275704,A
Africa_OFF-BRE-10004073,519.33,0.010673673061683028,78.83167020063209,A
EU_TEC-AC-10003063,518.85,0.010663807729293973,78.84233400836138,A
APAC_TEC-AC-10002455,518.562,0.01065788852986054,78.85299189689124,A
EMEA_FUR-BAR-10004561,518.4,0.010654558980179234,78.86364645587142,A
APAC_TEC-MA-10000258,518.0694,0.010647764232496273,78.87429422010392,A
APAC_OFF-SU-10000997,517.7226,0.010640636529845182,78.88493485663376,A
LATAM_OFF-BI-10000813,517.608,0.010638281181737293,78.8955731378155,A
LATAM_TEC-AC-10003063,517.5,0.010636061481949757,78.90620919929745,A
APAC_TEC-MA-10004023,517.14,0.010628662482657966,78.91683786178011,A
EU_OFF-AR-10003658,517.125,0.010628354191020806,78.92746621597114,A
Africa_OFF-KLE-10004581,516.5999999999999,0.010617563983720277,78.93808377995485,A
EMEA_OFF-CAR-10004661,516.3389999999999,0.01061219970923373,78.94869597966408,A
Africa_FUR-NOV-10002453,516.0,0.010605232318233961,78.95930121198232,A
Africa_OFF-STA-10003756,515.388,0.010592654019437917,78.96989386600175,A
LATAM_TEC-AC-10000692,515.24,0.010589612208617956,78.98048347821037,A
EU_OFF-BI-10003774,515.1,0.010586734820004483,78.99107021303038,A
APAC_FUR-CH-10003822,515.088,0.010586488186694755,79.00165670121707,A
EMEA_FUR-OFF-10004495,514.53,0.01057501973779248,79.01223172095486,A
APAC_FUR-CH-10001138,514.53,0.01057501973779248,79.02280674069264,A
APAC_FUR-FU-10003414,514.1682000000001,0.01056758374350423,79.03337432443615,A
EU_TEC-MA-10003261,514.008,0.010564291188819384,79.04393861562497,A
EMEA_FUR-BUS-10002040,513.576,0.010555412389669233,79.05449402801463,A
EMEA_TEC-CIS-10000791,513.408,0.010551959523333064,79.06504598753796,A
APAC_TEC-AC-10003469,513.12,0.01054604032389963,79.07559202786186,A
US_FUR-BO-10002916,512.94,0.010542340824253735,79.08613436868612,A
EMEA_OFF-WIL-10003299,512.928,0.010542094190944009,79.09667646287706,A
APAC_TEC-MA-10000555,512.91,0.01054172424097942,79.10721818711804,A
EU_OFF-SU-10004230,512.73,0.010538024741333524,79.11775621185937,A
US_FUR-BO-10004357,512.499,0.010533277050121291,79.12828948890949,A
EMEA_TEC-STA-10001994,512.34,0.010530009158767418,79.13881949806826,A
Africa_TEC-STA-10001994,512.34,0.010530009158767418,79.14934950722703,A
EU_TEC-AC-10003506,512.28,0.010528775992218785,79.15987828321924,A
EU_OFF-PA-10002524,511.38,0.010510278493989307,79.17038856171324,A
LATAM_FUR-CH-10003448,510.96000000000004,0.010501646328148885,79.18089020804139,A
Africa_OFF-KRA-10003337,510.3,0.010488081496113934,79.19137828953751,A
APAC_TEC-CO-10000778,510.12,0.010484381996468038,79.20186267153397,A
EU_OFF-ST-10003835,509.952,0.010480929130131869,79.2123436006641,A
APAC_OFF-PA-10004741,509.83200000000005,0.010478462797034608,79.22282206346114,A
EU_FUR-CH-10002085,509.826,0.010478339480379743,79.23330040294152,A
APAC_FUR-BO-10003185,509.4,0.010469583997884455,79.24376998693941,A
LATAM_OFF-ST-10001051,508.56,0.010452319666203611,79.25422230660561,A
EMEA_TEC-SAN-10003238,508.32,0.010447387000009082,79.26466969360563,A
US_FUR-BO-10003660,508.25399999999996,0.010446030516805586,79.27511572412243,A
EU_OFF-AR-10000409,507.9,0.01043875483416866,79.2855544789566,A
APAC_TEC-MA-10002039,507.82800000000003,0.010437275034310302,79.2959917539909,A
EU_OFF-AR-10000833,507.45,0.01042950608505392,79.30642126007596,A
APAC_FUR-BO-10004537,507.0165,0.010420596456740056,79.3168418565327,A
Africa_TEC-SAN-10003793,507.012,0.010420503969248908,79.32726236050195,A
LATAM_OFF-EN-10004793,506.88,0.010417791002841919,79.33768015150478,A
APAC_OFF-AR-10002109,506.72700000000003,0.010414646428142908,79.34809479793293,A
LATAM_TEC-PH-10002102,506.4,0.010407925670452862,79.35850272360338,A
EMEA_FUR-BUS-10002639,506.03999999999996,0.010400526671161071,79.36890325027454,A
LATAM_TEC-CO-10000137,505.7864,0.010395314487215522,79.37929856476175,A
APAC_OFF-ST-10001414,505.656,0.010392634405249828,79.389691199167,A
EU_OFF-AP-10000304,505.386,0.010387085155780986,79.40007828432279,A
US_OFF-ST-10004804,504.504,0.010368957607516096,79.4104472419303,A
EU_OFF-AP-10000172,504.15299999999996,0.0103617435832066,79.4208089855135,A
EMEA_FUR-BUS-10002138,504.12,0.010361065341604853,79.4311700508551,A
US_TEC-AC-10004353,504.0,0.010358599008507588,79.44152864986361,A
EU_FUR-TA-10004817,504.0,0.010358599008507588,79.45188724887213,A
US_TEC-PH-10000369,503.96,0.010357776897475168,79.4622450257696,A
Africa_FUR-SAU-10002331,503.919,0.010356934233666936,79.47260196000327,A
APAC_FUR-CH-10000430,503.82,0.010354899508861693,79.48295685951214,A
EU_OFF-EN-10003080,503.58,0.010349966842667166,79.49330682635481,A
EU_TEC-AC-10004203,503.41499999999996,0.010346575634658428,79.50365340198947,A
EMEA_TEC-SHA-10002696,503.4,0.01034626734302127,79.51399966933249,A
EU_OFF-EN-10003177,502.92,0.010336402010632215,79.52433607134313,A
Africa_OFF-STA-10000244,502.59,0.010329619594614741,79.53466569093774,A
LATAM_FUR-BO-10002346,502.572,0.010329249644650151,79.5449949405824,A
EU_FUR-FU-10003804,502.524,0.010328263111411246,79.55532320369382,A
LATAM_TEC-AC-10004429,502.02,0.010317904512402738,79.56564110820622,A
US_OFF-ST-10001097,501.81,0.010313588429482526,79.5759546966357,A
LATAM_OFF-ST-10000990,501.448,0.010306148324639114,79.58626084496035,A
APAC_TEC-PH-10003487,500.88480000000004,0.010294573001302624,79.59655541796165,A
EU_TEC-AC-10001636,500.76,0.01029200801488147,79.60684742597654,A
APAC_FUR-FU-10004158,500.682,0.010290404898368249,79.61713783087491,A
APAC_OFF-AR-10000179,500.4747,0.010286144307942724,79.62742397518285,A
APAC_OFF-AR-10000851,500.28,0.010282142682492413,79.63770611786535,A
US_OFF-AP-10002118,499.584,0.010267837950528285,79.64797395581587,A
Africa_OFF-HAM-10001621,499.56,0.010267344683908832,79.65824130049978,A
Africa_TEC-MEM-10001409,499.38000000000005,0.010263645184262938,79.66850494568405,A
APAC_TEC-AC-10004054,499.38,0.010263645184262937,79.67876859086832,A
EU_TEC-PH-10004635,498.933,0.01025445809347563,79.68902304896179,A
APAC_FUR-CH-10004580,498.7773,0.010251258026281929,79.69927430698807,A
LATAM_OFF-EN-10004518,498.0,0.010235282353644404,79.70950958934172,A
Africa_FUR-IKE-10000619,497.64,0.010227883354352613,79.71973747269607,A
EU_FUR-BO-10001155,496.65,0.010207536106300185,79.72994500880237,A
EMEA_FUR-DAN-10001584,496.44,0.010203220023379976,79.74014822882576,A
LATAM_FUR-BO-10000269,496.44,0.010203220023379976,79.75035144884914,A
APAC_OFF-EN-10004473,496.332,0.010201000323592438,79.76055244917274,A
APAC_OFF-SU-10000723,496.3275,0.010200907836101291,79.77075335700884,A
EMEA_OFF-CUI-10002269,496.08,0.010195821024088184,79.78094917803293,A
EMEA_TEC-MEM-10000374,495.42,0.010182256192053233,79.79113143422498,A
EU_TEC-AC-10004070,495.42,0.010182256192053233,79.80131369041703,A
LATAM_TEC-AC-10001355,495.42,0.010182256192053233,79.81149594660909,A
APAC_TEC-MA-10004613,495.3606,0.010181035357170088,79.82167698196625,A
EU_TEC-MA-10004323,495.3375,0.010180560588048865,79.8318575425543,A
Africa_TEC-LOG-10001871,495.06,0.010174857192761443,79.84203239974707,A
US_FUR-CH-10004218,494.802,0.010169554576602326,79.85220195432368,A
EMEA_TEC-LOG-10004405,494.64,0.01016622502692102,79.8623681793506,A
APAC_TEC-PH-10001619,494.5776,0.010164942533710444,79.8725331218843,A
Africa_OFF-CUI-10001990,494.22,0.010157592861080597,79.88269071474538,A
EMEA_OFF-CUI-10001990,494.22,0.010157592861080597,79.89284830760646,A
EMEA_FUR-DAN-10002741,493.68,0.01014649436214291,79.9029948019686,A
EU_FUR-CH-10001039,493.61400000000003,0.010145137878939415,79.91313993984754,A
LATAM_FUR-BO-10002740,493.452,0.010141808329258107,79.92328174817679,A
EMEA_OFF-ROG-10001372,493.44,0.010141561695948383,79.93342330987274,A
EU_OFF-AR-10001898,493.395,0.010140636821036908,79.94356394669377,A
APAC_TEC-AC-10004081,493.3845,0.010140421016890897,79.95370436771066,A
Africa_TEC-SAM-10002496,493.32,0.01013909536285112,79.9638434630735,A
Canada_TEC-APP-10004912,493.2,0.010136629029753855,79.97398009210326,A
EU_OFF-EN-10001993,493.02,0.010132929530107958,79.98411302163336,A
APAC_OFF-SU-10000932,492.804,0.010128490130532885,79.99424151176389,A
EU_FUR-BO-10003904,492.24,0.010116898364975745,80.00435841012886,B
EU_OFF-BI-10002511,491.94,0.010110732532232587,80.01446914266108,B
EU_OFF-AR-10002255,491.91,0.01011011594895827,80.02457925861005,B
EMEA_FUR-DAN-10001462,491.76,0.01010703303258669,80.03468629164263,B
EU_FUR-FU-10000950,491.76,0.01010703303258669,80.04479332467521,B
Africa_OFF-HOO-10003820,490.68,0.010084836034711317,80.05487816070992,B
EU_OFF-AP-10001772,490.68,0.010084836034711317,80.06496299674463,B
APAC_TEC-PH-10000412,490.5,0.010081136535065422,80.07504413327969,B
APAC_FUR-BO-10002819,490.32000000000005,0.010077437035419527,80.08512157031511,B
Africa_FUR-IKE-10004160,490.32,0.010077437035419527,80.09519900735053,B
EU_TEC-AC-10001566,490.26,0.010076203868870894,80.1052752112194,B
LATAM_FUR-BO-10001966,490.08000000000004,0.010072504369224999,80.11534771558863,B
LATAM_OFF-ST-10004017,489.6,0.010062639036835944,80.12541035462546,B
US_FUR-FU-10002253,489.51599999999996,0.010060912603667859,80.13547126722912,B
Africa_TEC-KON-10001624,489.48,0.010060172703738681,80.14553143993287,B
LATAM_TEC-PH-10003011,488.96,0.010049485260317204,80.15558092519318,B
LATAM_FUR-FU-10000705,488.928,0.010048827571491267,80.16562975276467,B
LATAM_FUR-CH-10004387,488.664,0.010043401638677287,80.17567315440336,B
EU_OFF-ST-10000988,488.40000000000003,0.010037975705863308,80.18571113010923,B
APAC_TEC-AC-10002172,488.028,0.01003033007326179,80.19574146018249,B
APAC_FUR-TA-10001531,487.78200000000004,0.0100252740904124,80.2057667342729,B
US_FUR-TA-10004154,487.645,0.010022458360126356,80.21578919263303,B
APAC_OFF-AP-10002573,487.593,0.010021389615784207,80.22581058224881,B
Africa_TEC-HP -10002603,487.38,0.010017011874536564,80.23582759412335,B
APAC_TEC-PH-10001917,486.855,0.010006221667236036,80.24583381579059,B
APAC_FUR-CH-10001397,486.6288,0.010001572629347696,80.25583538841994,B
EU_OFF-AR-10000091,486.41999999999996,0.009997281209758454,80.2658326696297,B
EMEA_FUR-DAN-10003011,486.12,0.009991115377015296,80.27582378500672,B
LATAM_OFF-ST-10001374,486.0,0.009988649043918033,80.28581243405064,B
US_TEC-PH-10001578,485.94,0.0099874158773694,80.29579984992802,B
LATAM_FUR-TA-10002088,485.904,0.009986675977440221,80.30578652590546,B
LATAM_OFF-AP-10003043,485.28,0.00997385104533445,80.31576037695079,B
APAC_FUR-FU-10004704,485.208,0.009972371245476093,80.32573274819627,B
LATAM_FUR-CH-10001897,485.024,0.009968589534726954,80.335701337731,B
LATAM_TEC-CO-10001824,484.78848,0.009963748944968058,80.34566508667596,B
EU_FUR-CH-10002212,484.78499999999997,0.009963677421308235,80.35562876409728,B
LATAM_TEC-CO-10003370,484.46783999999997,0.009957158902932169,80.36558592300021,B
EU_OFF-ST-10003322,484.398,0.009955723497069562,80.37554164649728,B
APAC_OFF-SU-10004766,483.9,0.009945488214715918,80.385487134712,B
Africa_TEC-HP -10004149,483.78,0.009943021881618653,80.39543015659362,B
EU_TEC-PH-10000270,483.73800000000006,0.009942158665034612,80.40537231525866,B
LATAM_TEC-AC-10000241,483.336,0.009933896449158779,80.41530621170782,B
APAC_OFF-AP-10001233,483.084,0.009928717149654523,80.42523492885746,B
US_TEC-MA-10001681,482.34,0.00991342588445149,80.43514835474191,B
EU_FUR-CH-10003033,482.112,0.009908739851566688,80.44505709459348,B
EU_OFF-AR-10000184,481.95,0.009905410301885381,80.45496250489536,B
LATAM_FUR-BO-10001867,481.74800000000005,0.009901258641171655,80.46486376353653,B
US_OFF-PA-10004039,481.428,0.009894681752912285,80.47475844528944,B
EMEA_FUR-DAN-10003334,480.93,0.00988444647055864,80.48464289176,B
Africa_TEC-OKI-10003221,480.24,0.009870265055249374,80.49451315681526,B
LATAM_FUR-CH-10002768,480.228,0.009870018421939648,80.5043831752372,B
Africa_FUR-BAR-10000946,480.03,0.009865948972329161,80.51424912420953,B
US_TEC-AC-10004420,479.72,0.009859577611827899,80.52410870182136,B
APAC_OFF-PA-10000344,479.6352,0.009857834736439164,80.5339665365578,B
APAC_TEC-AC-10001352,479.331,0.009851582582037601,80.54381811913984,B
APAC_FUR-CH-10000117,478.8,0.009840669058082209,80.55365878819792,B
APAC_FUR-CH-10001204,478.6821,0.009838245885814147,80.56349703408374,B
LATAM_TEC-PH-10003416,478.28,0.009829981614660734,80.5733270156984,B
US_TEC-PH-10003555,478.192,0.009828172970389407,80.58315518866878,B
LATAM_OFF-AP-10002360,477.62,0.009816416782625783,80.59297160545141,B
EU_FUR-FU-10001366,477.36,0.009811073060915046,80.60278267851233,B
LATAM_OFF-ST-10000836,477.048,0.00980466059486216,80.6125873391072,B
US_OFF-BI-10002854,476.51,0.009793603201476094,80.62238094230867,B
APAC_OFF-BI-10000089,476.28,0.009788876063039671,80.63216981837171,B
APAC_TEC-MA-10003314,476.28,0.009788876063039671,80.64195869443475,B
US_OFF-ST-10001476,475.834,0.009779709525028175,80.65173840395978,B
APAC_TEC-PH-10002742,475.794,0.009778887413995753,80.66151729137378,B
EU_TEC-AC-10003103,475.74,0.009777777564101985,80.67129506893788,B
LATAM_TEC-CO-10000051,475.52704,0.009773400644965374,80.68106846958284,B
Africa_TEC-SHA-10000971,475.34399999999994,0.009769638664881014,80.69083810824772,B
EU_FUR-FU-10000907,475.272,0.009768158865022657,80.70060626711275,B
Africa_TEC-SHA-10000306,475.2,0.009766679065164298,80.71037294617791,B
APAC_OFF-ST-10001567,475.19100000000003,0.009766494090182005,80.7201394402681,B
US_TEC-PH-10000586,475.128,0.009765199265305939,80.7299046395334,B
APAC_OFF-ST-10004159,474.984,0.009762239665589223,80.73966687919899,B
US_FUR-TA-10003008,474.63,0.009754963982952294,80.74942184318195,B
APAC_OFF-ST-10001719,474.1623,0.00974535144970571,80.75916719463166,B
US_OFF-BI-10002735,473.478,0.009731287185218564,80.76889848181688,B
EU_FUR-FU-10001692,473.4,0.009729684068705342,80.77862816588558,B
EU_OFF-BI-10000179,473.031,0.009722100094431257,80.78835026598001,B
LATAM_FUR-TA-10002433,472.992,0.009721298536174646,80.79807156451619,B
APAC_TEC-CO-10004404,472.122,0.009703417621219484,80.80777498213742,B
APAC_OFF-AP-10002128,471.55499999999995,0.009691764197334913,80.81746674633476,B
APAC_OFF-SU-10001686,471.3974999999999,0.009688527135144754,80.8271552734699,B
LATAM_OFF-BI-10002727,471.288,0.009686276606193502,80.83684155007609,B
Africa_FUR-SAF-10002495,470.772,0.009675671373875268,80.84651722144996,B
EU_OFF-ST-10002172,470.598,0.009672095190884236,80.85618931664084,B
LATAM_FUR-BO-10003688,470.512,0.009670327652164528,80.865859644293,B
EU_OFF-EN-10003381,470.4,0.00966802574127375,80.87552767003427,B
APAC_FUR-CH-10002417,470.232,0.00966457287493758,80.88519224290921,B
US_FUR-CH-10004886,470.155,0.009662990311200168,80.89485523322041,B
EU_TEC-PH-10001382,470.097,0.009661798250203158,80.90451703147062,B
LATAM_OFF-BI-10001504,469.84000000000003,0.009656516186819853,80.91417354765744,B
EU_TEC-AC-10001441,469.55999999999995,0.009650761409592904,80.92382430906703,B
LATAM_OFF-SU-10004361,469.54,0.009650350354076694,80.93347465942111,B
EU_OFF-AR-10000444,469.464,0.009648788343115094,80.94312344776422,B
EU_FUR-BO-10004560,469.233,0.009644040651902861,80.95276748841613,B
APAC_FUR-FU-10003855,468.7758,0.009634643922802284,80.96240213233894,B
APAC_TEC-AC-10002996,468.249,0.009623816720505298,80.97202594905944,B
EMEA_OFF-ROG-10001340,467.28,0.009603901080744891,80.9816298501402,B
EU_OFF-ST-10001974,467.28,0.009603901080744891,80.99123375122095,B
LATAM_TEC-PH-10002387,467.13599999999997,0.009600941481028177,81.00083469270197,B
APAC_OFF-EN-10002035,466.86,0.00959526891490447,81.01042996161688,B
Africa_OFF-BOS-10002472,466.56,0.00958910308216131,81.02001906469904,B
Africa_TEC-SAM-10001017,466.533,0.009588548157214428,81.02960761285625,B
APAC_OFF-AR-10004900,466.3215,0.0095842012451305,81.03919181410139,B
LATAM_TEC-AC-10002629,465.24,0.00956197341809141,81.04875378751947,B
EMEA_FUR-ELD-10000301,465.24,0.00956197341809141,81.05831576093756,B
APAC_OFF-BI-10000328,465.06000000000006,0.009558273918445517,81.067874034856,B
EU_FUR-FU-10002979,465.0,0.009557040751896883,81.0774310756079,B
LATAM_OFF-AP-10001941,464.8,0.009552930196734777,81.08698400580464,B
EU_OFF-AP-10001805,464.778,0.009552478035666945,81.09653648384031,B
APAC_OFF-AP-10000534,464.778,0.009552478035666945,81.10608896187598,B
LATAM_FUR-TA-10001090,464.67,0.009550258335879407,81.11563922021186,B
APAC_OFF-AP-10003021,464.5344,0.0095474713794795,81.12518669159134,B
US_OFF-ST-10001469,464.22799999999995,0.009541174008971151,81.13472786560031,B
EU_OFF-AR-10000584,464.15999999999997,0.009539776420216035,81.14426764202052,B
Africa_TEC-SAN-10001506,464.13,0.009539159836941721,81.15380680185747,B
LATAM_FUR-TA-10003568,464.128,0.0095391187313901,81.16334592058887,B
Africa_OFF-SAN-10004288,463.896,0.009534350487402057,81.17288027107627,B
EMEA_FUR-SAF-10002112,463.68,0.009529911087826982,81.18241018216409,B
Africa_FUR-SAF-10002112,463.68,0.009529911087826982,81.19194009325192,B
EU_TEC-AC-10004556,463.56,0.009527444754729717,81.20146753800664,B
LATAM_FUR-BO-10001099,462.89599999999996,0.009513797711591524,81.21098133571823,B
EMEA_TEC-BEL-10003896,462.24,0.009500315090659817,81.22048165080889,B
LATAM_TEC-PH-10000347,461.9,0.009493327146884237,81.22997497795578,B
EMEA_FUR-OFF-10001552,461.52,0.009485517092076234,81.23946049504785,B
APAC_FUR-CH-10003097,461.484,0.009484777192147057,81.24894527224,B
EMEA_OFF-CAR-10004293,461.43,0.009483667342253288,81.25842893958225,B
APAC_OFF-SU-10000649,461.4048,0.009483149412302863,81.26791208899455,B
US_TEC-AC-10000023,461.34000000000003,0.009481817592430341,81.27739390658698,B
US_OFF-PA-10000994,461.34,0.00948181759243034,81.28687572417941,B
Africa_OFF-BRE-10000157,460.26,0.009459620594554966,81.29633534477396,B
Africa_FUR-NOV-10004602,460.2,0.009458387428006334,81.30579373220198,B
Canada_TEC-BEL-10002207,460.08,0.009455921094909071,81.31524965329689,B
EU_TEC-AC-10004269,460.08,0.009455921094909071,81.3247055743918,B
EU_FUR-BO-10001621,459.99,0.009454071345086123,81.33415964573689,B
US_OFF-ST-10001522,459.95,0.009453249234053702,81.34361289497095,B
LATAM_TEC-MA-10004956,459.52,0.009444411540455172,81.3530573065114,B
Africa_FUR-HON-10001689,459.39,0.009441739679599805,81.362499046191,B
LATAM_TEC-PH-10001424,459.29999999999995,0.009439889929776854,81.37193893612078,B
EU_TEC-AC-10004997,459.24,0.009438656763228224,81.38137759288401,B
EMEA_OFF-AVE-10004251,459.096,0.009435697163511508,81.39081329004752,B
APAC_OFF-AR-10003554,458.5869,0.009425233745346366,81.40023852379286,B
APAC_OFF-AP-10001670,458.4705,0.00942284140224202,81.4096613651951,B
EU_OFF-BI-10001058,457.92,0.009411527099158323,81.41907289229427,B
APAC_OFF-AP-10001931,457.5465,0.00940385063739309,81.42847674293166,B
APAC_FUR-CH-10004007,457.392,0.009400675233530362,81.4378774181652,B
EU_OFF-BI-10003058,456.876,0.009390070001212128,81.44726748816642,B
Canada_OFF-BRE-10000391,456.84,0.009389330101282949,81.4566568182677,B
EU_TEC-MA-10004603,456.654,0.009385507284982192,81.46604232555269,B
APAC_OFF-ST-10003547,456.0276,0.009372633026214475,81.47541495857891,B
Africa_FUR-SAF-10002940,455.93999999999994,0.00937083260305347,81.48478579118196,B
US_TEC-AC-10001874,455.92400000000004,0.009370503758640503,81.49415629494061,B
LATAM_OFF-AP-10003308,455.664,0.009365160036929766,81.50352145497754,B
LATAM_FUR-BO-10003463,455.616,0.00936417350369086,81.51288562848123,B
Africa_FUR-NOV-10000847,455.52,0.009362200437213048,81.52224782891844,B
APAC_FUR-CH-10004576,455.43839999999994,0.009360523330706909,81.53160835224915,B
Africa_OFF-BIC-10003841,455.03999999999996,0.009352335104823993,81.54096068735397,B
US_FUR-FU-10002918,454.9,0.00934945771621052,81.55031014507018,B
LATAM_FUR-FU-10004339,454.832,0.009348060127455404,81.55965820519764,B
EMEA_FUR-HON-10001847,454.71,0.009345552688806519,81.56900375788645,B
APAC_TEC-AC-10004566,454.212,0.009335317406452876,81.5783390752929,B
APAC_FUR-FU-10001410,453.88800000000003,0.009328658307090263,81.58766773359999,B
LATAM_OFF-BI-10001324,453.808,0.00932701408502542,81.59699474768502,B
APAC_FUR-CH-10002209,453.53700000000003,0.009321444282780767,81.60631619196779,B
APAC_OFF-AR-10001773,453.2745,0.009316049179130502,81.61563224114693,B
US_OFF-EN-10002230,453.222,0.009314970158400448,81.62494721130533,B
APAC_TEC-MA-10001607,453.1275,0.009313027921086355,81.6342602392264,B
LATAM_TEC-AC-10001688,453.12,0.009312873775267775,81.64357311300168,B
LATAM_TEC-CO-10003655,452.55444,0.009301249947380371,81.65287436294906,B
APAC_OFF-PA-10003511,452.3805,0.009297674997555887,81.66217203794662,B
LATAM_TEC-AC-10003571,452.09999999999997,0.009291909943941032,81.67146394789056,B
LATAM_OFF-ST-10001440,451.91999999999996,0.009288210444295137,81.68075215833485,B
LATAM_OFF-EN-10001771,451.8,0.009285744111197874,81.69003790244605,B
LATAM_FUR-CH-10002088,450.56,0.009260258669192816,81.69929816111524,B
APAC_OFF-AP-10002226,450.156,0.00925195534776536,81.708550116463,B
EMEA_OFF-ELD-10002279,449.88,0.009246282781641656,81.71779639924465,B
EU_OFF-BI-10000329,449.54999999999995,0.009239500365624178,81.72703589961027,B
APAC_FUR-BO-10001872,449.496,0.00923839051573041,81.736274290126,B
EU_FUR-BO-10004844,449.46,0.009237650615801231,81.7455119407418,B
US_FUR-FU-10003039,448.552,0.00921898869536527,81.75473092943717,B
US_TEC-MA-10003246,447.968,0.00920698587429192,81.76393791531146,B
EU_OFF-ST-10003995,447.72,0.009201888785890908,81.77313980409735,B
US_OFF-PA-10000482,447.692,0.009201313308168214,81.78234111740552,B
APAC_OFF-AR-10000097,447.67199999999997,0.009200902252652002,81.79154201965818,B
US_FUR-FU-10004748,447.58,0.009199011397277433,81.80074103105545,B
APAC_OFF-SU-10002448,447.16499999999996,0.009190481995316063,81.80993151305077,B
Africa_FUR-HAR-10003548,447.09000000000003,0.009188940537130274,81.8191204535879,B
LATAM_TEC-PH-10004184,446.544,0.009177718721537723,81.82829817230943,B
EU_TEC-PH-10000810,446.52,0.00917722545491827,81.83747539776435,B
Africa_FUR-SAU-10002714,445.95000000000005,0.00916551037270627,81.84664090813706,B
APAC_TEC-MA-10003492,445.71,0.009160577706511741,81.85580148584357,B
APAC_TEC-MA-10000868,445.41,0.009154411873768583,81.86495589771734,B
APAC_OFF-AP-10004168,445.2369,0.009150854188275779,81.87410675190561,B
LATAM_OFF-AP-10004305,445.18399999999997,0.0091497669464354,81.88325651885205,B
US_FUR-CH-10001545,444.522,0.00913616100884883,81.8923926798609,B
APAC_FUR-BO-10004230,444.42,0.009134064625716157,81.90152674448662,B
LATAM_OFF-BI-10003373,443.904,0.009123459393397922,81.91065020388001,B
EU_OFF-BI-10003705,443.88,0.00912296612677847,81.91977317000679,B
LATAM_OFF-ST-10002105,443.79999999999995,0.009121321904713625,81.9288944919115,B
LATAM_OFF-AR-10000804,443.592,0.009117046927345036,81.93801153883885,B
EU_OFF-EN-10002008,443.52000000000004,0.009115567127486679,81.94712710596633,B
APAC_OFF-PA-10004946,443.5176,0.009115517800824733,81.95624262376715,B
EU_OFF-ST-10001648,442.746,0.009099659279009327,81.96534228304617,B
Africa_TEC-CIS-10003439,442.65,0.009097686212531517,81.9744399692587,B
LATAM_FUR-FU-10000242,442.55600000000004,0.009095754251605328,81.9835357235103,B
APAC_OFF-EN-10001976,442.4904,0.009094405989512156,81.99263012949982,B
US_OFF-PA-10001289,441.864,0.00908153173074444,82.00171166123056,B
EU_FUR-CH-10000213,441.855,0.009081346755762144,82.01079300798632,B
LATAM_OFF-EN-10004580,441.74,0.009078983186543934,82.01987199117286,B
EU_OFF-PA-10001661,441.09,0.009065623882267088,82.02893761505513,B
APAC_FUR-FU-10004182,441.0,0.00906377413244414,82.03800138918757,B
EU_TEC-PH-10000437,440.568,0.00905489533329399,82.04705628452086,B
Africa_TEC-APP-10001340,440.1,0.009045276634214663,82.05610156115507,B
EU_FUR-FU-10002539,439.83,0.00903972738474582,82.06514128853982,B
Africa_OFF-BOS-10001511,439.2,0.009026779135985184,82.0741680676758,B
Africa_FUR-RUB-10001190,439.02,0.009023079636339288,82.08319114731214,B
EU_FUR-BO-10003333,438.84,0.009019380136693393,82.09221052744883,B
EU_OFF-AR-10000307,438.48,0.009011981137401603,82.10122250858623,B
LATAM_OFF-AR-10002802,437.79999999999995,0.00899800524985044,82.11022051383608,B
APAC_OFF-AR-10001266,437.7024,0.008995999298931334,82.11921651313502,B
APAC_OFF-BI-10002632,437.325,0.00898824268134044,82.12820475581636,B
US_OFF-ST-10004180,437.194,0.008985550267709261,82.13719030608407,B
EU_TEC-MA-10002918,437.157,0.008984789815004269,82.14617509589907,B
LATAM_FUR-CH-10002297,437.10400000000004,0.008983700517886313,82.15515879641696,B
LATAM_OFF-SU-10003371,437.1,0.00898361830678307,82.16414241472374,B
LATAM_OFF-AR-10003336,437.05199999999996,0.008982631773544164,82.17312504649729,B
US_FUR-CH-10002780,436.704,0.0089754794075621,82.18210052590486,B
US_FUR-FU-10002937,436.61199999999997,0.00897358855218753,82.19107411445704,B
LATAM_FUR-CH-10001975,436.4,0.008969231363715698,82.20004334582076,B
EU_OFF-BI-10000368,436.179,0.00896468920026157,82.20900803502101,B
APAC_TEC-MA-10004298,435.96000000000004,0.008960188142359065,82.21796822316337,B
APAC_OFF-ST-10003256,435.95820000000003,0.008960151147362606,82.22692837431073,B
EU_OFF-AR-10000502,435.84000000000003,0.008957721809261802,82.23588609612,B
EMEA_TEC-OKI-10001385,435.75,0.008955872059438853,82.24484196817944,B
EU_OFF-SU-10003804,435.51,0.008950939393244326,82.25379290757269,B
Africa_FUR-SAU-10003928,435.45,0.008949706226695693,82.26274261379939,B
EMEA_FUR-SAU-10003928,435.45,0.008949706226695693,82.27169232002609,B
EU_OFF-FA-10000670,435.24,0.008945390143775484,82.28063771016987,B
LATAM_OFF-EN-10000075,435.24,0.008945390143775484,82.28958310031365,B
Africa_TEC-SAN-10002477,434.94,0.008939224311032322,82.29852232462468,B
EU_OFF-AR-10004115,434.775,0.008935833103023585,82.30745815772771,B
Africa_OFF-CAR-10002942,434.48400000000004,0.008929852245262722,82.31638800997297,B
EU_FUR-FU-10003664,434.4,0.008928125812094637,82.32531613578506,B
APAC_OFF-EN-10004885,434.304,0.008926152745616825,82.33424228853067,B
EMEA_FUR-NOV-10002655,434.07,0.008921343396077162,82.34316363192676,B
EMEA_OFF-HAM-10004917,433.872,0.008917273946466676,82.35208090587322,B
APAC_FUR-FU-10001640,433.5006,0.008909640645530644,82.36099054651875,B
APAC_TEC-MA-10001358,432.9612,0.008898554478258444,82.36988910099701,B
EU_TEC-CO-10000228,432.81,0.008895446898555892,82.37878454789556,B
APAC_FUR-TA-10004730,432.6615,0.008892394811348028,82.38767694270692,B
EU_OFF-BI-10001124,432.63,0.008891747398909997,82.39656869010582,B
APAC_OFF-SU-10000618,432.426,0.008887554632644647,82.40545624473847,B
EMEA_FUR-HAR-10000334,432.288,0.008884718349582795,82.41434096308805,B
US_OFF-BI-10003876,432.28,0.008884553927376311,82.42322551701542,B
US_TEC-PH-10002834,431.976,0.008878305883529908,82.43210382289895,B
Africa_OFF-ROG-10000566,431.97,0.008878182566875047,82.44098200546583,B
Africa_OFF-ROG-10002279,431.46,0.008867700651211676,82.44984970611704,B
EU_TEC-CO-10003534,431.325,0.008864926026477255,82.45871463214351,B
EU_TEC-PH-10001664,431.1,0.008860301651919884,82.46757493379543,B
EU_TEC-MA-10002844,430.68600000000004,0.008851792802734326,82.47642672659816,B
LATAM_TEC-CO-10004981,430.56000000000006,0.008849203152982198,82.48527592975114,B
EU_FUR-CH-10003848,430.20000000000005,0.008841804153690408,82.49411773390483,B
US_TEC-AC-10004901,429.914,0.008835926059808595,82.50295365996463,B
US_TEC-AC-10003590,429.774,0.008833048671195122,82.51178670863582,B
APAC_FUR-TA-10002095,429.7293,0.00883212996211639,82.52061883859794,B
EU_FUR-CH-10002373,429.48,0.008827006155106825,82.52944584475304,B
APAC_FUR-FU-10003012,429.3912,0.00882518106861485,82.53827102582166,B
LATAM_TEC-PH-10002780,428.52,0.008807275490328715,82.54707830131198,B
EU_TEC-MA-10003558,428.4,0.00880480915723145,82.55588311046921,B
EU_TEC-CO-10004325,428.22,0.008801109657585555,82.5646842201268,B
APAC_TEC-MA-10004553,428.175,0.008800184782674083,82.57348440490946,B
LATAM_OFF-EN-10003728,428.12,0.008799054380004502,82.58228345928947,B
EU_OFF-BI-10002894,427.89000000000004,0.00879432724156808,82.59107778653105,B
US_OFF-PA-10000157,427.572,0.008787791458860331,82.5998655779899,B
EU_OFF-SU-10004888,427.41,0.008784461909179026,82.60865003989908,B
LATAM_TEC-AC-10003738,426.72,0.00877028049386976,82.61742032039294,B
APAC_OFF-AP-10002186,426.6,0.008767814160772497,82.62618813455371,B
Africa_OFF-ROG-10002294,426.24,0.008760415161480704,82.63494854971519,B
LATAM_TEC-PH-10000169,426.04,0.008756304606318599,82.64370485432151,B
EMEA_FUR-LES-10002852,425.91,0.00875363274546323,82.65245848706698,B
US_FUR-BO-10002598,425.88,0.008753016162188912,82.66121150322917,B
Africa_OFF-ROG-10003733,425.56800000000004,0.008746603696136028,82.66995810692531,B
EMEA_FUR-TEN-10000407,425.1,0.008736984997056699,82.67869509192236,B
APAC_FUR-FU-10004503,425.088,0.008736738363746973,82.68743183028612,B
LATAM_OFF-ST-10000560,424.38,0.008722186998473117,82.69615401728458,B
LATAM_TEC-CO-10004234,423.67096,0.008707614258312417,82.7048616315429,B
LATAM_OFF-AP-10003945,423.448,0.0087030318114177,82.71356466335432,B
APAC_OFF-SU-10003371,423.4146,0.008702345348705629,82.72226700870303,B
APAC_OFF-PA-10004115,423.411,0.008702271358712712,82.73096928006174,B
Africa_TEC-BRO-10000773,423.27,0.008699373417323426,82.73966865347907,B
EU_OFF-ST-10004317,423.258,0.0086991267840137,82.74836778026308,B
US_TEC-PH-10004093,423.108,0.00869604386764212,82.75706382413073,B
LATAM_TEC-PH-10003368,422.832,0.008690371301518415,82.76575419543224,B
LATAM_OFF-AP-10001682,422.82,0.008690124668208688,82.77444432010044,B
APAC_FUR-BO-10003022,422.73,0.00868827491838574,82.78313259501883,B
LATAM_OFF-AP-10004569,421.91200000000003,0.008671462747772727,82.7918040577666,B
EU_OFF-BI-10000972,421.68,0.008666694503784683,82.80047075227039,B
LATAM_OFF-SU-10003629,420.812,0.008648854694381142,82.80911960696477,B
EU_OFF-AR-10000659,420.753,0.008647642080608321,82.81776724904537,B
APAC_OFF-AR-10000681,420.75,0.00864758042228089,82.82641482946765,B
LATAM_FUR-CH-10004062,420.64000000000004,0.008645319616941732,82.8350601490846,B
APAC_OFF-AR-10002417,420.4536,0.008641488579530648,82.84370163766413,B
APAC_FUR-FU-10003605,420.147,0.00863518709846714,82.85233682476259,B
US_TEC-PH-10003437,419.944,0.008631014884977601,82.86096783964757,B
US_TEC-AC-10003610,419.93,0.008630727146116254,82.86959856679368,B
US_TEC-AC-10001109,419.86,0.008629288451809517,82.8782278552455,B
US_FUR-CH-10004754,419.72,0.008626411063196043,82.88685426630869,B
US_FUR-FU-10000576,419.68,0.00862558895216362,82.89547985526085,B
LATAM_TEC-PH-10000960,419.68,0.00862558895216362,82.904105444213,B
APAC_OFF-ST-10004871,419.424,0.008620327441556124,82.91272577165456,B
APAC_OFF-BI-10000590,419.31719999999996,0.00861813240509956,82.92134390405967,B
APAC_TEC-AC-10000332,419.2482,0.008616714263568633,82.92996061832324,B
LATAM_TEC-PH-10004597,419.05999999999995,0.00861284623116109,82.9385734645544,B
EU_OFF-SU-10001021,418.86,0.008608735675998985,82.9471822002304,B
EU_TEC-PH-10000458,418.446,0.008600226826813426,82.95578242705722,B
EMEA_OFF-GRE-10001084,418.32,0.008597637177061298,82.96438006423428,B
US_OFF-ST-10000934,417.996,0.008590978077698687,82.97297104231197,B
EU_OFF-EN-10003547,417.96,0.008590238177769507,82.98156128048974,B
EU_OFF-ST-10001562,417.312,0.008576919979044284,82.99013820046879,B
APAC_OFF-ST-10000344,417.11039999999997,0.00857277653944088,82.99871097700823,B
EU_OFF-EN-10003361,417.06,0.00857174067954003,83.00728271768777,B
APAC_OFF-SU-10001382,416.928,0.00856902771313304,83.01585174540091,B
US_OFF-BI-10004492,416.856,0.008567547913274682,83.02441929331418,B
LATAM_FUR-CH-10004242,416.64,0.008563108513699607,83.03298240182788,B
EMEA_TEC-KON-10004735,416.592,0.008562121980460701,83.04154452380834,B
LATAM_OFF-ST-10001954,416.16,0.008553243181310554,83.05009776698965,B
APAC_FUR-FU-10001770,415.905,0.008548002223478866,83.05864576921313,B
US_TEC-PH-10000439,415.896,0.008547817248496571,83.06719358646163,B
EMEA_OFF-FEL-10001630,415.62,0.008542144682372866,83.075735731144,B
EU_OFF-BI-10000815,415.35,0.008536595432904023,83.0842723265769,B
LATAM_OFF-EN-10001755,415.104,0.008531539450054632,83.09280386602696,B
LATAM_OFF-AP-10000751,415.008,0.00852956638357682,83.10133343241053,B
Africa_TEC-LOG-10002589,414.36,0.008516248184851596,83.10984968059537,B
EU_TEC-AC-10003080,414.36,0.008516248184851596,83.11836592878022,B
Africa_FUR-IKE-10000521,414.27,0.008514398435028648,83.12688032721525,B
APAC_TEC-MA-10001330,413.568,0.008499970386409655,83.13538029760166,B
APAC_OFF-PA-10001006,413.4882,0.008498330274899976,83.14387862787656,B
EMEA_OFF-FEL-10001405,413.37,0.00849590093679917,83.15237452881335,B
EMEA_OFF-BIN-10001715,413.04,0.008489118520781696,83.16086364733414,B
EU_TEC-AC-10004557,412.86,0.0084854190211358,83.16934906635528,B
APAC_OFF-ST-10002763,412.8,0.008484185854587168,83.17783325220987,B
LATAM_TEC-AC-10003615,412.56,0.00847925318839264,83.18631250539826,B
LATAM_OFF-SU-10000556,412.452,0.008477033488605103,83.19478953888687,B
EU_OFF-BI-10003708,412.155,0.008470929314189374,83.20326046820105,B
LATAM_TEC-CO-10001450,411.92064,0.00846611256565042,83.21172658076671,B
APAC_FUR-BO-10001309,411.75,0.008462605439986112,83.2201891862067,B
APAC_OFF-AR-10004218,411.6519,0.008460589212679098,83.22864977541937,B
APAC_OFF-ST-10002791,411.58979999999997,0.008459312885301263,83.23710908830468,B
Africa_OFF-IBI-10003541,411.36,0.008454589857420005,83.2455636781621,B
US_FUR-BO-10000330,411.332,0.008454014379697308,83.2540176925418,B
APAC_OFF-AR-10004139,411.24,0.00845212352432274,83.26246981606612,B
EU_OFF-AP-10004226,410.832,0.008443737991792044,83.27091355405791,B
Africa_OFF-ELI-10001705,410.7,0.008441025025385053,83.2793545790833,B
EU_OFF-SU-10001791,410.66999999999996,0.008440408442110737,83.28779498752542,B
APAC_FUR-BO-10001967,410.346,0.008433749342748126,83.29622873686816,B
US_FUR-BO-10001519,409.88699999999994,0.00842431561865109,83.30465305248681,B
APAC_TEC-AC-10000519,409.824,0.008423020793775028,83.31307607328058,B
APAC_TEC-AC-10003408,409.5072,0.008416509674398253,83.32149258295499,B
APAC_OFF-AP-10003473,409.32,0.00841266219476652,83.32990524514976,B
APAC_FUR-BO-10002032,408.96900000000005,0.008405448170457025,83.33831069332022,B
EU_TEC-AC-10003904,408.45,0.008394781279811359,83.34670547460003,B
APAC_OFF-AP-10001559,407.862,0.008382696247634767,83.35508817084767,B
APAC_OFF-PA-10003686,407.46450000000004,0.008374526519250082,83.36346269736691,B
LATAM_FUR-CH-10002374,407.41999999999996,0.008373611920726512,83.37183630928764,B
US_TEC-PH-10001254,406.368,0.008351990400573833,83.38018829968821,B
APAC_OFF-PA-10001327,405.972,0.008343851501352861,83.38853215118957,B
APAC_FUR-FU-10000921,405.945,0.008343296576405979,83.39687544776596,B
EU_OFF-ST-10002759,405.87,0.00834175511822019,83.40521720288419,B
EU_FUR-CH-10003062,405.648,0.008337192401990252,83.41355439528618,B
LATAM_TEC-AC-10001055,405.13200000000006,0.00832658716967202,83.42188098245586,B
LATAM_OFF-AR-10002677,405.112,0.008326176114155807,83.43020715857001,B
APAC_OFF-BI-10004098,405.05219999999997,0.008324947058162337,83.43853210562817,B
LATAM_TEC-PH-10003784,404.376,0.008311049271159256,83.44684315489933,B
APAC_OFF-ST-10001554,404.199,0.008307411429840792,83.45515056632917,B
APAC_OFF-EN-10002679,404.0739,0.008304840277586894,83.46345540660676,B
Africa_OFF-TEN-10004194,403.83000000000004,0.008299827455566707,83.47175523406233,B
EU_TEC-AC-10004791,403.632,0.00829575800595622,83.48005099206829,B
EU_FUR-BO-10004191,403.54200000000003,0.008293908256133273,83.48834490032442,B
APAC_OFF-AR-10001965,403.17,0.008286262623531755,83.49663116294795,B
Africa_FUR-DEF-10004355,402.96,0.008281946540611543,83.50491310948856,B
APAC_TEC-MA-10001360,402.7824,0.008278296367627594,83.51319140585618,B
APAC_FUR-TA-10002487,401.976,0.008261722609213982,83.5214531284654,B
APAC_TEC-PH-10000358,401.868,0.008259502909426444,83.52971263137482,B
EU_OFF-AR-10000124,401.625,0.008254508584904485,83.53796713995972,B
APAC_OFF-ST-10004668,401.472,0.008251364010205474,83.54621850396992,B
EU_FUR-FU-10003264,401.28,0.00824741787724985,83.55446592184717,B
US_OFF-PA-10002254,400.976,0.00824116983340345,83.56270709168056,B
EU_OFF-ST-10004035,400.896,0.00823952561133861,83.57094661729191,B
EU_FUR-BO-10004824,400.788,0.008237305911551071,83.57918392320346,B
EMEA_TEC-NOK-10002716,400.17600000000004,0.008224727612755027,83.58740865081622,B
LATAM_FUR-CH-10001282,400.176,0.008224727612755025,83.59563337842897,B
US_TEC-AC-10001606,399.96000000000004,0.008220288213179952,83.60385366664215,B
APAC_TEC-AC-10000284,399.6882,0.008214701968714648,83.61206836861086,B
LATAM_OFF-BI-10004969,399.684,0.008214615647056245,83.62028298425793,B
APAC_FUR-FU-10004064,399.5964,0.008212815223895243,83.62849579948183,B
US_TEC-MA-10004679,399.54,0.00821165604733953,83.63670745552916,B
US_TEC-PH-10002923,399.49199999999996,0.008210669514100622,83.64491812504326,B
US_OFF-PA-10001977,399.456,0.008209929614171444,83.65312805465743,B
EMEA_OFF-SME-10001652,399.42,0.008209189714242265,83.66133724437167,B
LATAM_OFF-PA-10002382,399.32399999999996,0.008207216647764451,83.66954446101943,B
APAC_OFF-AR-10003683,398.88,0.008198091215304577,83.67774255223473,B
LATAM_FUR-CH-10002093,398.88,0.008198091215304577,83.68594064345004,B
APAC_OFF-EN-10003413,398.8395,0.00819725882788425,83.69413790227792,B
APAC_TEC-PH-10001590,398.7,0.008194391715658682,83.70233229399358,B
Africa_TEC-EPS-10004558,398.619,0.00819272694081803,83.7105250209344,B
APAC_FUR-BO-10003383,398.52,0.008190692216012787,83.71871571315042,B
EU_OFF-EN-10004649,398.475,0.008189767341101313,83.72690548049152,B
LATAM_TEC-AC-10004451,398.424,0.008188719149534975,83.73509419964105,B
US_TEC-AC-10003198,398.4,0.008188225882915522,83.74328242552397,B
EMEA_OFF-BIN-10002061,398.352,0.008187239349676616,83.75146966487365,B
US_TEC-AC-10001013,398.344,0.008187074927470133,83.75965673980113,B
EU_OFF-AP-10004946,398.325,0.008186684424729732,83.76784342422586,B
LATAM_FUR-FU-10001175,398.168,0.00818345763892748,83.77602688186478,B
LATAM_OFF-ST-10004930,397.76,0.008175072106396784,83.78420195397118,B
EMEA_OFF-TEN-10000794,397.602,0.008171824767818718,83.79237377873899,B
US_FUR-FU-10003773,397.6,0.008171783662267097,83.80054556240125,B
LATAM_OFF-ST-10002471,396.9,0.008157396719199725,83.80870295912045,B
EU_FUR-CH-10004309,396.9,0.008157396719199725,83.81686035583965,B
APAC_OFF-SU-10004401,396.864,0.008156656819270545,83.82501701265892,B
APAC_OFF-ST-10004748,396.84,0.008156163552651093,83.83317317621157,B
EU_OFF-AR-10003450,396.45000000000005,0.008148147970084988,83.84132132418166,B
US_OFF-BI-10004330,395.686,0.008132445649365742,83.84945376983103,B
EU_FUR-FU-10000946,395.54999999999995,0.00812965047185551,83.85758342030289,B
LATAM_OFF-SU-10002466,395.524,0.008129116099684437,83.86571253640257,B
EU_OFF-SU-10003556,395.28,0.008124101222386666,83.87383663762496,B
EMEA_OFF-FEL-10004224,395.22,0.008122868055838036,83.8819595056808,B
EU_OFF-SU-10003632,394.692,0.008112016190210075,83.89007152187101,B
LATAM_FUR-CH-10003077,394.668,0.008111522923590622,83.89818304479459,B
EU_FUR-FU-10000361,394.572,0.00810954985711281,83.9062925946517,B
US_TEC-PH-10001615,394.264,0.008103219602163167,83.91439581425387,B
EU_OFF-SU-10003234,394.2,0.008101904224511293,83.92249771847838,B
LATAM_TEC-CO-10002381,394.1114,0.00810008324857448,83.93059780172696,B
APAC_FUR-TA-10004383,394.0551,0.008098926127296346,83.93869672785426,B
LATAM_FUR-CH-10002010,393.924,0.008096231658387586,83.94679295951265,B
US_OFF-ST-10000943,393.924,0.008096231658387586,83.95488919117103,B
LATAM_OFF-PA-10003911,393.572,0.00808899708130228,83.96297818825234,B
US_TEC-PH-10000675,393.552,0.00808858602578607,83.97106677427813,B
APAC_FUR-FU-10001096,393.1335,0.008079984689109363,83.97914675896723,B
US_FUR-CH-10001482,392.94,0.008076007726990023,83.98722276669422,B
EU_OFF-AR-10000711,392.85,0.008074157977167077,83.99529692467138,B
EU_TEC-AC-10002670,392.805,0.008073233102255602,84.00337015777363,B
EU_OFF-SU-10003130,392.15999999999997,0.008059976561857808,84.01143013433548,B
APAC_OFF-EN-10001315,392.058,0.008057880178725135,84.01948801451421,B
APAC_FUR-FU-10004283,392.034,0.008057386912105682,84.02754540142631,B
LATAM_TEC-CO-10000262,392.0144,0.008056984077699798,84.035602385504,B
APAC_OFF-PA-10000951,391.68,0.008050111229468755,84.04365249673347,B
US_OFF-PA-10002923,391.52,0.00804682278533907,84.05169931951882,B
LATAM_OFF-AR-10003766,391.44,0.008045178563274228,84.0597444980821,B
LATAM_TEC-PH-10003935,391.356,0.008043452130106142,84.0677879502122,B
Africa_OFF-CAR-10004661,391.014,0.008036423080778942,84.07582437329299,B
Africa_TEC-EPS-10000689,390.885,0.008033771772699384,84.08385814506569,B
LATAM_OFF-ST-10002070,390.72,0.008030380564690645,84.09188852563038,B
US_OFF-ST-10003442,390.264,0.008021008498921043,84.0999095341293,B
Africa_FUR-SAU-10003694,390.15,0.008018665482478642,84.10792819961178,B
US_TEC-AC-10003095,389.97,0.008014965982832748,84.11594316559462,B
APAC_OFF-PA-10003115,389.025,0.007995543609691794,84.12393870920431,B
EU_TEC-AC-10004144,388.92,0.00799338556823169,84.13193209477254,B
US_FUR-BO-10002268,388.704,0.007988946168656615,84.13992104094119,B
Canada_TEC-HEW-10003460,388.62,0.007987219735488531,84.14790826067667,B
APAC_TEC-MA-10004482,387.5175,0.00796456030015742,84.15587282097682,B
Africa_FUR-ADV-10002889,387.36,0.007961323237967262,84.16383414421479,B
Africa_OFF-WIL-10000146,387.36,0.007961323237967262,84.17179546745275,B
LATAM_TEC-AC-10002664,387.24,0.007958856904869997,84.17975432435762,B
Africa_FUR-SAU-10000637,387.09,0.007955773988498416,84.18771009834612,B
EU_OFF-BI-10002289,387.0,0.00795392423867547,84.1956640225848,B
Africa_TEC-SAM-10001843,386.676,0.007947265139312858,84.2036112877241,B
US_TEC-MA-10001570,385.8,0.007929260907702834,84.2115405486318,B
LATAM_OFF-EN-10001751,385.5,0.007923095074959674,84.21946364370676,B
EU_OFF-ST-10001213,385.39799999999997,0.007920998691826999,84.22738464239859,B
APAC_FUR-FU-10003198,385.3305,0.007919611379459788,84.23530425377805,B
Africa_TEC-HEW-10003260,385.02,0.007913229742570619,84.24321748352062,B
EU_TEC-CO-10004169,385.02,0.007913229742570619,84.2511307132632,B
US_OFF-PA-10000062,384.72,0.00790706390982746,84.25903777717302,B
US_OFF-PA-10001497,384.72,0.00790706390982746,84.26694484108285,B
US_TEC-PH-10004912,384.65,0.007905625215520722,84.27485046629836,B
APAC_FUR-FU-10000069,384.648,0.007905584109969102,84.28275605040832,B
APAC_TEC-AC-10003640,384.56460000000004,0.007903870008466504,84.29065992041679,B
LATAM_TEC-CO-10000534,384.38064,0.0079000891198284,84.29856000953662,B
Africa_TEC-CAN-10000932,383.796,0.00788807314497853,84.3064480826816,B
LATAM_FUR-BO-10001067,382.904,0.007869740068955536,84.31431782275055,B
EMEA_TEC-LOG-10003634,382.56,0.007862669914076713,84.32218049266463,B
Africa_TEC-NOK-10001283,382.41,0.007859586997705134,84.33004007966234,B
EU_OFF-AR-10000715,382.365,0.00785866212279366,84.33789874178514,B
EMEA_TEC-CAN-10004697,381.96,0.007850338248590395,84.34574908003373,B
EU_FUR-TA-10000304,381.96,0.007850338248590395,84.35359941828231,B
APAC_FUR-CH-10003771,381.84,0.00784787191549313,84.3614472901978,B
EMEA_TEC-CAN-10002843,381.654,0.007844049099192372,84.36929133929699,B
LATAM_TEC-AC-10001076,381.6,0.007842939249298603,84.3771342785463,B
Africa_FUR-TEN-10003349,381.18600000000004,0.007834430400113045,84.3849687089464,B
EMEA_OFF-ROG-10003898,380.97,0.007829991000537969,84.39279869994694,B
US_TEC-PH-10002660,380.74399999999997,0.007825346073204788,84.40062404602014,B
US_TEC-PH-10004080,380.74399999999997,0.007825346073204788,84.40844939209335,B
Africa_TEC-HP -10002221,380.70000000000005,0.007824441751069127,84.41627383384441,B
APAC_OFF-AP-10001891,380.4,0.007818275918325965,84.42409210976274,B
EU_OFF-ST-10003764,380.352,0.00781728938508706,84.43190939914783,B
EMEA_TEC-HEW-10004172,380.19,0.007813959835405756,84.43972335898323,B
APAC_TEC-PH-10004578,379.7079,0.007804051342187498,84.44752741032542,B
APAC_FUR-FU-10000606,379.6968,0.007803823206376,84.4553312335318,B
EU_TEC-PH-10004992,379.449,0.007798730228530151,84.46312996376032,B
EU_TEC-MA-10000946,379.44,0.007798545253547857,84.47092850901387,B
EMEA_TEC-PAN-10004404,379.44,0.007798545253547857,84.47872705426742,B
APAC_TEC-CO-10001869,379.38,0.0077973120869992245,84.48652436635442,B
EU_TEC-CO-10002269,379.287,0.007795400678848845,84.49431976703326,B
EU_OFF-EN-10002891,378.81000000000006,0.007785597004787224,84.50210536403804,B
APAC_OFF-PA-10003550,378.75600000000003,0.007784487154893454,84.50988985119294,B
EMEA_TEC-HEW-10003829,378.39,0.007776964838946799,84.51766681603189,B
APAC_OFF-BI-10000721,378.27,0.007774498505849535,84.52544131453774,B
EU_OFF-BI-10000440,378.0,0.007768949256380692,84.53321026379413,B
US_TEC-PH-10002075,377.97,0.007768332673106376,84.54097859646724,B
EU_OFF-AR-10004739,377.78999999999996,0.00776463317346048,84.5487432296407,B
APAC_OFF-AR-10000242,377.13,0.00775106834142553,84.55649429798213,B
EMEA_TEC-BRO-10001938,377.01,0.007748602008328266,84.56424289999046,B
LATAM_OFF-ST-10003800,376.96000000000004,0.00774757436953774,84.57199047435999,B
EU_TEC-CO-10003342,376.86,0.007745519091956686,84.57973599345195,B
EU_FUR-BO-10003604,376.74,0.007743052758859423,84.5874790462108,B
US_OFF-BI-10002133,376.64,0.007740997481278369,84.59522004369208,B
APAC_OFF-BI-10002424,376.42199999999997,0.007736516976151674,84.60295656066823,B
APAC_TEC-AC-10004249,376.01279999999997,0.007728106780290004,84.61068466744852,B
APAC_OFF-AR-10004749,375.9,0.007725788427178577,84.6184104558757,B
EMEA_FUR-OFF-10004214,375.744,0.007722582194152135,84.62613303806985,B
US_OFF-PA-10001019,375.624,0.007720115861054871,84.6338531539309,B
APAC_TEC-AC-10001600,375.375,0.007714998219878048,84.64156815215078,B
EU_OFF-EN-10004667,375.36,0.00771468992824089,84.64928284207902,B
LATAM_FUR-TA-10004249,375.12,0.007709757262046363,84.65699259934107,B
LATAM_FUR-CH-10000852,374.976,0.0077067976623296465,84.66469939700339,B
APAC_FUR-FU-10000729,374.85,0.0077042080125775195,84.67240360501597,B
APAC_OFF-EN-10004849,374.7744,0.007702654222726243,84.6801062592387,B
EU_OFF-PA-10004034,374.76,0.007702358262754571,84.68780861750145,B
Canada_OFF-SAN-10003660,374.4,0.00769495926346278,84.6955035767649,B
EU_OFF-AR-10003384,374.1,0.007688793430719621,84.70319237019562,B
EU_TEC-AC-10001666,373.68,0.007680161264879198,84.7108725314605,B
APAC_TEC-AC-10003659,373.572,0.007677941565091661,84.71855047302559,B
APAC_OFF-BI-10004181,373.32779999999997,0.007672922577238728,84.72622339560283,B
APAC_TEC-AC-10000896,373.275,0.007671837390675932,84.7338952329935,B
APAC_TEC-MA-10003868,373.2,0.007670295932490143,84.74156552892599,B
EU_OFF-ST-10003455,373.194,0.007670172615835281,84.74923570154182,B
EU_FUR-CH-10000214,372.897,0.007664068441419552,84.75689976998324,B
APAC_OFF-SU-10001762,372.825,0.007662588641561194,84.7645623586248,B
EU_OFF-ST-10000020,372.663,0.007659259091879888,84.77222161771668,B
LATAM_OFF-PA-10001470,372.40000000000003,0.00765385371184172,84.77987547142853,B
EMEA_TEC-OKI-10004464,371.90999999999997,0.007643782851694558,84.78751925428023,B
EU_FUR-FU-10003069,371.868,0.007642919635110516,84.79516217391534,B
APAC_OFF-AP-10000916,371.7,0.007639466768774346,84.80280164068412,B
EU_FUR-FU-10001169,371.628,0.0076379869689159885,84.81043962765304,B
US_TEC-PH-10003215,371.38,0.007632889880514976,84.81807251753355,B
APAC_OFF-EN-10004173,371.13779999999997,0.007627911998213666,84.82570042953176,B
Africa_FUR-HON-10001558,370.806,0.007621092587199732,84.83332152211896,B
EU_OFF-AR-10001482,370.755,0.007620044395633396,84.8409415665146,B
EU_FUR-BO-10002926,370.53,0.007615420021076025,84.84855698653568,B
EU_TEC-PH-10001557,370.17,0.007608021021784235,84.85616500755746,B
EU_TEC-AC-10004679,369.972,0.007603951572173749,84.86376895912964,B
US_FUR-FU-10004864,369.936,0.007603211672244569,84.87137217080189,B
LATAM_OFF-PA-10000540,369.92,0.007602882827831602,84.87897505362972,B
US_OFF-AP-10003040,369.82,0.007600827550250549,84.88657588117997,B
Africa_FUR-HAR-10001792,369.72,0.0075987722726694965,84.89417465345264,B
US_TEC-MA-10002930,369.16,0.007587262718215599,84.90176191617086,B
APAC_FUR-FU-10000714,369.135,0.007586748898820335,84.90934866506967,B
EU_TEC-MA-10000765,369.1125,0.007586286461364598,84.91693495153103,B
APAC_OFF-BI-10003779,369.054,0.007585084123979681,84.92452003565501,B
Africa_OFF-AVE-10001750,368.955,0.007583049399174439,84.93210308505418,B
US_OFF-PA-10000675,368.90999999999997,0.007582124524262965,84.93968520957844,B
EU_FUR-FU-10004152,368.745,0.007578733316254228,84.9472639428947,B
EU_OFF-AR-10003377,368.562,0.0075749721582809015,84.95483891505297,B
LATAM_FUR-TA-10000637,368.532,0.007574355575006585,84.96241327062798,B
APAC_TEC-AC-10004196,368.06399999999996,0.007564736875927255,84.9699780075039,B
APAC_OFF-PA-10002047,367.71,0.007557461193290328,84.97753546869718,B
EU_FUR-BO-10001537,367.56,0.007554378276918749,84.9850898469741,B
LATAM_OFF-AR-10003829,367.5,0.0075531451103701165,84.99264299208447,B
LATAM_OFF-AR-10003123,366.58799999999997,0.007534400978830912,85.0001773930633,B
APAC_OFF-AR-10004486,366.27,0.007527865196123163,85.00770525825942,B
EMEA_FUR-DAN-10004745,366.21,0.007526632029574531,85.015231890289,B
EMEA_FUR-IKE-10003015,365.91,0.007520466196831373,85.02275235648584,B
LATAM_FUR-CH-10003353,365.712,0.0075163967472208874,85.03026875323306,B
EU_TEC-CO-10001523,365.535,0.007512758905902424,85.03778151213896,B
EMEA_OFF-STA-10000244,365.52,0.007512450614265266,85.04529396275323,B
EMEA_TEC-EPS-10003277,365.442,0.007510847497752045,85.05280481025099,B
EU_OFF-PA-10001212,365.04,0.007502585281876211,85.06030739553286,B
EMEA_OFF-STA-10001791,364.752,0.007496666082442778,85.0678040616153,B
Africa_FUR-HAR-10004129,364.74,0.007496419449133052,85.07530048106445,B
US_FUR-CH-10004289,364.72400000000005,0.007496090604720083,85.08279657166916,B
EU_TEC-MA-10004896,364.65,0.007494569699310103,85.09029114136847,B
Africa_FUR-BAR-10002710,364.428,0.0074900069830801655,85.09778114835154,B
APAC_TEC-PH-10000840,364.32,0.007487787283292629,85.10526893563484,B
APAC_TEC-AC-10004704,364.146,0.007484211100301597,85.11275314673514,B
EU_FUR-CH-10002752,364.05899999999997,0.00748242300880608,85.12023556974395,B
US_TEC-PH-10001924,363.948,0.00748014165069111,85.12771571139464,B
EMEA_FUR-DAN-10001622,363.75,0.0074760722010806255,85.13519178359573,B
APAC_FUR-TA-10004484,363.384,0.007468549885133972,85.14266033348086,B
APAC_TEC-AC-10001987,363.36,0.007468056618514519,85.15012839009938,B
EMEA_OFF-BIC-10001510,363.072,0.0074621374190810864,85.15759052751847,B
EMEA_FUR-IKE-10002719,362.85,0.007457574702851149,85.16504810222132,B
EU_OFF-AR-10003117,362.625,0.007452950328293779,85.17250105254962,B
Africa_FUR-DAN-10003065,362.4,0.007448325953736409,85.17994937850335,B
APAC_FUR-FU-10004820,361.2,0.007423662622763772,85.18737304112612,B
EU_OFF-ST-10001142,361.00800000000004,0.007419716489808151,85.19479275761593,B
EMEA_OFF-AME-10001009,360.96,0.007418729956569245,85.2022114875725,B
EMEA_OFF-SME-10000538,360.864,0.007416756890091433,85.20962824446259,B
US_FUR-FU-10003268,359.82,0.007395299792145239,85.21702354425474,B
EU_FUR-FU-10000620,359.73,0.007393450042322292,85.22441699429707,B
LATAM_FUR-TA-10003497,359.648,0.007391764714705829,85.23180875901178,B
LATAM_OFF-ST-10000496,359.61199999999997,0.0073910248147766484,85.23919978382656,B
US_TEC-PH-10003171,359.6,0.007390778181466924,85.24659056200804,B
EMEA_OFF-ROG-10002279,359.55,0.007389750542676396,85.25398031255071,B
EMEA_OFF-GLO-10000491,359.52000000000004,0.00738913395940208,85.26136944651012,B
US_FUR-BO-10002213,359.499,0.00738870235111006,85.26875814886122,B
APAC_OFF-PA-10003332,359.04,0.007379268627013025,85.27613741748824,B
LATAM_OFF-PA-10004027,359.03999999999996,0.007379268627013024,85.28351668611526,B
EU_TEC-CO-10001628,358.92,0.0073768022939157615,85.29089348840918,B
EMEA_OFF-FEL-10003848,358.794,0.0073742126441636345,85.29826770105335,B
APAC_OFF-AP-10001916,358.68,0.007371869627721235,85.30563957068107,B
APAC_OFF-EN-10000328,358.64099999999996,0.007371068069464622,85.31301063875053,B
LATAM_FUR-CH-10004795,358.272,0.007363484095190537,85.32037412284572,B
US_FUR-FU-10004006,358.26,0.00736323746188081,85.3277373603076,B
LATAM_OFF-ST-10003750,358.2,0.00736200429533218,85.33509936460293,B
US_OFF-ST-10000563,358.176,0.007361511028712727,85.34246087563164,B
LATAM_TEC-MA-10001859,358.0,0.007357893740170073,85.34981876937181,B
EMEA_TEC-SHA-10001231,357.36,0.0073447399636513335,85.35716350933546,B
LATAM_FUR-CH-10001658,357.244,0.007342355841657312,85.36450586517712,B
EU_OFF-EN-10002723,356.78999999999996,0.00733302488143933,85.37183889005856,B
APAC_TEC-AC-10002257,356.664,0.007330435231687204,85.37916932529025,B
APAC_OFF-SU-10001124,356.64,0.007329941965067751,85.38649926725532,B
APAC_TEC-CO-10002812,356.616,0.007329448698448298,85.39382871595376,B
EMEA_TEC-STA-10003447,356.41200000000003,0.00732525593218295,85.40115397188595,B
LATAM_OFF-AR-10004422,356.40000000000003,0.007325009298873223,85.40847898118481,B
US_OFF-PA-10001954,356.304,0.007323036232395413,85.4158020174172,B
Africa_TEC-SHA-10004390,355.56,0.007307744967192378,85.4231097623844,B
APAC_FUR-CH-10000042,355.38,0.007304045467546482,85.43041380785195,B
EMEA_TEC-SAM-10003948,355.134,0.007298989484697091,85.43771279733664,B
US_FUR-BO-10001608,354.9,0.007294180135157427,85.4450069774718,B
LATAM_FUR-TA-10003485,354.72,0.0072904806355115325,85.45229745810732,B
EMEA_TEC-ENE-10005000,354.609,0.007288199277396563,85.45958565738472,B
LATAM_OFF-PA-10002966,354.42,0.0072843148027683735,85.4668699721875,B
US_OFF-ST-10000877,353.856,0.007272723037211233,85.47414269522471,B
US_OFF-AP-10004859,353.808,0.007271736503972327,85.48141443172868,B
Africa_TEC-CIS-10003676,353.76,0.007270749970733422,85.48868518169941,B
EMEA_FUR-SAF-10003540,353.15999999999997,0.007258418305247103,85.49594360000465,B
APAC_TEC-PH-10003572,352.998,0.007255088755565797,85.50319868876022,B
LATAM_TEC-PH-10002892,352.8,0.007251019305955312,85.51044970806618,B
APAC_OFF-ST-10003411,352.79999999999995,0.007251019305955311,85.51770072737213,B
APAC_OFF-ST-10004802,352.584,0.007246579906380238,85.52494730727851,B
EMEA_FUR-SAF-10000213,352.536,0.007245593373141333,85.53219290065165,B
LATAM_FUR-CH-10003853,352.404,0.007242880406734342,85.53943578105839,B
EU_OFF-AP-10002229,352.35,0.0072417705568405735,85.54667755161523,B
EU_OFF-ST-10003990,352.15200000000004,0.0072377011072300886,85.55391525272246,B
Canada_TEC-OKI-10000616,351.9,0.007232521807725835,85.56114777453018,B
APAC_OFF-AR-10004656,351.864,0.007231781907796655,85.56837955643797,B
EU_OFF-SU-10004980,351.84,0.007231288641177202,85.57561084507915,B
EU_FUR-CH-10002543,351.84,0.007231288641177202,85.58284213372033,B
APAC_TEC-PH-10003796,351.648,0.007227342508221581,85.59006947622855,B
Africa_FUR-TEN-10003923,351.6,0.007226355974982676,85.59729583220353,B
APAC_TEC-AC-10001703,350.595,0.007205700435293091,85.60450153263882,B
EU_OFF-AR-10001759,350.55,0.007204775560381618,85.6117063081992,B
LATAM_TEC-CO-10002065,350.37784,0.007201237194498077,85.6189075453937,B
US_FUR-FU-10001588,350.16,0.007196759977815511,85.62610430537151,B
APAC_FUR-FU-10002250,350.07,0.007194910227992563,85.63329921559951,B
EMEA_OFF-TEN-10001031,350.01599999999996,0.007193800378098794,85.64049301597761,B
US_TEC-AC-10000420,349.95,0.007192443894895299,85.6476854598725,B
EU_OFF-SU-10004911,349.44,0.007181961979231929,85.65486742185173,B
APAC_TEC-PH-10000019,349.32,0.007179495646134664,85.66204691749788,B
US_OFF-AP-10002892,349.296,0.007179002379515211,85.66922591987739,B
EMEA_FUR-ADV-10004971,349.2,0.0071770293130374,85.67640294919043,B
EMEA_FUR-CHR-10003806,349.068,0.00717431634663041,85.68357726553707,B
US_OFF-AR-10001897,349.006,0.007173042074530157,85.6907503076116,B
LATAM_OFF-AR-10002605,348.992,0.00717275433566881,85.69792306194726,B
APAC_TEC-CO-10001162,348.66,0.007165930814099715,85.70508899276136,B
EU_OFF-PA-10002040,348.6,0.0071646976475510825,85.71225369040891,B
EMEA_OFF-ENE-10002833,348.54,0.007163464481002451,85.71941715488991,B
EMEA_TEC-OKI-10003050,348.48,0.007162231314453819,85.72657938620436,B
LATAM_FUR-BO-10004082,348.36,0.007159764981356556,85.73373915118572,B
APAC_TEC-PH-10001428,348.0588,0.007153574485282423,85.740892725671,B
Africa_FUR-OFF-10001224,347.88,0.0071498996489675,85.74804262531997,B
EMEA_FUR-OFF-10001224,347.88,0.0071498996489675,85.75519252496893,B
LATAM_TEC-PH-10003793,347.84,0.007149077537935078,85.76234160250687,B
Africa_TEC-BEL-10004386,347.76,0.007147433315870237,85.76948903582273,B
US_OFF-PA-10004353,347.652,0.007145213616082699,85.77663424943881,B
LATAM_TEC-MA-10001598,347.64,0.007144966982772972,85.78377921642159,B
APAC_FUR-CH-10004751,347.556,0.007143240549604888,85.7909224569712,B
US_OFF-BI-10003684,347.442,0.0071408975331624875,85.79806335450436,B
LATAM_TEC-PH-10002332,346.92,0.007130168984189391,85.80519352348855,B
APAC_OFF-BI-10002919,346.788,0.0071274560177824004,85.81232097950634,B
APAC_TEC-AC-10002833,346.5075,0.007121690964167546,85.81944267047051,B
EU_OFF-AR-10001720,346.28999999999996,0.007117220735428755,85.82655989120593,B
APAC_OFF-EN-10001882,346.0305,0.0071118872901059236,85.83367177849604,B
LATAM_OFF-PA-10000032,345.61199999999997,0.007103285953429215,85.84077506444947,B
LATAM_FUR-BO-10003043,345.528,0.007101559520261131,85.84787662396974,B
US_OFF-BI-10001543,345.504,0.0071010662536416785,85.85497769022338,B
EMEA_TEC-HEW-10002435,345.384,0.007098599920544415,85.86207629014392,B
EMEA_FUR-BUS-10004854,345.24,0.007095640320827699,85.86917193046474,B
EU_OFF-EN-10000556,345.24,0.007095640320827699,85.87626757078557,B
EMEA_TEC-APP-10004912,345.24,0.007095640320827699,85.8833632111064,B
APAC_FUR-CH-10004572,345.072,0.007092187454491529,85.89045539856089,B
LATAM_OFF-ST-10003184,344.96000000000004,0.007089885543600751,85.8975452841045,B
US_TEC-AC-10002323,344.76,0.007085774988438644,85.90463105909294,B
Africa_OFF-FEL-10004117,344.34000000000003,0.007077142822598221,85.91170820191553,B
LATAM_OFF-AP-10004113,344.0,0.00707015487882264,85.91877835679435,B
US_OFF-PA-10004071,343.976,0.007069661612203187,85.92584801840655,B
EU_OFF-AP-10002238,343.95,0.007069127240032114,85.93291714564658,B
Africa_TEC-MOT-10001342,343.728,0.007064564523802176,85.93998171017039,B
EMEA_TEC-MOT-10004345,343.335,0.007056487282908636,85.9470381974533,B
APAC_FUR-CH-10003123,343.026,0.007050136475183183,85.95408833392848,B
LATAM_OFF-BI-10003952,343.0,0.0070496021030121096,85.96113793603149,B
EMEA_OFF-ROG-10004393,342.87,0.007046930242156741,85.96818486627365,B
US_OFF-AP-10002578,342.44,0.007038092548558212,85.9752229588222,B
US_OFF-PA-10003892,342.37,0.0070366538542514755,85.98225961267646,B
US_TEC-MA-10000904,341.991,0.007028864352219284,85.98928847702868,B
LATAM_TEC-MA-10002193,341.94,0.007027816160652946,85.99631629318934,B
US_OFF-AP-10004336,341.76,0.00702411666100705,86.00334040985034,B
EU_TEC-AC-10003417,341.73,0.0070235000777327345,86.01036390992807,B
LATAM_TEC-MA-10001098,341.72,0.00702329454997463,86.01738720447806,B
APAC_TEC-AC-10000887,341.7096,0.0070230808011062,86.02441028527916,B
US_TEC-PH-10004959,341.666,0.00702218470008086,86.03143246997924,B
LATAM_TEC-CO-10003204,341.49564,0.007018683329193778,86.03845115330843,B
EU_TEC-PH-10003153,341.475,0.00701825911990105,86.04546941242833,B
EU_FUR-FU-10000905,341.46,0.007017950828263891,86.0524873632566,B
EMEA_FUR-BUS-10004882,341.46,0.007017950828263891,86.05950531408487,B
LATAM_TEC-PH-10000100,340.9,0.007006441273809993,86.06651175535869,B
EMEA_FUR-SAF-10001136,340.86,0.007005619162777574,86.07351737452147,B
APAC_FUR-CH-10003312,340.86,0.007005619162777574,86.08052299368426,B
Africa_FUR-SAU-10001776,340.79099999999994,0.007004201021246646,86.0875271947055,B
US_FUR-CH-10003968,340.704,0.00700241292975113,86.09452960763525,B
EMEA_FUR-IKE-10003262,340.68,0.007001919663131678,86.10153152729838,B
EU_FUR-FU-10004459,340.56,0.006999453330034413,86.10853098062842,B
LATAM_TEC-MA-10004684,340.34,0.006994931719356096,86.11552591234778,B
US_TEC-AC-10003038,340.1,0.00698999905316157,86.12251591140094,B
Africa_TEC-SHA-10001413,340.03200000000004,0.006988601464406454,86.12950451286534,B
APAC_OFF-SU-10000707,339.9561,0.006987041508722433,86.13649155437406,B
US_OFF-ST-10002790,339.71000000000004,0.0069819834705954625,86.14347353784466,B
Africa_FUR-IKE-10002268,339.6,0.006979722665256305,86.1504532605099,B
LATAM_FUR-TA-10004134,339.52,0.0069780784431914605,86.1574313389531,B
EU_OFF-PA-10000450,339.3,0.006973556832513144,86.16440489578562,B
APAC_OFF-PA-10001818,339.3,0.006973556832513144,86.17137845261814,B
APAC_TEC-PH-10002517,339.192,0.0069713371327256085,86.17834978975087,B
APAC_OFF-SU-10001731,338.59499999999997,0.0069590671255667196,86.18530885687643,B
Africa_OFF-TEN-10000794,338.499,0.00695709405908891,86.19226595093552,B
EU_OFF-PA-10003868,338.31,0.0069532095844607195,86.19921916051999,B
LATAM_TEC-PH-10000788,337.9,0.006944782946378401,86.20616394346636,B
APAC_FUR-FU-10001447,337.692,0.006940507969009811,86.21310445143537,B
LATAM_OFF-AP-10004921,337.524,0.006937055102673641,86.22004150653804,B
APAC_FUR-FU-10000482,337.386,0.006934218819611789,86.22697572535765,B
Africa_TEC-BEL-10003985,336.64799999999997,0.006919050871063617,86.23389477622871,B
EU_TEC-CO-10002817,336.48,0.006915598004727448,86.24081037423343,B
LATAM_OFF-EN-10004186,336.4,0.006913953782662605,86.24772432801609,B
Canada_TEC-APP-10002829,336.36,0.006913131671630184,86.25463745968771,B
US_OFF-PA-10001815,336.28,0.006911487449565341,86.26154894713729,B
LATAM_TEC-PH-10000289,336.24,0.0069106653385329194,86.26845961247582,B
EU_OFF-SU-10002342,336.195,0.006909740463621446,86.27536935293945,B
EMEA_FUR-SAU-10000745,336.06,0.006906965838887025,86.28227631877834,B
EU_OFF-ST-10004473,335.664,0.0068988269396660536,86.289175145718,B
LATAM_TEC-AC-10003556,335.52000000000004,0.006895867339949338,86.29607101305795,B
EU_OFF-AR-10001607,335.52,0.006895867339949338,86.3029668803979,B
APAC_OFF-SU-10000062,335.262,0.0068905647237902205,86.3098574451217,B
APAC_OFF-FA-10000899,335.0718,0.006886655585831058,86.31674410070752,B
US_OFF-ST-10003479,334.884,0.006882795774533841,86.32362689648205,B
APAC_FUR-TA-10001327,334.8222,0.0068815256129887495,86.33050842209504,B
US_OFF-ST-10000636,334.79999999999995,0.006881069341365755,86.3373894914364,B
LATAM_OFF-AP-10003956,334.56,0.006876136675171228,86.34426562811157,B
LATAM_OFF-ST-10004432,334.4,0.006872848231041543,86.35113847634261,B
APAC_OFF-AP-10001905,333.84,0.006861338676587645,86.3579998150192,B
Africa_OFF-SME-10004702,333.84,0.006861338676587645,86.36486115369578,B
Africa_TEC-ENE-10003801,333.84,0.006861338676587645,86.37172249237237,B
Africa_TEC-APP-10001389,333.78,0.006860105510039013,86.37858259788241,B
LATAM_TEC-PH-10002183,333.78,0.006860105510039013,86.38544270339246,B
Africa_TEC-SAM-10000345,333.66,0.006857639176941752,86.3923003425694,B
APAC_FUR-FU-10002665,333.61650000000003,0.006856745131193992,86.39915708770059,B
EMEA_TEC-SHA-10002753,333.6,0.006856406010393119,86.40601349371099,B
EU_OFF-PA-10001722,333.48,0.0068539396772958555,86.41286743338829,B
Africa_TEC-NOK-10002716,333.48,0.0068539396772958555,86.41972137306558,B
APAC_FUR-CH-10003508,333.42,0.006852706510747223,86.42657407957633,B
LATAM_OFF-AR-10004920,333.344,0.006851144499785623,86.43342522407612,B
US_OFF-ST-10000107,333.0,0.0068440743449068005,86.44026929842103,B
Africa_OFF-SAN-10001345,332.94,0.006842841178358168,86.44711213959938,B
LATAM_OFF-AR-10000833,332.91999999999996,0.006842430122841956,86.45395456972223,B
US_FUR-FU-10004071,332.832,0.006840621478570631,86.4607951912008,B
US_TEC-AC-10002006,332.592,0.0068356888123761025,86.46763088001317,B
LATAM_TEC-PH-10003580,332.24,0.006828454235290797,86.47445933424846,B
Africa_OFF-CUI-10004536,332.1,0.006825576846677323,86.48128491109514,B
US_OFF-BI-10004519,331.96,0.006822699458063848,86.48810761055321,B
LATAM_TEC-PH-10001548,331.84,0.006820233124966583,86.49492784367818,B
LATAM_TEC-AC-10000883,331.108,0.006805188493073275,86.50173303217126,B
APAC_OFF-ST-10000003,330.84,0.006799680349156052,86.50853271252042,B
EMEA_FUR-SAF-10001873,330.816,0.006799187082536599,86.51533189960296,B
APAC_TEC-MA-10003170,330.432,0.006791294816625357,86.52212319441958,B
EU_FUR-CH-10000068,330.15599999999995,0.006785622250501648,86.52890881667008,B
LATAM_OFF-AR-10000767,330.0,0.006782416017475207,86.53569123268755,B
APAC_TEC-AC-10004012,329.9787,0.006781978243350443,86.54247321093091,B
EU_FUR-FU-10000612,329.94,0.006781182850926576,86.54925439378184,B
EU_OFF-PA-10000908,329.625,0.006774708726546258,86.55602910250839,B
LATAM_FUR-CH-10004736,329.46,0.006771317518537521,86.56280042002693,B
EU_FUR-FU-10003879,329.22,0.006766384852342993,86.56956680487927,B
LATAM_TEC-AC-10003454,329.12,0.006764329574761941,86.57633113445404,B
US_OFF-BI-10004001,328.872,0.006759232486360928,86.5830903669404,B
EMEA_FUR-DAN-10002017,328.608,0.006753806553546948,86.58984417349394,B
EMEA_OFF-ELI-10001705,328.56,0.006752820020308043,86.59659699351425,B
EU_FUR-FU-10004313,328.38,0.006749120520662146,86.60334611403492,B
US_OFF-ST-10001558,328.048,0.0067422969990930505,86.61008841103401,B
APAC_TEC-CO-10001674,327.88800000000003,0.006739008554963366,86.61682741958897,B
US_FUR-FU-10001979,327.76,0.006736377799659618,86.62356379738863,B
LATAM_OFF-AP-10001458,327.6,0.006733089355529933,86.63029688674416,B
LATAM_OFF-ST-10004835,327.312,0.0067271701560965005,86.63702405690026,B
LATAM_OFF-AP-10001955,327.232,0.006725525934031657,86.64374958283429,B
APAC_OFF-AR-10001073,326.928,0.006719277890185256,86.65046886072447,B
APAC_OFF-ST-10001124,326.90340000000003,0.006718772291900318,86.65718763301638,B
EMEA_TEC-BEL-10003177,326.76,0.006715825023849087,86.66390345804022,B
US_OFF-PA-10004381,326.672,0.006714016379577761,86.6706174744198,B
EMEA_FUR-RUB-10002817,326.64,0.006713358690751823,86.67733083311055,B
LATAM_OFF-ST-10002781,326.496,0.006710399091035105,86.68404123220158,B
LATAM_FUR-FU-10003874,325.91999999999996,0.0066985606921682395,86.69073979289375,B
EU_OFF-BI-10002459,325.845,0.006697019233982452,86.69743681212773,B
LATAM_OFF-AR-10004348,325.79999999999995,0.006696094359070977,86.7041329064868,B
APAC_OFF-PA-10003381,325.6641,0.0066933012368383255,86.71082620772364,B
LATAM_OFF-BI-10003162,325.6,0.006691983803908871,86.71751819152755,B
APAC_TEC-PH-10002904,325.2996,0.006685809750055387,86.7242040012776,B
EU_OFF-AR-10000491,325.08,0.006681296360487395,86.73088529763808,B
APAC_TEC-MA-10003632,324.87,0.0066769802775671835,86.73756227791564,B
LATAM_OFF-AP-10001876,324.52,0.006669786806033497,86.74423206472167,B
APAC_TEC-AC-10002324,324.4878,0.006669125006652398,86.75090118972832,B
LATAM_OFF-EN-10004190,324.48,0.006668964695001077,86.75757015442332,B
EMEA_FUR-LES-10003082,324.441,0.006668163136744465,86.76423831756007,B
Africa_OFF-ELD-10003038,324.414,0.006667608211797581,86.77090592577187,B
EU_OFF-BI-10000312,324.0,0.006659099362612021,86.77756502513448,B
APAC_TEC-AC-10001639,323.9625,0.006658328633519126,86.784223353768,B
US_OFF-BI-10001658,323.96,0.0066582772515796,86.79088163101957,B
US_OFF-AP-10002311,323.40700000000004,0.0066469115665563775,86.79752854258614,B
APAC_TEC-MA-10000317,323.19,0.006642451614205492,86.80417099420035,B
LATAM_OFF-ST-10001890,323.0,0.006638546586801491,86.81080954078715,B
APAC_OFF-AP-10004499,322.974,0.006638012214630416,86.81744755300178,B
US_OFF-BI-10003982,321.935,0.006616657880563275,86.82406421088234,B
LATAM_TEC-CO-10004306,321.87496,0.0066154238919036105,86.83067963477424,B
APAC_OFF-AR-10002714,321.84,0.006614705366861274,86.8372943401411,B
LATAM_OFF-ST-10001393,321.384,0.006605333301091673,86.8438996734422,B
LATAM_OFF-BI-10002841,321.29200000000003,0.006603442445717104,86.85050311588792,B
EU_TEC-AC-10000494,321.057,0.0065986125434016295,86.85710172843132,B
APAC_TEC-MA-10002029,321.03,0.006598057618454743,86.86369978604978,B
EU_TEC-CO-10001425,320.6115,0.006589456281778036,86.87028924233155,B
APAC_OFF-EN-10001946,320.40000000000003,0.006585109369694111,86.87687435170125,B
APAC_FUR-TA-10000355,320.166,0.0065803000201544466,86.88345465172141,B
US_TEC-AC-10000736,319.96,0.006576066148337475,86.89003071786975,B
Canada_TEC-HEW-10002501,319.92,0.006575244037305056,86.89660596190706,B
EU_TEC-CO-10002686,319.92,0.006575244037305056,86.90318120594436,B
US_OFF-EN-10003055,319.84000000000003,0.006573599815240213,86.9097548057596,B
EU_OFF-BI-10004541,319.44,0.006565378704916001,86.91632018446452,B
EMEA_OFF-CAR-10001471,319.338,0.006563282321783327,86.9228834667863,B
EU_OFF-ST-10004482,319.311,0.006562727396836442,86.92944619418314,B
APAC_OFF-SU-10004814,319.188,0.006560199405411746,86.93600639358856,B
APAC_FUR-CH-10000214,318.888,0.006554033572668587,86.94256042716123,B
APAC_OFF-AP-10001504,318.816,0.006552553772810229,86.94911298093403,B
APAC_OFF-BI-10000777,318.573,0.00654755944828827,86.95566054038233,B
EMEA_TEC-BRO-10003876,318.54,0.006546881206686523,86.96220742158901,B
APAC_OFF-AR-10001508,318.528,0.0065466345733767965,86.9687540561624,B
APAC_FUR-FU-10003052,318.24,0.006540715373943364,86.97529477153634,B
EU_OFF-ST-10002902,318.12,0.006538249040846099,86.98183302057718,B
Africa_FUR-HON-10003950,318.09,0.006537632457571783,86.98837065303475,B
US_FUR-FU-10003535,318.072,0.006537262507607194,86.99490791554236,B
Africa_TEC-CAN-10002363,318.03,0.006536399291023151,87.00144431483338,B
APAC_OFF-BI-10004120,317.9025,0.006533778812107308,87.00797809364549,B
LATAM_OFF-AR-10001061,317.4,0.006523451042262517,87.01450154468775,B
LATAM_OFF-AR-10002538,317.2,0.006519340487100411,87.02102088517485,B
US_FUR-FU-10000629,317.17,0.006518723903826096,87.02753960907867,B
EU_OFF-EN-10002410,316.899,0.006513154101581442,87.03405276318026,B
APAC_FUR-FU-10003427,316.8492,0.006512130573346077,87.0405648937536,B
EMEA_OFF-FEL-10002158,316.8,0.006511119376776199,87.04707601313038,B
EU_OFF-EN-10001728,316.68,0.006508653043678935,87.05358466617406,B
LATAM_FUR-BO-10003326,316.67199999999997,0.0065084886214724505,87.06009315479554,B
LATAM_OFF-SU-10004119,316.65599999999995,0.006508159777059482,87.0666013145726,B
US_OFF-EN-10001434,316.26,0.0065000208778385115,87.07310133545043,B
US_TEC-AC-10001142,316.0,0.006494677156127775,87.07959601260656,B
EU_OFF-AR-10000399,315.9,0.006492621878546721,87.08608863448511,B
Africa_FUR-BAR-10004553,315.87,0.006492005295272406,87.09258063978038,B
Canada_FUR-BEV-10000388,315.75,0.006489538962175141,87.09907017874255,B
LATAM_TEC-PH-10002483,315.744,0.006489415645520279,87.10555959438807,B
LATAM_OFF-SU-10001552,315.7,0.006488511323384614,87.11204810571145,B
APAC_TEC-AC-10000111,315.47880000000004,0.006483965049375325,87.11853207076082,B
LATAM_TEC-AC-10000763,315.336,0.006481030112989583,87.12501310087382,B
EU_OFF-BI-10001384,315.324,0.006480783479679856,87.13149388435349,B
APAC_OFF-PA-10001979,315.0,0.006474124380317243,87.13796800873381,B
APAC_FUR-FU-10002933,314.964,0.006473384480388064,87.1444413932142,B
LATAM_FUR-FU-10003694,314.712,0.006468205180883811,87.15090959839507,B
Africa_OFF-STA-10001636,314.712,0.006468205180883811,87.15737780357595,B
US_OFF-BI-10001524,314.7,0.006467958547574084,87.16384576212353,B
EU_OFF-AR-10002485,314.352,0.006460806181592019,87.17030656830512,B
Canada_TEC-OKI-10002750,314.22,0.006458093215185029,87.17676466152031,B
Africa_TEC-OKI-10003124,314.1,0.0064556268820877664,87.1832202884024,B
LATAM_OFF-PA-10001878,314.0,0.006453571604506712,87.1896738600069,B
APAC_TEC-MA-10000776,313.74,0.006448227882795974,87.1961220878897,B
EU_OFF-PA-10003510,313.74,0.006448227882795974,87.2025703157725,B
LATAM_FUR-CH-10004827,313.73199999999997,0.00644806346058949,87.2090183792331,B
EU_FUR-FU-10000295,313.416,0.006441568783433362,87.21545994801653,B
APAC_OFF-ST-10004019,313.34400000000005,0.006440088983575005,87.22190003700011,B
EMEA_OFF-SME-10004247,313.344,0.006440088983575004,87.22834012598369,B
EU_TEC-PH-10003601,313.344,0.006440088983575004,87.23478021496727,B
EMEA_OFF-BIN-10003327,313.17,0.006436512800583972,87.24121672776786,B
US_FUR-FU-10000747,312.664,0.006426113096023842,87.24764284086389,B
EU_OFF-EN-10000271,312.39,0.006420481635451757,87.25406332249933,B
APAC_OFF-SU-10003537,312.336,0.0064193717855579886,87.26048269428489,B
APAC_FUR-TA-10003748,312.228,0.006417152085770452,87.26689984637066,B
APAC_FUR-BO-10000961,312.15,0.00641554896925723,87.27331539533992,B
APAC_TEC-MA-10003176,312.09,0.006414315802708598,87.27972971114264,B
Africa_OFF-TEN-10000360,312.06,0.0064136992194342825,87.28614341036207,B
EMEA_TEC-KON-10004774,311.85,0.006409383136514071,87.29255279349859,B
Africa_TEC-MOT-10001927,311.688,0.006406053586832765,87.29895884708542,B
US_FUR-CH-10001797,311.688,0.006406053586832765,87.30536490067225,B
Africa_OFF-ROG-10003993,311.586,0.006403957203700092,87.31176885787595,B
EU_TEC-AC-10003343,311.52,0.006402600720496595,87.31817145859644,B
EU_FUR-TA-10000403,311.472,0.006401614187257689,87.32457307278369,B
APAC_FUR-BO-10000623,311.4,0.006400134387399331,87.3309732071711,B
APAC_FUR-FU-10003939,311.4,0.006400134387399331,87.3373733415585,B
APAC_FUR-FU-10000306,311.36400000000003,0.006399394487470154,87.34377273604598,B
Canada_TEC-OKI-10001385,311.25,0.0063970514710277515,87.350169787517,B
LATAM_FUR-BO-10004558,311.184,0.006395694987824257,87.35656548250483,B
LATAM_OFF-AR-10002882,311.04,0.006392735388107542,87.36295821789294,B
EMEA_TEC-LOG-10002589,310.77,0.0063871861386386964,87.36934540403158,B
EMEA_OFF-HAM-10002455,310.554,0.006382746739063622,87.37572815077064,B
US_OFF-BI-10001989,310.504,0.006381719100273096,87.38210986987092,B
Africa_TEC-PAN-10000577,310.5,0.006381636889169854,87.38849150676009,B
EU_FUR-CH-10004969,310.464,0.006380896989240675,87.39487240374933,B
Africa_OFF-KIT-10004515,310.32,0.006377937389523958,87.40125034113886,B
EMEA_OFF-KIT-10004515,310.32,0.006377937389523958,87.40762827852839,B
EU_OFF-FA-10001574,310.08,0.00637300472332943,87.41400128325172,B
APAC_OFF-AR-10000027,309.9204,0.006369724500310069,87.42037100775204,B
APAC_OFF-PA-10004613,309.81600000000003,0.006367578790515452,87.42673858654256,B
LATAM_OFF-AR-10004010,309.72,0.0063656057240376405,87.4331041922666,B
US_TEC-AC-10002550,309.63599999999997,0.006363879290869554,87.43946807155747,B
EMEA_FUR-ADV-10002601,309.6,0.006363139390940377,87.44583121094841,B
US_OFF-AR-10002987,309.504,0.006361166324462566,87.45219237727288,B
LATAM_TEC-PH-10002493,309.4,0.00635902883577827,87.45855140610865,B
LATAM_TEC-AC-10001719,309.39599999999996,0.006358946624675026,87.46491035273333,B
Africa_OFF-HOO-10000318,309.39,0.006358823308020164,87.47126917604135,B
EMEA_TEC-CIS-10000351,309.36,0.006358206724745848,87.47762738276609,B
LATAM_FUR-CH-10000414,309.084,0.006352534158622142,87.48397991692471,B
EU_OFF-BI-10001723,309.0,0.006350807725454058,87.49033072465016,B
LATAM_OFF-PA-10002372,308.88,0.006348341392356793,87.49667906604252,B
EU_FUR-CH-10002927,308.718,0.006345011842675488,87.50302407788519,B
EU_OFF-ST-10004739,308.58299999999997,0.006342237217941065,87.50936631510312,B
EU_OFF-PA-10002196,308.1,0.00633231022722458,87.51569862533034,B
US_OFF-PA-10002377,307.88,0.006327788616546262,87.52202641394689,B
APAC_TEC-AC-10003262,307.872,0.006327624194339779,87.52835403814123,B
APAC_OFF-SU-10004497,307.68,0.0063236780613841565,87.53467771620261,B
EMEA_FUR-HON-10001504,307.656,0.006323184794764704,87.54100090099737,B
APAC_TEC-AC-10000499,307.44,0.006318745395189628,87.54731964639257,B
APAC_OFF-AR-10003738,307.44,0.006318745395189628,87.55363839178776,B
EU_TEC-AC-10004068,307.44,0.006318745395189628,87.55995713718295,B
LATAM_TEC-CO-10004481,307.41984,0.006318331051229289,87.56627546823418,B
EU_TEC-AC-10004709,307.2,0.0063138127289951015,87.57258928096317,B
US_FUR-CH-10001891,307.136,0.006312497351343229,87.57890177831452,B
APAC_OFF-ST-10001631,306.8286,0.00630617942805907,87.58520795774258,B
EU_OFF-EN-10002015,306.639,0.006302282621765394,87.59151024036434,B
EU_OFF-BI-10003397,306.57,0.006300864480234467,87.59781110484458,B
EU_FUR-BO-10000797,306.342,0.0062961784473496655,87.60410728329192,B
EU_TEC-PH-10003927,306.24,0.006294082064216991,87.61040136535614,B
LATAM_TEC-AC-10001274,306.16,0.006292437842152151,87.61669380319829,B
US_OFF-PA-10003641,306.008,0.006289313820228949,87.62298311701852,B
APAC_TEC-MA-10000605,305.91,0.006287299648199518,87.62927041666671,B
US_OFF-BI-10000315,305.739,0.006283785123535916,87.63555420179026,B
EMEA_TEC-EPS-10001129,305.37,0.006276201149261831,87.64183040293952,B
APAC_OFF-PA-10003303,305.25,0.006273734816164566,87.64810413775568,B
US_OFF-AP-10001205,305.088,0.0062704052664832605,87.65437454302216,B
APAC_OFF-BI-10000871,304.91999999999996,0.006266952400147091,87.66064149542231,B
LATAM_FUR-FU-10000686,304.864,0.006265801444701701,87.66690729686701,B
EU_TEC-AC-10003487,304.8,0.006264486067049828,87.67317178293406,B
EU_OFF-ST-10003305,304.419,0.0062566554594660154,87.67942843839353,B
LATAM_FUR-TA-10000593,304.384,0.006255936112312647,87.68568437450584,B
LATAM_TEC-AC-10004752,304.26,0.0062533875681121415,87.69193776207395,B
EMEA_FUR-DEF-10001359,304.248,0.006253140934802415,87.69819090300875,B
LATAM_TEC-PH-10000577,304.2,0.006252154401563509,87.70444305741032,B
LATAM_FUR-FU-10001711,304.08,0.006249688068466245,87.71069274547878,B
APAC_TEC-AC-10002852,304.074,0.006249564751811382,87.71694231023059,B
APAC_FUR-FU-10003658,303.84000000000003,0.006244755402271718,87.72318706563287,B
EU_OFF-ST-10001646,303.75,0.006242905652448771,87.72942997128531,B
EU_TEC-PH-10004263,303.66,0.006241055902625824,87.73567102718793,B
Canada_TEC-CIS-10003017,303.66,0.006241055902625824,87.74191208309055,B
LATAM_TEC-PH-10000990,303.66,0.006241055902625824,87.74815313899317,B
APAC_FUR-CH-10000608,303.5922,0.006239662424425868,87.7543928014176,B
APAC_OFF-SU-10002344,303.5043,0.006237855835432122,87.76063065725303,B
EMEA_TEC-APP-10002321,303.468,0.006237109769670201,87.7668677670227,B
APAC_TEC-PH-10004570,302.76,0.006222558404396344,87.7730903254271,B
US_FUR-FU-10000758,301.872,0.006204307539476594,87.77929463296658,B
LATAM_FUR-FU-10001142,301.86,0.006204060906166867,87.78549869387275,B
LATAM_TEC-PH-10003405,301.784,0.006202498895205266,87.79170119276796,B
APAC_TEC-MA-10003624,301.77,0.006202211156343919,87.79790340392431,B
EMEA_TEC-STA-10004536,301.77,0.006202211156343919,87.80410561508066,B
LATAM_FUR-BO-10001476,301.62,0.00619912823997234,87.81030474332063,B
US_OFF-AR-10001044,301.48400000000004,0.0061963330624621085,87.81650107638309,B
APAC_OFF-BI-10001744,301.431,0.006195243765344149,87.82269632014844,B
EMEA_TEC-HP -10004590,301.38,0.006194195573777811,87.82889051572222,B
US_FUR-BO-10000468,301.196,0.006190413863028674,87.83508092958525,B
EU_OFF-EN-10003780,300.96,0.0061855634079373886,87.84126649299319,B
US_TEC-PH-10001527,300.65,0.006179192047436124,87.84744568504063,B
LATAM_FUR-FU-10004816,300.6,0.006178164408645599,87.85362384944928,B
APAC_OFF-SU-10001770,300.366,0.006173355059105933,87.85979720450838,B
LATAM_FUR-CH-10001262,300.272,0.0061714230981797435,87.86596862760656,B
Africa_TEC-STA-10004181,300.18,0.0061695322428051745,87.87213815984937,B
EMEA_TEC-KON-10002482,300.024,0.006166326009778732,87.87830448585915,B
EU_OFF-AR-10001230,299.97,0.006165216159884964,87.88446970201903,B
APAC_FUR-CH-10003282,299.92379999999997,0.006164266621642516,87.89063396864067,B
Africa_OFF-BRE-10002706,299.85,0.0061627498267877,87.89679671846746,B
EU_FUR-CH-10000488,299.808,0.006161886610203657,87.90295860507766,B
LATAM_OFF-EN-10003175,299.796,0.00616163997689393,87.90912024505455,B
APAC_OFF-SU-10003515,299.76660000000004,0.0061610357252851015,87.91528128077984,B
LATAM_TEC-CO-10001560,299.63952,0.0061584238785350985,87.92143970465837,B
EU_OFF-SU-10004299,299.25,0.0061504181613013815,87.92759012281967,B
APAC_FUR-FU-10000815,298.9536,0.006144326318551139,87.93373444913821,B
Africa_OFF-CAR-10001577,298.62,0.0061374699125407465,87.93987191905076,B
APAC_FUR-CH-10004810,298.62,0.0061374699125407465,87.9460093889633,B
EU_OFF-PA-10001971,298.56,0.006136236745992115,87.95214562570929,B
APAC_OFF-PA-10003744,298.485,0.0061346952878063256,87.9582803209971,B
EMEA_OFF-BOS-10003478,298.404,0.006133030512965671,87.96441335151007,B
Africa_OFF-STI-10000856,298.26,0.006130070913248956,87.97054342242332,B
LATAM_FUR-BO-10003631,297.96,0.006123905080505795,87.97666732750382,B
EU_FUR-CH-10002574,297.933,0.006123350155558913,87.98279067765938,B
EU_OFF-AR-10000823,297.675,0.006118047539399795,87.98890872519878,B
LATAM_OFF-AR-10002706,297.616,0.006116834925626973,87.9950255601244,B
APAC_TEC-CO-10000825,297.48,0.006114039748116742,88.00113959987252,B
EMEA_TEC-CAN-10002337,297.18,0.006107873915373581,88.00724747378788,B
LATAM_FUR-CH-10004467,297.0,0.006104174415727687,88.01335164820361,B
EU_TEC-PH-10000490,296.922,0.006102571299214465,88.01945421950282,B
US_OFF-PA-10002222,296.92,0.0061025301936628445,88.02555674969648,B
Africa_OFF-STA-10000298,296.82,0.006100474916081791,88.03165722461256,B
APAC_OFF-PA-10003878,296.73,0.006098625166258843,88.03775584977882,B
LATAM_TEC-CO-10001264,296.58564,0.006095658167542835,88.04385150794636,B
LATAM_TEC-CO-10002586,296.4884,0.006093659615623019,88.04994516756199,B
APAC_TEC-AC-10000051,296.2674,0.0060891174521688915,88.05603428501415,B
US_TEC-PH-10002538,295.698,0.0060774147016223745,88.06211169971577,B
US_FUR-FU-10001986,295.684,0.006077126962761028,88.06818882667854,B
EU_TEC-PH-10000038,295.56,0.006074578418560522,88.0742634050971,B
EMEA_OFF-BOS-10003160,295.5,0.00607334525201189,88.0803367503491,B
Africa_TEC-SHA-10001309,295.29,0.006069029169091679,88.0864057795182,B
EMEA_TEC-SHA-10001309,295.29,0.006069029169091679,88.0924748086873,B
EU_OFF-PA-10002248,295.26,0.006068412585817362,88.09854322127312,B
EU_TEC-MA-10000261,295.0245,0.006063572407113982,88.10460679368023,B
US_FUR-FU-10000277,294.952,0.0060620823308677185,88.1106688760111,B
EU_FUR-FU-10004137,294.84000000000003,0.00605978041997694,88.11672865643108,B
APAC_OFF-PA-10000373,294.66,0.006056080920331045,88.12278473735141,B
EU_OFF-AR-10000467,294.12,0.006044982421393357,88.12882971977281,B
LATAM_FUR-FU-10003419,294.08,0.0060441603103609355,88.13487388008318,B
EU_OFF-AR-10002156,294.0,0.006042516088296094,88.14091639617148,B
Africa_TEC-BRO-10002345,293.88,0.006040049755198829,88.14695644592668,B
Africa_TEC-SHA-10004874,293.85,0.006039433171924514,88.1529958790986,B
APAC_OFF-ST-10003017,293.754,0.006037460105446704,88.15903333920404,B
APAC_TEC-PH-10004402,293.6208,0.00603472247570874,88.16506806167975,B
Africa_OFF-BIC-10002403,293.58,0.00603388392245567,88.1711019456022,B
Africa_FUR-DEF-10002774,293.50800000000004,0.006032404122597313,88.1771343497248,B
EU_OFF-BI-10000538,293.19,0.006025868339889564,88.18316021806469,B
EU_OFF-AR-10000505,293.04,0.006022785423517985,88.18918300348821,B
LATAM_TEC-CO-10004081,292.99608,0.006021882745604386,88.19520488623381,B
EU_OFF-PA-10004267,292.95000000000005,0.006020935673695037,88.2012258219075,B
APAC_TEC-PH-10002695,292.8,0.006017852757323457,88.20724367466482,B
APAC_TEC-PH-10000922,292.44,0.006010453758031665,88.21325412842286,B
LATAM_FUR-BO-10000502,292.34,0.0060083984804506115,88.21926252690331,B
LATAM_OFF-ST-10004293,292.18,0.006005110036320927,88.22526763693963,B
LATAM_TEC-AC-10002170,292.152,0.0060045345585982325,88.23127217149823,B
Africa_TEC-PAN-10004360,292.14,0.006004287925288506,88.23727645942353,B
EU_TEC-AC-10001660,292.11,0.006003671342014191,88.24328013076554,B
US_OFF-ST-10004950,292.09999999999997,0.006003465814256085,88.2492835965798,B
APAC_OFF-LA-10003141,292.0953,0.0060033692162097755,88.25528696579602,B
EU_OFF-EN-10004981,291.96,0.00600058842564261,88.26128755422165,B
US_OFF-AP-10002684,291.792,0.00599713555930644,88.26728468978096,B
LATAM_OFF-ST-10001326,291.68,0.005994833648415662,88.27327952342938,B
APAC_OFF-AR-10001708,291.6,0.00599318942635082,88.27927271285573,B
LATAM_FUR-TA-10002093,290.826,0.005977281577873469,88.2852499944336,B
APAC_OFF-PA-10003273,290.34,0.00596729292882955,88.29121728736243,B
EU_FUR-CH-10001237,290.196,0.005964333329112835,88.29718162069155,B
APAC_FUR-FU-10001619,290.058,0.00596149704605098,88.30314311773759,B
LATAM_OFF-ST-10000028,289.94,0.005959071818505338,88.3091021895561,B
APAC_FUR-BO-10000666,289.92,0.005958660762989128,88.31506085031909,B
US_TEC-AC-10003399,289.92,0.005958660762989128,88.32101951108207,B
EU_OFF-PA-10004470,289.8,0.005956194429891864,88.32697570551196,B
US_OFF-AR-10001615,289.664,0.005953399252381631,88.33292910476433,B
EU_OFF-BI-10000894,289.575,0.005951570055334494,88.33888067481966,B
APAC_TEC-CO-10001391,289.455,0.00594910372223723,88.34482977854191,B
LATAM_OFF-AP-10004226,289.248,0.00594484929764445,88.35077462783956,B
EU_OFF-EN-10003933,288.9,0.005937696931662385,88.35671232477122,B
APAC_TEC-PH-10001555,288.84,0.005936463765113754,88.36264878853633,B
Africa_TEC-MOT-10002560,288.84,0.005936463765113754,88.36858525230144,B
US_FUR-TA-10001676,288.79499999999996,0.005935538890202279,88.37452079119164,B
EU_OFF-AP-10004825,288.684,0.005933257532087312,88.38045404872373,B
EU_OFF-AR-10000799,288.36,0.005926598432724699,88.38638064715646,B
Africa_OFF-BOS-10001711,288.33299999999997,0.005926043507777814,88.39230669066424,B
US_TEC-PH-10002564,287.904,0.005917226366955097,88.3982239170312,B
APAC_FUR-FU-10004509,287.67420000000004,0.005912503339073838,88.40413642037028,B
LATAM_FUR-BO-10002334,287.58,0.005910567267592485,88.41004698763787,B
APAC_OFF-SU-10003473,287.49,0.005908717517769537,88.41595570515564,B
APAC_TEC-AC-10001438,287.28,0.005904401434849325,88.42186010659049,B
APAC_OFF-AR-10003875,287.1246,0.005901207533488368,88.42776131412397,B
EU_OFF-SU-10002379,286.965,0.005897927310469008,88.43365924143444,B
US_OFF-AR-10004010,286.918,0.005896961330005914,88.43955620276445,B
APAC_TEC-CO-10001301,286.848,0.005895522635699177,88.44545172540015,B
LATAM_TEC-MA-10004609,286.51800000000003,0.005888740219681702,88.45134046561984,B
US_OFF-BI-10001721,286.492,0.005888205847510628,88.45722867146735,B
APAC_TEC-PH-10003400,286.44,0.00588713710316848,88.46311580857052,B
EMEA_TEC-BEL-10000681,286.44,0.00588713710316848,88.4690029456737,B
APAC_FUR-BO-10002736,286.299,0.0058842391617791945,88.47488718483547,B
EU_TEC-PH-10002645,286.26,0.0058834376035225835,88.480770622439,B
APAC_FUR-FU-10004619,286.2,0.005882204436973952,88.48665282687597,B
US_OFF-BI-10002429,286.13599999999997,0.005880889059322078,88.4925337159353,B
APAC_FUR-FU-10003918,286.092,0.005879984737186415,88.49841370067249,B
APAC_OFF-AR-10002022,285.65999999999997,0.005871105938036265,88.50428480661053,B
EMEA_FUR-DAN-10002631,285.6,0.005869872771487634,88.51015467938201,B
US_TEC-AC-10004568,285.498,0.005867776388354959,88.51602245577037,B
EU_OFF-AR-10002145,285.48,0.00586740643839037,88.52188986220875,B
LATAM_FUR-TA-10002482,285.376,0.005865268949706074,88.52775513115846,B
APAC_TEC-CO-10003561,285.12,0.005860007439098579,88.53361513859755,B
US_OFF-PA-10002581,285.016,0.0058578699504142845,88.53947300854797,B
US_TEC-AC-10000474,284.97,0.005856924522727,88.5453299330707,B
EMEA_OFF-STI-10001651,284.94,0.005856307939452684,88.55118624101016,B
APAC_TEC-AC-10003734,284.931,0.005856122964470388,88.55704236397463,B
LATAM_OFF-FA-10002719,284.5,0.00584726471809605,88.56288962869273,B
EMEA_OFF-BIC-10003841,284.40000000000003,0.005845209440514997,88.56873483813324,B
EMEA_OFF-STA-10003756,284.352,0.005844222907276091,88.57457906104051,B
EMEA_OFF-ROG-10002294,284.16,0.00584027677432047,88.58041933781483,B
EU_OFF-AR-10001578,284.13,0.005839660191046153,88.58625899800587,B
Africa_FUR-IKE-10002509,283.8,0.005832877775028679,88.59209187578091,B
Africa_OFF-FIS-10001797,283.56,0.005827945108834151,88.59791982088974,B
EU_OFF-SU-10001657,283.5,0.005826711942285519,88.60374653283203,B
APAC_OFF-AP-10002008,283.26,0.005821779276090991,88.60956831210812,B
APAC_FUR-FU-10001774,283.14,0.0058193129429937275,88.61538762505111,B
LATAM_FUR-FU-10004224,282.91200000000003,0.005814626910108927,88.62120225196122,B
US_FUR-FU-10004460,282.888,0.0058141336434894735,88.6270163856047,B
APAC_OFF-ST-10003088,282.75,0.005811297360427621,88.63282768296513,B
EU_OFF-AR-10001606,282.66,0.005809447610604673,88.63863713057573,B
Africa_OFF-FEL-10004224,282.3,0.005802048611312882,88.64443917918705,B
APAC_OFF-BI-10004361,282.3,0.005802048611312882,88.65024122779836,B
LATAM_OFF-SU-10001080,281.96,0.005795060667537301,88.6560362884659,B
LATAM_FUR-CH-10001021,281.82,0.005792183278923827,88.66182847174483,B
Africa_FUR-DAN-10002967,281.82,0.005792183278923827,88.66762065502375,B
EMEA_FUR-OFF-10002395,281.82,0.005792183278923827,88.67341283830268,B
US_FUR-FU-10004270,281.586,0.005787373929384163,88.67920021223206,B
EU_OFF-AR-10002640,281.556,0.0057867573461098465,88.68498696957818,B
LATAM_TEC-AC-10000097,281.4,0.005783551113083403,88.69077052069126,B
EU_FUR-CH-10002819,281.154,0.0057784951302340135,88.69654901582149,B
APAC_OFF-ST-10003810,281.01,0.005775535530517296,88.702324551352,B
US_TEC-PH-10003095,280.96000000000004,0.005774507891726771,88.70809905924374,B
Africa_TEC-EPS-10002958,280.872,0.005772699247455444,88.7138717584912,B
EU_OFF-EN-10003465,280.8,0.0057712194475970854,88.71964297793879,B
US_FUR-CH-10001394,280.792,0.005771055025390601,88.72541403296418,B
US_TEC-PH-10002789,280.782,0.005770849497632495,88.73118488246182,B
US_TEC-MA-10000029,279.96,0.005753955115916239,88.73693883757774,B
LATAM_TEC-CO-10000961,279.74624,0.005749561754558981,88.7426883993323,B
Africa_OFF-GLO-10000016,279.72,0.0057490224497217125,88.74843742178201,B
US_FUR-FU-10002759,279.72,0.0057490224497217125,88.75418644423173,B
Canada_OFF-ACM-10003715,279.72,0.0057490224497217125,88.75993546668145,B
LATAM_TEC-PH-10004242,279.684,0.005748282549792534,88.76568374923124,B
US_OFF-BI-10001510,279.624,0.005747049383243902,88.77143079861449,B
EU_OFF-PA-10001536,279.6,0.005746556116624449,88.77717735473111,B
Africa_OFF-FIS-10002703,279.3,0.005740390283881289,88.78291774501498,B
EU_OFF-PA-10000522,279.3,0.005740390283881289,88.78865813529886,B
EMEA_OFF-CUI-10000140,279.21,0.00573854053405834,88.79439667583291,B
EU_TEC-PH-10004707,278.88,0.005731758118040865,88.80012843395096,B
APAC_OFF-EN-10001491,278.64,0.005726825451846338,88.8058552594028,B
APAC_OFF-AP-10000935,278.64,0.005726825451846338,88.81158208485465,B
APAC_OFF-SU-10004198,278.55150000000003,0.005725006531187108,88.81730709138584,B
APAC_FUR-CH-10001895,278.496,0.005723865852129622,88.82303095723798,B
LATAM_OFF-SU-10002323,278.46,0.0057231259522004425,88.82875408319018,B
LATAM_TEC-AC-10000263,278.256,0.005718933185935094,88.83447301637611,B
LATAM_OFF-AP-10003135,278.2,0.005717782230489705,88.8401907986066,B
APAC_OFF-AP-10003491,278.16,0.0057169601194572844,88.84590775872606,B
LATAM_FUR-FU-10000776,278.12399999999997,0.005716220219528104,88.85162397894558,B
US_OFF-ST-10000604,278.08000000000004,0.005715315897392442,88.85733929484297,B
US_OFF-ST-10000464,278.08,0.005715315897392441,88.86305461074036,B
EU_TEC-MA-10002268,277.9245,0.005712119940753904,88.86876673068112,B
LATAM_OFF-SU-10004663,277.81600000000003,0.0057098899645784615,88.8744766206457,B
US_OFF-AR-10000588,277.76,0.005708739009133071,88.88018535965483,B
US_OFF-PA-10001144,277.4,0.00570134000984128,88.88588669966467,B
EU_OFF-SU-10004524,277.2,0.0056972294546791735,88.89158392911935,B
US_FUR-CH-10003396,277.12800000000004,0.0056957496548208164,88.89727967877417,B
APAC_OFF-FA-10002241,276.94800000000004,0.00569205015517492,88.90297172892934,B
EU_OFF-AP-10000258,276.72,0.005687364122290119,88.90865909305164,B
APAC_OFF-SU-10002715,276.2721,0.005678158534004583,88.91433725158565,B
LATAM_TEC-AC-10001876,276.24,0.005677498789901064,88.92001475037556,B
APAC_TEC-AC-10003989,276.192,0.005676512256662159,88.92569126263221,B
APAC_OFF-AP-10000304,276.102,0.005674662506839211,88.93136592513905,B
EU_OFF-BI-10004628,275.94,0.005671332957157905,88.93703725809621,B
LATAM_OFF-SU-10000979,275.86,0.005669688735093063,88.94270694683131,B
APAC_FUR-CH-10000391,275.76,0.005667633457512009,88.94837458028881,B
APAC_OFF-EN-10000904,275.73,0.005667016874237694,88.95404159716306,B
LATAM_TEC-AC-10003725,275.728,0.005666975768686073,88.95970857293175,B
LATAM_TEC-AC-10002153,275.68,0.005665989235447167,88.9653745621672,B
EU_TEC-PH-10003698,275.58,0.005663933957866113,88.97103849612506,B
Africa_FUR-SAF-10001793,275.4,0.005660234458220218,88.97669873058328,B
APAC_OFF-PA-10000215,275.3268,0.005658729995030887,88.98235746057831,B
APAC_OFF-FA-10000353,275.184,0.005655795058645144,88.98801325563696,B
LATAM_FUR-BO-10002766,275.12,0.00565447968099327,88.99366773531796,B
EU_OFF-EN-10002955,274.89,0.005649752542556847,88.99931748786051,B
LATAM_FUR-CH-10004899,274.8,0.0056479027927339,89.00496539065324,B
APAC_OFF-EN-10002258,274.7925,0.005647748646915321,89.01061313930016,B
US_OFF-LA-10003510,274.77,0.005647286209459584,89.01626042550963,B
Africa_OFF-BIC-10000582,274.752,0.005646916259494995,89.02190734176912,B
LATAM_OFF-SU-10004481,274.712,0.005646094148462573,89.02755343591758,B
EMEA_OFF-FEL-10001261,274.62,0.005644203293088004,89.03319763921067,B
Africa_OFF-FEL-10001261,274.62,0.005644203293088004,89.03884184250376,B
US_FUR-FU-10001473,274.6,0.005643792237571794,89.04448563474133,B
EMEA_OFF-KIT-10000964,274.44,0.005640503793442109,89.05012613853478,B
LATAM_FUR-BO-10002975,274.38,0.005639270626893476,89.05576540916167,B
APAC_FUR-CH-10002923,274.32,0.005638037460344845,89.06140344662201,B
LATAM_FUR-FU-10000850,274.20799999999997,0.005635735549454065,89.06703918217146,B
APAC_OFF-ST-10001707,274.176,0.005635077860628128,89.07267426003209,B
APAC_FUR-TA-10003222,273.9729,0.0056309035918610095,89.07830516362395,B
LATAM_OFF-ST-10001227,273.92,0.005629816350020633,89.08393497997398,B
APAC_TEC-AC-10004414,273.8298,0.005627962489642522,89.08956294246362,B
Africa_TEC-CIS-10001661,273.456,0.005620279862044547,89.09518322232566,B
APAC_TEC-PH-10002658,273.3,0.005617073629018104,89.10080029595467,B
US_OFF-ST-10004123,272.94,0.005609674629726312,89.1064099705844,B
EU_OFF-AR-10002513,272.88,0.005608441463177681,89.11201841204758,B
Africa_OFF-ELD-10003918,272.85,0.0056078248799033645,89.11762623692748,B
US_FUR-FU-10000222,272.832,0.005607454929938775,89.12323369185742,B
EMEA_TEC-APP-10002310,272.52,0.0056010424638858886,89.1288347343213,B
LATAM_TEC-AC-10001311,272.3,0.005596520853207573,89.1344312551745,B
EU_OFF-AR-10003217,272.16,0.005593643464594098,89.1400248986391,B
EMEA_OFF-EAT-10003338,271.91999999999996,0.00558871079839957,89.1456136094375,B
LATAM_OFF-AP-10003562,271.88,0.005587888687367149,89.15120149812488,B
Africa_TEC-SHA-10004184,271.86,0.005587477631850939,89.15678897575673,B
EU_OFF-BI-10003702,271.56600000000003,0.0055814351157626434,89.16237041087248,B
LATAM_OFF-EN-10002122,271.4,0.005578023354978094,89.16794843422745,B
APAC_OFF-EN-10000657,271.296,0.005575885866293799,89.17352432009375,B
APAC_OFF-BI-10004534,271.26,0.0055751459663646195,89.17909946606011,B
LATAM_FUR-FU-10004015,271.072,0.0055712820445122406,89.18467074810462,B
Africa_OFF-CUI-10001302,270.96,0.0055689801336214605,89.19023972823824,B
EU_OFF-LA-10003210,270.63,0.005562197717603985,89.19580192595585,B
Africa_FUR-SAF-10002253,270.594,0.005561457817674806,89.20136338377353,B
Africa_OFF-EAT-10001933,270.54,0.005560347967781038,89.20692373174131,B
LATAM_OFF-ST-10003718,270.06,0.005550482635391983,89.2124742143767,B
US_TEC-PH-10003072,269.982,0.0055488795188787625,89.21802309389558,B
US_OFF-AP-10002191,269.91,0.005547399719020405,89.2235704936146,B
US_TEC-AC-10003628,269.90999999999997,0.005547399719020403,89.22911789333362,B
EMEA_FUR-SAF-10002757,269.82,0.005545549969197455,89.23466344330282,B
EMEA_OFF-STA-10001112,269.64,0.00554185046955156,89.24020529377238,B
Africa_FUR-CHR-10000585,269.28,0.005534451470259769,89.24573974524263,B
LATAM_OFF-BI-10004861,269.124,0.0055312452372333265,89.25127099047987,B
EU_OFF-AP-10002264,268.92,0.005527052470967978,89.25679804295083,B
EMEA_TEC-NOK-10003562,268.848,0.0055255726711096196,89.26232361562194,B
EU_FUR-CH-10004355,268.812,0.005524832771180441,89.26784844839312,B
EU_OFF-SU-10004435,268.74,0.005523352971322082,89.27337180136445,B
US_FUR-TA-10004147,268.704,0.005522613071392904,89.27889441443584,B
EU_OFF-AP-10001847,268.485,0.005518112013490397,89.28441252644933,B
Africa_OFF-FEL-10001541,268.32,0.0055147208054816595,89.28992724725481,B
EMEA_OFF-TEN-10004270,268.32,0.0055147208054816595,89.29544196806029,B
LATAM_OFF-AR-10003691,268.2,0.005512254472384395,89.30095422253267,B
US_OFF-ST-10002485,268.156,0.005511350150248733,89.30646557268291,B
EU_OFF-ST-10000300,268.03499999999997,0.005508863264375658,89.31197443594729,B
EU_FUR-TA-10001693,267.984,0.00550781507280932,89.3174822510201,B
EU_OFF-AP-10004372,267.72,0.005502389139995342,89.32298464016009,B
EU_OFF-PA-10003907,267.54,0.0054986896403494455,89.32848332980043,B
APAC_OFF-EN-10000139,267.44399999999996,0.005496716573871634,89.33398004637431,B
EU_OFF-AR-10002116,267.288,0.0054935103408451915,89.33947355671515,B
Canada_TEC-OKI-10001062,266.91,0.0054857413915888106,89.34495929810674,B
EU_OFF-AP-10003758,266.895,0.0054854330999516525,89.3504447312067,B
APAC_OFF-FA-10001621,266.7717,0.005482898942694214,89.35592763014938,B
APAC_OFF-ST-10004847,266.4,0.005475259475925439,89.36140288962531,B
EMEA_OFF-TEN-10003089,266.4,0.005475259475925439,89.36687814910124,B
US_FUR-CH-10001973,266.35200000000003,0.005474272942686535,89.37235242204393,B
APAC_OFF-EN-10001480,266.328,0.005473779676067081,89.37782620172,B
EMEA_TEC-KON-10002194,266.25,0.00547217655955386,89.38329837827955,B
US_OFF-AP-10004532,266.24,0.005471971031795755,89.38877034931134,B
EU_OFF-AR-10002113,266.046,0.005467983793288511,89.39423833310464,B
EU_OFF-PA-10002652,265.8,0.005462927810439121,89.39970126091508,B
LATAM_OFF-EN-10001327,265.76,0.0054621056994067,89.40516336661449,B
EMEA_FUR-HON-10004137,265.74,0.005461694643890489,89.41062506125837,B
Africa_TEC-OKI-10004464,265.65,0.0054598448940675415,89.41608490615243,B
US_OFF-PA-10004243,265.58,0.005458406199760804,89.4215433123522,B
LATAM_TEC-PH-10002251,265.26,0.005451829311501435,89.4269951416637,B
Africa_OFF-IBI-10003191,265.185,0.0054502878533156445,89.43244542951702,B
EMEA_TEC-HEW-10004522,265.11,0.005448746395129855,89.43789417591215,B
Africa_FUR-OFF-10002486,265.05,0.005447513228581223,89.44334168914072,B
LATAM_OFF-ST-10002343,265.024,0.005446978856410149,89.44878866799714,B
LATAM_TEC-AC-10003964,265.0,0.005446485589790696,89.45423515358692,B
US_TEC-PH-10004188,264.894,0.00544430699555478,89.45967946058248,B
US_OFF-AR-10000538,264.61,0.00543847000722459,89.4651179305897,B
LATAM_OFF-SU-10001682,264.6,0.005438264479466485,89.47055619506916,B
LATAM_TEC-MA-10002306,264.6,0.005438264479466485,89.47599445954863,B
EU_OFF-AP-10002531,264.384,0.00543382507989141,89.48142828462852,B
APAC_OFF-AP-10001191,264.384,0.00543382507989141,89.48686210970841,B
US_OFF-ST-10000585,264.32,0.005432509702239535,89.49229461941066,B
LATAM_OFF-BI-10003585,264.248,0.005431029902381177,89.49772564931304,B
EU_TEC-CO-10001487,264.222,0.005430495530210103,89.50315614484325,B
LATAM_OFF-PA-10004294,264.15999999999997,0.00542922125810985,89.50858536610136,B
LATAM_OFF-AR-10002535,263.952,0.00542494628074126,89.5140103123821,B
EU_FUR-FU-10003325,263.7,0.005419766981237006,89.51943007936333,B
EMEA_TEC-HEW-10003531,263.67,0.005419150397962691,89.5248492297613,B
EU_TEC-CO-10002326,263.58,0.005417300648139742,89.53026653040943,B
EU_TEC-AC-10001904,263.52,0.005416067481591111,89.53568259789103,B
APAC_OFF-FA-10004447,263.5167,0.005415999657430936,89.54109859754846,B
LATAM_TEC-AC-10004188,263.482,0.005415286476110311,89.54651388402456,B
US_OFF-BI-10001765,263.264,0.005410805970983615,89.55192468999554,B
EU_OFF-BI-10000282,263.19,0.005409285065573636,89.55733397506111,B
EU_OFF-AR-10002094,262.98,0.005404968982653424,89.56273894404377,B
EU_TEC-MA-10004693,262.926,0.005403859132759655,89.56814280317653,B
EMEA_FUR-NOV-10000123,262.86,0.005402502649556161,89.57354530582609,B
LATAM_OFF-AR-10004818,262.848,0.005402256016246434,89.57894756184233,B
US_OFF-BI-10003984,262.476,0.005394610383644916,89.58434217222597,B
EMEA_TEC-BRO-10000348,262.29,0.005390787567344158,89.58973295979332,B
US_OFF-AP-10000891,262.24,0.005389759928553632,89.59512271972187,B
Africa_TEC-CAN-10004913,262.14,0.005387704650972578,89.60051042437284,B
US_OFF-BI-10001294,262.08,0.005386471484423946,89.60589689585727,B
LATAM_FUR-FU-10004903,262.08,0.005386471484423946,89.6112833673417,B
EU_OFF-ST-10003446,261.954,0.00538388183467182,89.61666724917637,B
Africa_TEC-NOK-10004278,261.801,0.005380737259972808,89.62204798643634,B
EMEA_TEC-MEM-10003302,261.576,0.0053761128854154395,89.62742409932176,B
EMEA_TEC-APP-10004584,261.48,0.005374139818937628,89.6327982391407,B
EU_OFF-EN-10002313,261.45,0.005373523235663312,89.63817176237636,B
LATAM_OFF-BI-10003022,261.12,0.0053667408196458365,89.643538503196,B
APAC_TEC-MA-10002135,261.03,0.005364891069822888,89.64890339426582,B
EMEA_TEC-OKI-10002547,260.90999999999997,0.005362424736725624,89.65426581900255,B
APAC_OFF-EN-10003463,260.8947,0.005362110279255724,89.6596279292818,B
APAC_TEC-AC-10004393,260.64,0.0053568754872567815,89.66498480476905,B
EU_FUR-BO-10004316,260.496,0.005353915887540066,89.67033872065659,B
Africa_TEC-BRO-10003380,260.49,0.005353792570885202,89.67569251322747,B
LATAM_TEC-MA-10001080,260.4,0.005351942821062254,89.68104445604854,B
EU_TEC-CO-10002240,260.34,0.005350709654513622,89.68639516570305,B
EMEA_TEC-BEL-10001689,260.25,0.005348859904690675,89.69174402560773,B
EU_OFF-FA-10002619,260.16,0.005347010154867727,89.6970910357626,B
US_TEC-AC-10002800,259.948,0.005342652966395894,89.70243368872899,B
APAC_OFF-EN-10002671,259.8816,0.005341288262082074,89.70777497699108,B
US_OFF-ST-10002583,259.84,0.005340433266608356,89.71311541025769,B
APAC_TEC-AC-10003407,259.8,0.005339611155575936,89.71845502141326,B
Africa_OFF-ELI-10001351,259.74,0.0053383779890273046,89.7237933994023,B
US_FUR-FU-10000076,259.74,0.0053383779890273046,89.72913177739133,B
LATAM_OFF-AP-10004527,259.7,0.005337555877994882,89.73446933326933,B
LATAM_OFF-EN-10004788,259.28000000000003,0.005328923712154461,89.73979825698149,B
EU_OFF-BI-10002718,259.2,0.005327279490089617,89.74512553647158,B
EU_FUR-FU-10003500,259.05,0.005324196573718038,89.7504497330453,B
Canada_TEC-BEL-10002476,258.75,0.005318030740974878,89.75576776378628,B
APAC_OFF-EN-10003000,258.72,0.005317414157700563,89.76108517794398,B
EMEA_OFF-BIC-10002722,258.408,0.005311001691647677,89.76639617963563,B
EMEA_OFF-SAN-10000874,258.29999999999995,0.0053087819918601386,89.77170496162749,B
EU_OFF-SU-10004691,258.18,0.005306315658762876,89.77701127728625,B
APAC_OFF-SU-10001618,258.12,0.005305082492214244,89.78231635977846,B
US_FUR-FU-10004017,258.072,0.005304095958975338,89.78762045573744,B
EMEA_OFF-STA-10001747,258.015,0.005302924450754138,89.7929233801882,B
US_TEC-AC-10000057,257.914,0.005300848620397275,89.79822422880859,B
EMEA_TEC-SAN-10001506,257.85,0.0052995332427454005,89.80352376205134,B
LATAM_OFF-PA-10004854,257.6,0.005294395048792768,89.80881815710013,B
US_TEC-PH-10004522,257.356,0.005289380171494998,89.81410753727162,B
LATAM_OFF-SU-10003892,257.03999999999996,0.0052828854943388695,89.81939042276596,B
LATAM_FUR-FU-10004998,257.024,0.005282556649925902,89.8246729794159,B
Canada_OFF-SME-10003752,256.86,0.005279185994692975,89.82995216541059,B
APAC_OFF-AP-10004972,256.719,0.00527628805330369,89.8352284534639,B
US_OFF-ST-10001837,256.56,0.005273020161949815,89.84050147362585,B
US_FUR-FU-10002878,256.32,0.005268087495755288,89.8457695611216,B
LATAM_TEC-CO-10001580,256.16664,0.0052649355220569845,89.85103449664366,B
APAC_OFF-SU-10003522,255.87900000000002,0.005259023721622844,89.85629352036528,B
US_OFF-AR-10000937,255.85,0.005258427691124338,89.8615519480564,B
EU_OFF-AP-10003032,255.744,0.005256249096888422,89.86680819715329,B
EU_FUR-FU-10003662,255.06,0.005242190998234019,89.87205038815152,B
EMEA_OFF-ROG-10003993,254.93399999999997,0.005239601348481892,89.8772899895,B
LATAM_OFF-SU-10001132,254.8,0.005236847276523282,89.88252683677652,B
EMEA_TEC-SAM-10001131,254.496,0.00523059923267688,89.8877574360092,B
APAC_TEC-AC-10004652,254.232,0.0052251732998629,89.89298260930906,B
Canada_TEC-SAN-10003238,254.16,0.005223693500004541,89.89820630280906,B
US_FUR-CH-10001802,254.058,0.005221597116871868,89.90342789992593,B
US_OFF-AR-10001955,253.952,0.005219418522635951,89.90864731844857,B
APAC_OFF-FA-10002481,253.935,0.005219069125447172,89.91386638757402,B
EMEA_OFF-ELD-10004324,253.92,0.0052187608338100135,89.91908514840783,B
EU_TEC-PH-10002222,253.73250000000002,0.00521490718834554,89.92430005559618,B
EU_FUR-CH-10004040,253.692,0.005214074800925213,89.92951413039711,B
US_OFF-AR-10002952,253.65,0.005213211584341171,89.93472734198146,B
EU_OFF-ST-10001576,253.09799999999998,0.005201866452093758,89.93992920843355,B
APAC_OFF-ST-10001342,253.0899,0.005201699974609692,89.94513090840816,B
EMEA_OFF-BIC-10002440,253.03199999999998,0.005200509968890262,89.95033141837705,B
EMEA_OFF-STI-10003234,252.9,0.005197797002483272,89.95552921537953,B
EU_OFF-FA-10001097,252.78000000000003,0.00519533066938601,89.96072454604891,B
LATAM_TEC-CO-10001937,252.41416,0.0051878116418834835,89.9659123576908,B
APAC_FUR-BO-10002852,252.06,0.0051805326708024265,89.9710928903616,B
APAC_TEC-PH-10002443,252.0378,0.005180076399179433,89.97627296676079,B
Africa_OFF-CAM-10004790,252.0,0.005179299504253794,89.98145226626504,B
LATAM_TEC-AC-10004241,251.888,0.005176997593363015,89.9866292638584,B
Africa_FUR-RUB-10001380,251.85,0.005176216587882215,89.99180548044629,B
EU_OFF-ST-10001413,251.658,0.005172270454926593,89.99697775090121,B
Africa_OFF-STA-10000155,251.64000000000001,0.005171900504962004,90.00214965140617,B
EMEA_TEC-BEL-10002324,251.64,0.005171900504962003,90.00732155191113,B
Africa_FUR-IKE-10004853,251.16,0.005162035172572949,90.01248358708371,B
EU_OFF-AP-10003971,250.92,0.005157102506378421,90.01764068959008,B
LATAM_OFF-PA-10003571,250.72,0.005152991951216315,90.0227936815413,B
EU_FUR-BO-10004704,250.68,0.005152169840183894,90.02794585138149,B
Africa_OFF-ROG-10004949,250.44,0.005147237173989366,90.03309308855547,B
APAC_TEC-AC-10001022,250.425,0.005146928882352208,90.03824001743783,B
APAC_OFF-AR-10002727,250.27800000000002,0.005143907624308061,90.04338392506213,B
LATAM_FUR-FU-10002818,250.204,0.005142386718898081,90.04852631178103,B
EU_OFF-EN-10002104,250.20000000000002,0.0051423045077948395,90.05366861628883,B
US_OFF-ST-10002276,250.07999999999998,0.005139838174697575,90.05880845446353,B
EU_TEC-MA-10000473,250.02,0.005138605008148943,90.06394705947167,B
EMEA_FUR-BUS-10003055,249.72,0.0051324391754057844,90.06907949864708,B
EU_OFF-ST-10004550,249.606,0.005130096158963383,90.07420959480605,B
EMEA_OFF-CAR-10000687,249.6,0.00512997284230852,90.07933956764836,B
Africa_OFF-JIF-10004822,249.291,0.005123622034583066,90.08446318968295,B
APAC_OFF-BI-10003582,249.222,0.00512220389305214,90.089585393576,B
EU_OFF-PA-10004641,249.15,0.005120724093193781,90.09470611766919,B
EU_OFF-PA-10002338,248.85000000000002,0.005114558260450622,90.09982067592964,B
APAC_FUR-BO-10002289,248.82,0.005113941677176307,90.10493461760682,B
APAC_TEC-CO-10004125,248.82,0.005113941677176307,90.110048559284,B
Canada_TEC-LOG-10003651,248.82,0.005113941677176307,90.11516250096118,B
Africa_OFF-STA-10004108,248.70000000000002,0.005111475344079043,90.12027397630526,B
LATAM_OFF-EN-10003507,248.688,0.005111228710769316,90.12538520501603,B
LATAM_TEC-AC-10001364,248.664,0.005110735444149863,90.13049594046018,B
APAC_OFF-ST-10001290,248.64,0.00511024217753041,90.13560618263772,B
LATAM_OFF-ST-10002460,248.64,0.00511024217753041,90.14071642481525,B
APAC_TEC-CO-10004078,248.58,0.005109009010981779,90.14582543382623,B
US_OFF-ST-10003324,248.35999999999999,0.005104487400303462,90.15092992122653,B
EU_FUR-FU-10002557,248.30400000000003,0.005103336444858073,90.1560332576714,B
US_TEC-PH-10000193,248.292,0.005103089811548346,90.16113634748294,B
APAC_FUR-BO-10000195,248.22,0.005101610011689988,90.16623795749463,B
APAC_OFF-EN-10001109,248.148,0.005100130211831629,90.17133808770646,B
US_OFF-PA-10001736,248.08,0.005098732623076514,90.17643682032954,B
EU_OFF-PA-10001758,247.95,0.005096060762221143,90.18153288109177,B
Africa_TEC-HP -10004012,247.86,0.005094211012398197,90.18662709210416,B
Africa_FUR-IKE-10001301,247.86,0.005094211012398197,90.19172130311655,B
US_TEC-AC-10002600,247.8,0.005092977845849565,90.1968142809624,B
APAC_OFF-BI-10002243,247.716,0.00509125141268148,90.20190553237508,B
Africa_TEC-MEM-10000374,247.71,0.005091128096026617,90.2069966604711,B
LATAM_FUR-FU-10003384,247.51999999999998,0.0050872230686226155,90.21208388353973,B
EMEA_OFF-GLO-10000014,247.44,0.005085578846557773,90.2171694623863,B
LATAM_FUR-FU-10002387,247.15200000000002,0.0050796596471243405,90.22224912203342,B
LATAM_OFF-EN-10001533,247.14,0.005079413013814614,90.22732853504723,B
APAC_OFF-FA-10003530,247.125,0.005079104722177456,90.2324076397694,B
EU_FUR-BO-10001555,246.9,0.005074480347620087,90.23748212011702,B
US_OFF-ST-10001321,246.72,0.005070780847974191,90.242552900965,B
LATAM_OFF-AR-10002824,246.68,0.00506995873694177,90.24762285970193,B
LATAM_OFF-EN-10000025,246.56,0.005067492403844506,90.25269035210577,B
LATAM_TEC-AC-10000575,246.5,0.005066259237295875,90.25775661134307,B
Canada_FUR-HAR-10001792,246.48,0.005065848181779664,90.26282245952486,B
EU_OFF-SU-10000105,246.3,0.0050621486821337686,90.26788460820698,B
EMEA_TEC-MEM-10004014,246.21,0.00506029893231082,90.27294490713929,B
Africa_TEC-MEM-10004014,246.21,0.00506029893231082,90.2780052060716,B
US_OFF-BI-10001107,246.16,0.005059271293520294,90.28306447736512,B
EMEA_FUR-IKE-10003771,246.12,0.0050584491824878725,90.2881229265476,B
EU_TEC-PH-10001148,246.024,0.005056476116010062,90.29317940266361,B
APAC_OFF-AP-10001567,245.673,0.005049262091700565,90.29822866475531,B
EU_OFF-PA-10001466,245.52,0.005046117517001554,90.30327478227231,B
LATAM_OFF-AP-10000604,245.49200000000002,0.00504554203927886,90.3083203243116,B
EMEA_OFF-ACC-10002220,245.23200000000003,0.005040198317568122,90.31336052262917,B
EMEA_OFF-BRE-10003081,245.16,0.005038718517709763,90.31839924114688,B
APAC_TEC-AC-10004334,245.13,0.005038101934435447,90.32343734308131,B
Africa_TEC-LOG-10003896,245.13,0.005038101934435447,90.32847544501574,B
Africa_FUR-IKE-10003682,245.04,0.005036252184612499,90.33351169720035,B
LATAM_OFF-ST-10003929,244.98,0.005035019018063867,90.33854671621842,B
APAC_TEC-AC-10003570,244.89,0.00503316926824092,90.34357988548666,B
APAC_OFF-ST-10003907,244.8,0.005031319518417972,90.34861120500508,B
Africa_OFF-ROG-10001101,244.8,0.005031319518417972,90.35364252452351,B
APAC_TEC-PH-10000497,244.728,0.005029839718559614,90.35867236424207,B
EMEA_FUR-DEF-10003315,244.65,0.005028236602046392,90.36370060084411,B
LATAM_FUR-CH-10001607,244.508,0.005025318107881297,90.368725918952,B
Africa_OFF-ELD-10002279,244.5,0.005025153685674813,90.37375107263767,B
APAC_FUR-BO-10003029,244.2069,0.005019129667084746,90.37877020230476,B
EU_OFF-ST-10001358,244.032,0.0050155349865954844,90.38378573729136,B
LATAM_TEC-MA-10001187,244.01999999999998,0.005015288353285757,90.38880102564465,B
APAC_TEC-AC-10003861,243.81,0.005010972270365547,90.39381199791502,B
US_FUR-FU-10003623,243.54000000000002,0.005005423020896704,90.39881742093591,B
APAC_TEC-PH-10000297,243.4944,0.005004485814319743,90.40382190675024,B
US_OFF-ST-10001963,243.384,0.00500221678787026,90.40882412353811,B
Africa_FUR-DAN-10003011,243.06,0.004995557688507648,90.41381968122661,B
LATAM_OFF-ST-10003760,243.048,0.004995311055197921,90.41881499228181,B
APAC_TEC-AC-10001455,242.856,0.0049913649222423,90.42380635720406,B
EU_FUR-CH-10002974,242.838,0.00499099497227771,90.42879735217633,B
LATAM_TEC-MA-10000170,242.64,0.004986925522667225,90.433784277699,B
LATAM_FUR-BO-10002968,242.52,0.004984459189569961,90.43876873688858,B
US_FUR-BO-10003546,242.352,0.004981006323233793,90.44374974321181,B
EMEA_FUR-NOV-10004962,242.25,0.004978909940101118,90.44872865315192,B
EMEA_FUR-DAN-10002314,242.1,0.004975827023729539,90.45370448017565,B
APAC_TEC-MA-10004303,242.04,0.004974593857180906,90.45867907403283,B
APAC_OFF-ST-10003154,242.028,0.00497434722387118,90.4636534212567,B
LATAM_OFF-SU-10003701,242.0,0.004973771746148485,90.46862719300285,B
EMEA_TEC-HP -10004149,241.89,0.0049715109408093264,90.47359870394365,B
EMEA_TEC-PAN-10000979,241.8,0.004969661190986379,90.47856836513463,B
APAC_OFF-FA-10001026,241.65,0.0049665782746148,90.48353494340925,B
LATAM_OFF-BI-10000029,241.64000000000001,0.004966372746856694,90.4885013161561,B
APAC_OFF-ST-10004180,241.488,0.004963248724933493,90.49346456488104,B
EMEA_OFF-STA-10004885,241.38,0.004961029025145956,90.49842559390618,B
Africa_TEC-KON-10001017,241.32,0.004959795858597324,90.50338538976477,B
LATAM_OFF-EN-10003332,241.28000000000003,0.004958973747564903,90.50834436351234,B
APAC_OFF-BI-10000006,241.11599999999999,0.004955603092331976,90.51329996660466,B
APAC_OFF-AR-10003021,241.056,0.004954369925783344,90.51825433653045,B
Africa_FUR-NOV-10003053,241.05,0.004954246609128481,90.52320858313958,B
US_OFF-ST-10001228,240.992,0.00495305454813147,90.5281616376877,B
LATAM_OFF-PA-10003224,240.72,0.004947464193111006,90.53310910188081,B
EMEA_FUR-DAN-10002846,240.618,0.004945367809978331,90.53805446969079,B
APAC_FUR-FU-10004549,240.3306,0.004939460942210385,90.542993930633,B
EU_OFF-SU-10002451,240.3,0.004938832027270582,90.54793276266027,B
LATAM_OFF-ST-10000035,240.16,0.004935954638657108,90.55286871729892,B
Africa_OFF-ELD-10000124,240.0,0.004932666194527423,90.55780138349346,B
APAC_OFF-EN-10000699,239.9958,0.004932579872869019,90.56273396336633,B
US_TEC-MA-10002109,239.984,0.004932337350114455,90.56766630071644,B
US_TEC-AC-10001314,239.952,0.004931679661288518,90.57259798037772,B
US_TEC-AC-10001267,239.6,0.004924445084203211,90.57752242546192,B
US_OFF-ST-10002370,239.56799999999998,0.004923787395377274,90.5824462128573,B
APAC_TEC-PH-10000342,239.436,0.004921074428970284,90.58736728728627,B
US_FUR-TA-10002622,239.372,0.004919759051318411,90.59228704633759,B
APAC_OFF-BI-10004685,239.37,0.004919717945766788,90.59720676428336,B
EMEA_OFF-STI-10004202,239.304,0.004918361462563294,90.60212512574591,B
LATAM_TEC-PH-10003970,239.28,0.004917868195943842,90.60704299394186,B
LATAM_OFF-PA-10002927,239.14,0.004914990807330367,90.6119579847492,B
US_TEC-AC-10004761,238.95,0.004911085779926366,90.61686907052912,B
LATAM_TEC-MA-10004486,238.9,0.004910058141135839,90.62177912867025,B
Africa_TEC-PAN-10001674,238.62,0.0049043033639088905,90.62668343203417,B
Africa_TEC-HEW-10004522,238.599,0.004903871755616869,90.63158730378979,B
EMEA_TEC-BEL-10004162,238.5,0.004901837030811627,90.6364891408206,B
Africa_TEC-KON-10001388,238.491,0.004901652055829332,90.64139079287644,B
EU_TEC-AC-10001226,238.203,0.004895732856395899,90.64628652573283,B
APAC_TEC-AC-10001278,237.861,0.004888703807068697,90.6511752295399,B
APAC_OFF-ST-10003334,237.75,0.004886422448953729,90.65606165198885,B
US_OFF-AP-10002403,237.654,0.004884449382475918,90.66094610137132,B
EMEA_TEC-CIS-10002565,237.60900000000004,0.004883524507564445,90.66582962587889,B
US_TEC-AC-10000158,237.534,0.004881983049378654,90.67071160892826,B
APAC_OFF-BI-10004078,237.4425,0.00488010247039199,90.67559171139865,B
APAC_OFF-AP-10004494,237.3219,0.004877623805629241,90.68046933520428,B
APAC_TEC-MA-10004064,237.15,0.00487409078346741,90.68534342598775,B
EMEA_FUR-SAU-10001776,237.072,0.004872487666954189,90.69021591365471,B
APAC_OFF-FA-10003817,237.0,0.00487100786709583,90.6950869215218,B
EMEA_FUR-HON-10003653,236.96999999999997,0.004870391283821514,90.69995731280562,B
EU_FUR-CH-10003772,236.952,0.004870021333856925,90.70482733413948,B
LATAM_TEC-AC-10004434,236.88,0.004868541533998567,90.70969587567348,B
US_OFF-EN-10000927,236.87400000000002,0.004868418217343705,90.71456429389082,B
LATAM_OFF-PA-10003034,236.544,0.004861635801326229,90.71942592969214,B
US_FUR-TA-10004607,236.528,0.00486130695691326,90.72428723664905,B
APAC_OFF-PA-10004930,236.52,0.004861142534706776,90.72914837918375,B
LATAM_TEC-PH-10003182,236.016,0.004850783935698268,90.73399916311945,B
US_TEC-AC-10000865,236.0,0.0048504550912853,90.73884961821074,B
LATAM_OFF-SU-10002402,235.79999999999998,0.0048463445361231925,90.74369596274686,B
EU_FUR-FU-10004608,235.70999999999998,0.004844494786300246,90.74854045753315,B
US_FUR-FU-10004090,235.638,0.004843014986441888,90.7533834725196,B
US_OFF-LA-10004545,235.564,0.004841494081031909,90.75822496660064,B
APAC_OFF-LA-10002806,235.359,0.004837280761990749,90.76306224736263,B
LATAM_FUR-CH-10001944,235.344,0.004836972470353591,90.76789921983298,B
Africa_FUR-NOV-10003257,235.32,0.004836479203734138,90.77273569903672,B
APAC_FUR-CH-10002743,235.32,0.004836479203734138,90.77757217824045,B
US_FUR-FU-10001602,235.166,0.0048333140762593175,90.78240549231671,B
EU_OFF-PA-10000871,235.05,0.0048309299542652956,90.78723642227098,B
APAC_OFF-AP-10003850,235.008,0.004830066737681253,90.79206648900866,B
US_OFF-AR-10004344,235.00400000000002,0.004829984526578011,90.79689647353524,B
LATAM_OFF-BI-10004491,234.64,0.004822503316182978,90.80171897685142,B
Africa_TEC-EPS-10003568,234.3,0.004815515372407398,90.80653449222383,B
LATAM_OFF-SU-10004662,234.24,0.004814282205858765,90.81134877442969,B
APAC_OFF-AR-10004424,234.1656,0.0048127530793384615,90.81616152750902,B
US_TEC-AC-10002305,234.0,0.004809349539664238,90.8209708770487,B
EMEA_OFF-FIS-10003234,234.0,0.004809349539664238,90.82578022658836,B
US_TEC-AC-10003280,233.922,0.004807746423151016,90.83058797301152,B
EU_OFF-FA-10001698,233.52,0.004799484207275184,90.83538745721879,B
Africa_TEC-MEM-10000178,233.08800000000002,0.004790605408125034,90.8401780626269,B
EMEA_OFF-HAM-10003992,233.04,0.004789618874886128,90.84496768150179,B
EU_OFF-PA-10001445,232.95,0.00478776912506318,90.84975545062684,B
APAC_FUR-BO-10000700,232.848,0.004785672741930507,90.85454112336878,B
APAC_OFF-ST-10003528,232.79579999999999,0.004784599887033196,90.85932572325581,B
EU_TEC-PH-10000292,232.78500000000003,0.004784377917054443,90.86411010117286,B
LATAM_OFF-AR-10004109,232.68,0.0047822198755943365,90.86889232104845,B
EU_FUR-FU-10002019,232.44,0.004777287209399809,90.87366960825784,B
EU_OFF-AR-10002939,232.44,0.004777287209399809,90.87844689546723,B
APAC_OFF-BI-10001200,232.416,0.004776793942780357,90.88322368941002,B
LATAM_OFF-BI-10004624,232.32,0.004774820876302546,90.88799851028632,B
EMEA_FUR-NOV-10002453,232.2,0.0047723545432052815,90.89277086482953,B
EU_TEC-AC-10002900,232.155,0.004771429668293808,90.89754229449782,B
US_TEC-PH-10000455,231.98,0.004767832932526965,90.90231012743035,B
APAC_OFF-EN-10000315,231.8988,0.00476616404713115,90.90707629147748,B
EU_OFF-AP-10002872,231.525,0.004758481419533174,90.91183477289701,B
EMEA_OFF-FEL-10002897,231.48,0.0047575565446217,90.91659232944163,B
EU_FUR-FU-10000502,231.426,0.0047564466947279315,90.92134877613636,B
EMEA_OFF-FEL-10004016,231.36,0.004755090211524437,90.92610386634787,B
EU_OFF-EN-10003785,231.29999999999998,0.004753857044975804,90.93085772339285,B
EMEA_OFF-GRE-10004604,231.132,0.004750404178639635,90.93560812757148,B
EU_FUR-FU-10004516,231.084,0.00474941764540073,90.94035754521688,B
APAC_OFF-SU-10002152,231.01139999999998,0.004747925513876885,90.94510547073077,B
EU_OFF-BI-10000289,231.0,0.004747691212232645,90.949853161943,B
LATAM_OFF-PA-10000994,230.88,0.004745224879135381,90.95459838682213,B
EU_OFF-BI-10004924,230.4,0.004735359546746327,90.95933374636887,B
EU_OFF-ST-10003132,230.256,0.00473239994702961,90.9640661463159,B
Africa_OFF-ELD-10004625,230.256,0.00473239994702961,90.96879854626293,B
EMEA_OFF-ELI-10001057,230.22,0.004731660047100431,90.97353020631003,B
EMEA_OFF-ELD-10000151,230.202,0.004731290097135841,90.97826149640717,B
APAC_OFF-AP-10003007,230.13,0.004729810297277483,90.98299130670445,B
EU_TEC-AC-10003533,229.86,0.00472426104780864,90.98771556775226,B
LATAM_OFF-SU-10001831,229.804,0.00472311009236325,90.99243867784462,B
LATAM_OFF-PA-10002563,229.68,0.004720561548162744,90.99715923939279,B
LATAM_OFF-EN-10002186,229.57999999999998,0.004718506270581691,91.00187774566336,B
EU_OFF-EN-10000069,229.5,0.004716862048516849,91.00659460771188,B
EU_OFF-SU-10001889,229.44,0.004715628881968217,91.01131023659384,B
LATAM_OFF-ST-10003056,229.4,0.0047148067709357954,91.01602504336478,B
LATAM_FUR-BO-10001358,229.392,0.004714642348729311,91.02073968571351,B
LATAM_OFF-PA-10001091,229.32,0.004713162548870953,91.02545284826238,B
APAC_TEC-AC-10000633,229.2,0.004710696215773689,91.03016354447814,B
LATAM_OFF-BI-10003934,229.16,0.004709874104741268,91.03487341858289,B
EU_FUR-CH-10002991,228.744,0.004701324150004087,91.0395747427329,B
EMEA_OFF-STI-10002716,228.69,0.004700214300110318,91.04427495703301,B
APAC_TEC-PH-10002152,228.33,0.0046928153008185276,91.04896777233382,B
Africa_FUR-ELD-10000963,228.24,0.00469096555099558,91.05365873788482,B
Africa_TEC-CAN-10004839,228.06,0.004687266051349684,91.05834600393617,B
EMEA_OFF-SAN-10002839,227.832,0.004682580018464883,91.06302858395463,B
APAC_TEC-CO-10003353,227.8314,0.004682567686799396,91.06771115164143,B
EU_OFF-LA-10001618,227.76,0.004681100218606524,91.07239225186004,B
US_FUR-FU-10001095,227.728,0.004680442529780587,91.07707269438981,B
US_OFF-BI-10004236,227.54,0.0046765786079282085,91.08174927299774,B
EU_OFF-EN-10000890,227.37,0.004673084636040418,91.08642235763378,B
EMEA_OFF-BOS-10002073,227.28,0.00467123488621747,91.09109359252,B
EU_OFF-PA-10003037,227.25,0.004670618302943154,91.09576421082294,B
APAC_OFF-SU-10004236,227.2248,0.004670100372992728,91.10043431119593,B
US_FUR-FU-10003347,227.2,0.004669590664152627,91.10510390186008,B
LATAM_OFF-AR-10001495,227.07999999999998,0.004667124331055363,91.10977102619113,B
LATAM_FUR-BO-10003530,226.92,0.004663835886925679,91.11443486207806,B
LATAM_OFF-BI-10000419,226.8,0.004661369553828416,91.11909623163189,B
EMEA_OFF-HAM-10004122,226.608,0.004657423420872793,91.12375365505275,B
Africa_FUR-ELD-10003131,226.56,0.004656436887633887,91.12841009194038,B
APAC_OFF-AR-10000251,226.1544,0.004648100681765137,91.13305819262214,B
US_TEC-PH-10002262,226.13799999999998,0.004647763616241843,91.13770595623839,B
EU_FUR-FU-10003619,226.125,0.0046474964301563065,91.14235345266854,B
LATAM_TEC-PH-10002572,226.12,0.0046473936662772535,91.14700084633482,B
Africa_TEC-MEM-10003743,226.05,0.004645954971970517,91.1516468013068,B
EU_TEC-AC-10003172,226.05,0.004645954971970517,91.15629275627877,B
EU_TEC-AC-10000450,225.909,0.004643057030581232,91.16093581330935,B
EU_OFF-EN-10000897,225.9,0.004642872055598937,91.16557868536495,B
APAC_OFF-ST-10000351,225.60000000000002,0.004636706222855778,91.1702153915878,B
APAC_OFF-EN-10000871,225.6,0.004636706222855778,91.17485209781066,B
EU_OFF-PA-10004480,225.45000000000002,0.004633623306484199,91.17948572111715,B
EU_OFF-EN-10002465,225.39,0.004632390139935566,91.18411811125708,B
EU_TEC-AC-10002901,225.36,0.004631773556661251,91.18874988481375,B
US_OFF-AR-10003582,225.2,0.0046284851125315656,91.19337836992628,B
US_TEC-AC-10001465,225.184,0.004628156268118597,91.19800652619439,B
EMEA_FUR-ADV-10001440,225.15,0.004627457473741039,91.20263398366814,B
US_TEC-MA-10003589,224.937,0.004623079732493396,91.20725706340063,B
EMEA_OFF-BRE-10003382,224.916,0.004622648124201375,91.21187971152483,B
Africa_TEC-SAN-10004027,224.82,0.004620675057723563,91.21650038658255,B
APAC_OFF-FA-10002388,224.67690000000002,0.004617733955505078,91.22111812053805,B
EU_OFF-FA-10004424,224.64,0.004616975558077668,91.22573509609613,B
EMEA_TEC-ENE-10001466,224.4,0.0046120428918831405,91.23034713898801,B
EU_OFF-PA-10004450,224.4,0.0046120428918831405,91.23495918187989,B
LATAM_FUR-BO-10002471,224.4,0.0046120428918831405,91.23957122477177,B
APAC_OFF-PA-10003139,224.37,0.004611426308608825,91.24418265108038,B
LATAM_TEC-CO-10001371,224.3504,0.004611023474202939,91.24879367455458,B
EU_TEC-PH-10004810,224.154,0.00460698690903375,91.25340066146362,B
EMEA_TEC-STA-10001232,223.92000000000002,0.004602177559494086,91.2580028390231,B
US_TEC-PH-10000127,223.88799999999998,0.004601519870668149,91.26260435889377,B
LATAM_TEC-CO-10004171,223.87136,0.004601177872478662,91.26720553676624,B
APAC_OFF-FA-10000294,223.7973,0.004599655733902134,91.27180519250014,B
Canada_OFF-STA-10000155,223.68,0.004597244893299559,91.27640243739344,B
APAC_OFF-EN-10004495,223.6353,0.004596326184220827,91.28099876357767,B
APAC_TEC-PH-10001961,223.632,0.004596258360060653,91.28559502193774,B
EU_TEC-PH-10002119,223.47,0.0045929288103793466,91.29018795074812,B
APAC_FUR-CH-10003608,223.452,0.004592558860414758,91.29478050960853,B
LATAM_OFF-EN-10001939,223.416,0.004591818960485578,91.29937232856902,B
EU_FUR-BO-10002889,223.398,0.004591449010520989,91.30396377757954,B
LATAM_OFF-BI-10004654,223.3,0.004589434838491557,91.30855321241803,B
EMEA_OFF-STA-10000247,223.212,0.004587626194220229,91.31314083861226,B
APAC_TEC-PH-10001478,223.2,0.004587379560910503,91.31772821817317,B
LATAM_TEC-PH-10002816,223.104,0.004585406494432693,91.3223136246676,B
US_FUR-FU-10003878,223.088,0.004585077650019724,91.32689870231762,B
US_TEC-AC-10004803,223.04,0.004584091116780819,91.3314827934344,B
APAC_TEC-PH-10003652,222.993,0.004583125136317724,91.33606591857072,B
EU_OFF-SU-10001879,222.89999999999998,0.004581213728167344,91.3406471322989,B
APAC_OFF-ST-10004496,222.75,0.004578130811795765,91.34522526311069,B
EU_OFF-LA-10003295,222.6,0.004575047895424185,91.34980031100612,B
APAC_OFF-SU-10003803,222.53879999999998,0.0045737900655445805,91.35437410107167,B
APAC_OFF-EN-10003715,222.516,0.004573321462256101,91.35894742253393,B
Africa_OFF-IBI-10000951,222.495,0.00457288985396408,91.36352031238789,B
US_OFF-ST-10002289,222.46,0.004572170506810711,91.3680924828947,B
EMEA_OFF-ACC-10000102,222.42,0.00457134839577829,91.37266383129047,B
LATAM_FUR-FU-10002837,222.36,0.004570115229229658,91.3772339465197,B
EU_OFF-EN-10004571,222.3,0.004568882062681026,91.38180282858238,B
APAC_TEC-AC-10004306,222.282,0.004568512112716436,91.38637134069509,B
EU_FUR-FU-10001086,222.24,0.004567648896132394,91.39093898959122,B
LATAM_TEC-AC-10002013,222.24,0.004567648896132394,91.39550663848735,B
EU_FUR-FU-10002937,222.18,0.004566415729583762,91.40007305421693,B
EU_OFF-PA-10002755,222.0,0.004562716229937866,91.40463577044687,B
EU_OFF-AR-10004303,222.0,0.004562716229937866,91.40919848667681,B
LATAM_OFF-EN-10003898,221.788,0.004558359041466034,91.41375684571828,B
LATAM_OFF-PA-10002237,221.76,0.004557783563743339,91.41831462928202,B
EU_FUR-FU-10004689,221.42999999999998,0.0045510011477258635,91.42286563042975,B
Africa_TEC-SAN-10004721,221.4,0.004550384564451548,91.42741601499421,B
EU_FUR-CH-10000603,221.23499999999999,0.00454699335644281,91.43196300835065,B
EMEA_TEC-STA-10004927,221.16,0.004545451898257021,91.4365084602489,B
LATAM_FUR-FU-10001126,221.13600000000002,0.004544958631637569,91.44105341888054,B
EU_OFF-AR-10003005,221.04,0.004542985565159756,91.44559640444571,B
APAC_OFF-AR-10000578,220.971,0.004541567423628831,91.45013797186934,B
APAC_OFF-AR-10003446,220.8789,0.00453967451297668,91.45467764638232,B
US_TEC-PH-10003092,220.752,0.0045370663657263235,91.45921471274805,B
EU_OFF-ST-10001999,220.671,0.004535401590885671,91.46375011433894,B
APAC_OFF-SU-10004304,220.038,0.004522391683797605,91.46827250602273,B
US_OFF-BI-10000666,220.032,0.004522268367142742,91.47279477438987,B
LATAM_FUR-BO-10002042,219.808,0.004517664545361183,91.47731243893523,B
US_OFF-ST-10000649,219.8,0.004517500123154699,91.48182993905839,B
LATAM_OFF-BI-10000423,219.45600000000002,0.004510429968275877,91.48634036902666,B
APAC_OFF-LA-10000668,219.4335,0.004509967530820139,91.49085033655749,B
EU_TEC-MA-10004143,219.4275,0.004509844214165276,91.49536018077166,B
APAC_FUR-FU-10002459,219.3,0.004507223735249434,91.4998674045069,B
LATAM_OFF-SU-10001894,219.29999999999998,0.004507223735249433,91.50437462824215,B
US_TEC-PH-10000038,219.168,0.004504510768842443,91.50887913901099,B
EMEA_OFF-ACC-10004322,219.14999999999998,0.004504140818877853,91.51338327982987,B
EMEA_OFF-BIC-10004976,219.114,0.004503400918948674,91.51788668074882,B
EMEA_OFF-BIN-10003023,218.868,0.004498344936099284,91.52238502568491,B
APAC_FUR-CH-10003948,218.844,0.004497851669479831,91.5268828773544,B
Africa_FUR-IKE-10000649,218.844,0.004497851669479831,91.53138072902388,B
Africa_TEC-BEL-10003311,218.63400000000001,0.004493535586559619,91.53587426461044,B
LATAM_OFF-EN-10002372,218.45999999999998,0.0044899594035685865,91.54036422401401,B
APAC_OFF-AP-10000904,218.44799999999998,0.00448971277025886,91.54485393678428,B
EU_TEC-MA-10003326,218.436,0.0044894661369491344,91.54934340292122,B
EMEA_OFF-GRE-10004796,218.19,0.004484410154099744,91.55382781307533,B
EU_TEC-AC-10002363,217.98,0.0044800940711795315,91.55830790714651,B
US_OFF-PA-10002137,217.84,0.004477216682566058,91.56278512382907,B
APAC_OFF-PA-10004573,217.674,0.004473804921781509,91.56725892875086,B
EMEA_FUR-NOV-10004563,217.65,0.004473311655162057,91.57173224040602,B
APAC_TEC-AC-10004773,217.56,0.00447146190533911,91.57620370231136,B
EU_OFF-AR-10004986,217.35,0.004467145822418898,91.58067084813378,B
APAC_FUR-FU-10001977,217.32,0.004466529239144582,91.58513737737292,B
EU_OFF-AR-10003113,217.308,0.004466282605834856,91.58960365997875,B
APAC_FUR-FU-10000647,217.2261,0.004464599333495973,91.59406825931225,B
APAC_FUR-CH-10003419,217.2225,0.0044645253435030546,91.59853278465576,B
EU_OFF-PA-10002616,217.08,0.0044615965729500546,91.60299438122871,B
Africa_TEC-HP -10004971,216.99,0.004459746823127107,91.60745412805184,B
US_OFF-AP-10003842,216.86,0.004457074962271738,91.61191120301412,B
US_OFF-PA-10001125,216.86,0.004457074962271738,91.61636827797639,B
LATAM_FUR-FU-10000110,216.82,0.004456252851239316,91.62082453082763,B
US_FUR-FU-10004622,216.8,0.004455841795723107,91.62528037262335,B
LATAM_OFF-PA-10000318,216.784,0.0044555129513101374,91.62973588557466,B
APAC_OFF-AR-10004219,216.72,0.004454197573658263,91.63419008314833,B
LATAM_OFF-SU-10004246,216.70000000000002,0.004453786518142053,91.63864386966647,B
APAC_TEC-AC-10001735,216.67200000000003,0.004453211040419358,91.64309708070688,B
EU_TEC-PH-10002564,216.63,0.004452347823835316,91.64754942853071,B
APAC_OFF-EN-10002700,216.47339999999997,0.004449129259143385,91.65199855778985,B
APAC_OFF-AR-10001132,216.4617,0.004448888791666403,91.65644744658152,B
APAC_OFF-EN-10003231,216.45,0.00444864832418942,91.66089609490571,B
EU_OFF-SU-10000171,216.45,0.00444864832418942,91.6653447432299,B
EMEA_OFF-ACM-10000476,216.444,0.004448525007534556,91.66979326823743,B
LATAM_OFF-PA-10001170,216.44,0.0044484427964313145,91.67424171103386,B
EU_FUR-FU-10004097,216.43200000000002,0.004448278374224831,91.67868998940808,B
LATAM_FUR-TA-10001276,216.216,0.004443838974649756,91.68313382838274,B
EU_OFF-AR-10000316,216.075,0.004440941033260471,91.687574769416,B
EMEA_OFF-CAR-10002942,215.784,0.004434960175499606,91.6920097295915,B
EU_TEC-CO-10004558,215.73,0.004433850325605838,91.69644357991712,B
EMEA_OFF-STO-10004779,215.55,0.004430150825959942,91.70087373074307,B
EU_OFF-SU-10004496,215.19,0.004422751826668151,91.70529648256974,B
APAC_OFF-EN-10003550,215.1,0.004420902076845203,91.70971738464658,B
EMEA_OFF-AME-10001179,215.1,0.004420902076845203,91.71413828672343,B
LATAM_TEC-MA-10002710,214.896,0.004416709310579855,91.718554996034,B
EMEA_OFF-SAN-10001345,214.8,0.004414736244102044,91.7229697322781,B
LATAM_FUR-FU-10001161,214.76799999999997,0.0044140785552761064,91.72738381083337,B
US_OFF-ST-10002214,214.51,0.004408775939116989,91.73179258677249,B
Africa_OFF-BOS-10003699,214.398,0.00440647402822621,91.73619906080071,B
Africa_OFF-SAN-10000874,214.389,0.004406289053243916,91.74060534985396,B
APAC_OFF-ST-10001366,214.272,0.004403884378474084,91.74500923423244,B
EMEA_FUR-ELD-10003479,214.2,0.004402404578615725,91.74941163881105,B
EMEA_OFF-BIN-10000561,214.2,0.004402404578615725,91.75381404338967,B
EU_TEC-MA-10001569,214.2,0.004402404578615725,91.75821644796828,B
EU_TEC-PH-10004915,214.2,0.004402404578615725,91.7626188525469,B
APAC_FUR-FU-10000526,214.14,0.004401171412067093,91.76702002395896,B
LATAM_OFF-AR-10001850,214.024,0.004398787290073072,91.77141881124903,B
APAC_OFF-FA-10003218,213.84,0.004395005579323935,91.77581381682836,B
LATAM_OFF-ST-10000423,213.82399999999998,0.004394676734910965,91.78020849356326,B
EMEA_TEC-OKI-10001062,213.528,0.0043885931132710485,91.78459708667654,B
EMEA_OFF-BIN-10000170,213.36,0.00438514024693488,91.78898222692348,B
US_OFF-PA-10002713,213.28,0.004383496024870036,91.79336572294835,B
APAC_OFF-BI-10003018,213.21,0.0043820573305633,91.79774778027891,B
LATAM_OFF-ST-10002598,213.20800000000003,0.004382016225011679,91.80212979650392,B
APAC_OFF-AR-10003957,213.066,0.004379097730846583,91.80650889423477,B
US_FUR-FU-10000305,212.94,0.004376508081094456,91.81088540231586,B
LATAM_TEC-PH-10000014,212.88,0.004375274914545825,91.81526067723041,B
EMEA_TEC-PAN-10000131,212.49,0.004367259331979717,91.8196279365624,B
US_FUR-FU-10002116,212.13,0.004359860332687927,91.82398779689508,B
EU_OFF-BI-10001253,212.04000000000002,0.004358010582864979,91.82834580747794,B
LATAM_TEC-MA-10003361,211.992,0.0043570240496260725,91.83270283152757,B
APAC_OFF-SU-10002543,211.932,0.004355790883077441,91.83705862241065,B
APAC_OFF-PA-10003449,211.89120000000003,0.004354952329824372,91.84141357474047,B
Africa_OFF-BIC-10000718,211.89,0.004354927666493398,91.84576850240697,B
LATAM_TEC-AC-10001172,211.824,0.004353571183289904,91.85012207359026,B
LATAM_FUR-TA-10003449,211.728,0.004351598116812093,91.85447367170707,B
Africa_FUR-OFF-10001132,211.716,0.0043513514835023664,91.85882502319058,B
Africa_FUR-HON-10002424,211.692,0.0043508582168829135,91.86317588140746,B
APAC_OFF-BI-10001858,211.68,0.004350611583573188,91.86752649299103,B
EMEA_OFF-ROG-10001735,211.62,0.004349378417024556,91.87187587140805,B
APAC_TEC-PH-10002590,211.464,0.0043461721839981125,91.87622204359205,B
EMEA_FUR-ADV-10000847,211.44,0.00434567891737866,91.88056772250943,B
LATAM_TEC-AC-10004951,211.304,0.004342883739868428,91.88491060624929,B
EMEA_OFF-ELD-10000124,211.2,0.004340746251184133,91.88925135250048,B
EU_OFF-LA-10004929,211.14,0.004339513084635501,91.89359086558511,B
APAC_TEC-MA-10001940,210.996,0.004336553484918784,91.89792741907003,B
LATAM_OFF-BI-10002455,210.8,0.00433252514085992,91.90225994421088,B
US_TEC-AC-10001553,210.676,0.004329976596659414,91.90658992080755,B
APAC_OFF-AP-10000391,210.45,0.004325331669326234,91.91091525247687,B
EMEA_OFF-SAN-10002873,210.24,0.004321015586406024,91.91523626806328,B
EU_OFF-EN-10001449,210.21,0.0043203990031317075,91.91955666706642,B
LATAM_OFF-PA-10004600,209.85999999999999,0.004313205531598021,91.92386987259802,B
US_FUR-FU-10001591,209.84,0.00431279447608181,91.9281826670741,B
US_OFF-ST-10000642,209.8,0.00431197236504939,91.93249463943914,B
EMEA_TEC-LOG-10004917,209.76,0.004311150254016968,91.93680578969315,B
APAC_OFF-AP-10003380,209.7,0.004309917087468336,91.94111570678062,B
EU_OFF-AR-10002991,209.583,0.004307512412698504,91.94542321919332,B
EU_OFF-AR-10000703,209.52,0.004306217587822441,91.94972943678114,B
APAC_OFF-SU-10002775,209.52,0.004306217587822441,91.95403565436897,B
EU_TEC-PH-10003513,209.508,0.004305970954512715,91.95834162532348,B
US_OFF-ST-10002205,209.244,0.004300545021698734,91.96264217034518,B
APAC_TEC-AC-10004016,208.88400000000001,0.004293146022406943,91.96693531636758,B
EU_OFF-PA-10004069,208.5,0.004285253756495699,91.97122057012407,B
US_TEC-PH-10004531,208.362,0.004282417473433846,91.97550298759751,B
EMEA_TEC-CAN-10002879,208.272,0.004280567723610898,91.97978355532112,B
APAC_OFF-FA-10000697,208.26,0.004280321090301171,91.98406387641143,B
APAC_OFF-AR-10001823,208.23,0.004279704507026855,91.98834358091845,B
APAC_OFF-PA-10001968,208.07819999999998,0.0042765845956588165,91.99262016551411,B
EMEA_OFF-BRE-10003443,208.032,0.004275635057416371,91.99689580057152,B
APAC_OFF-SU-10003221,207.9,0.004272922091009381,92.00116872266253,B
EU_FUR-FU-10004960,207.84,0.004271688924460749,92.00544041158699,B
US_OFF-AR-10004260,207.84,0.004271688924460749,92.00971210051145,B
EMEA_FUR-DEF-10002865,207.798,0.004270825707876707,92.01398292621933,B
LATAM_OFF-ST-10002371,207.68,0.0042684004803310634,92.01825132669966,B
EMEA_TEC-MOT-10002855,207.648,0.004267742791505127,92.02251906949115,B
EU_FUR-BO-10001873,207.432,0.004263303391930052,92.02678237288308,B
Africa_FUR-TEN-10003050,207.36,0.004261823592071694,92.03104419647515,B
EMEA_OFF-OIC-10001056,207.36,0.004261823592071694,92.03530602006722,B
LATAM_TEC-CO-10004928,207.35004,0.004261618886424621,92.03956763895366,B
Africa_FUR-RUB-10002945,207.24,0.00425935725897443,92.04382699621263,B
EU_TEC-MA-10004897,207.19799999999998,0.004258494042390388,92.04808549025502,B
US_FUR-CH-10002317,207.184,0.00425820630352904,92.05234369655855,B
US_OFF-AP-10004233,207.144,0.00425738419249662,92.05660108075105,B
EU_FUR-FU-10002305,207.138,0.0042572608758417564,92.0608583416269,B
Africa_OFF-SAN-10002839,207.12,0.004256890925877167,92.06511523255277,B
US_OFF-EN-10003286,207.0,0.004254424592779902,92.06936965714554,B
EMEA_TEC-PAN-10002756,206.676,0.00424776549341729,92.07361742263896,B
APAC_TEC-AC-10003668,206.658,0.0042473955434527005,92.07786481818242,B
LATAM_OFF-AR-10003989,206.64,0.004247025593488112,92.0821118437759,B
Canada_OFF-FEL-10001541,206.4,0.004242092927293584,92.0863539367032,B
LATAM_OFF-EN-10004899,206.228,0.004238557849854173,92.09059249455306,B
EU_OFF-ST-10001426,205.821,0.004230192870099287,92.09482268742316,B
APAC_FUR-BO-10000889,205.632,0.004226308395471097,92.09904899581863,B
EU_TEC-MA-10003101,205.53,0.004224212012338422,92.10327320783097,B
LATAM_TEC-AC-10003044,205.4,0.004221540151483054,92.10749474798244,B
LATAM_OFF-BI-10004080,205.26,0.004218662762869579,92.11171341074531,B
APAC_OFF-EN-10000114,205.20000000000002,0.0042174295963209475,92.11593084034163,B
EU_OFF-FA-10001724,205.2,0.004217429596320947,92.12014826993796,B
APAC_OFF-EN-10003537,205.15109999999999,0.004216424565583811,92.12436469450354,B
APAC_OFF-BI-10003025,205.08,0.004214963263223684,92.12857965776676,B
Africa_TEC-MEM-10001436,204.96,0.00421249693012642,92.13279215469689,B
LATAM_OFF-SU-10000294,204.64,0.00420592004186705,92.13699807473876,B
LATAM_OFF-ST-10003344,204.6,0.004205097930834628,92.14120317266959,B
APAC_OFF-EN-10001162,204.315,0.004199240389728627,92.14540241305932,B
APAC_TEC-AC-10003034,204.225,0.004197390639905679,92.14959980369922,B
EMEA_OFF-TEN-10003148,204.18,0.004196465764994205,92.15379626946421,B
Canada_OFF-TEN-10000025,204.15,0.00419584918171989,92.15799211864594,B
APAC_OFF-ST-10001824,204.0,0.00419276626534831,92.16218488491128,B
APAC_FUR-FU-10003235,203.904,0.004190793198870498,92.16637567811016,B
APAC_OFF-EN-10001627,203.88,0.004190299932251046,92.1705659780424,B
APAC_OFF-AP-10002239,203.6322,0.004185206954405197,92.17475118499681,B
US_FUR-FU-10003577,203.62800000000001,0.004185120632746792,92.17893630562955,B
LATAM_OFF-AR-10000845,203.616,0.004184873999437066,92.18312117962898,B
LATAM_TEC-PH-10000599,203.616,0.004184873999437066,92.18730605362842,B
EU_OFF-SU-10004650,203.51999999999998,0.004182900932959255,92.19148895456138,B
EU_OFF-LA-10003283,203.39999999999998,0.004180434599861991,92.19566938916124,B
LATAM_FUR-FU-10003608,203.376,0.004179941333242539,92.19984933049449,B
EU_OFF-ST-10004046,203.013,0.004172480675623316,92.20402181117011,B
EU_OFF-ST-10003147,202.95,0.004171185850747252,92.20819299702086,B
APAC_OFF-FA-10001010,202.788,0.004167856301065947,92.21236085332193,B
APAC_FUR-TA-10004050,202.776,0.00416760966775622,92.21652846298969,B
EU_FUR-CH-10004943,202.755,0.004167178059464199,92.22069564104915,B
APAC_OFF-BI-10002853,202.6539,0.004165100173829754,92.22486074122298,B
APAC_OFF-SU-10004872,202.44,0.004160703935083882,92.22902144515807,B
EMEA_OFF-EAT-10000820,202.308,0.004157990968676892,92.23317943612675,B
LATAM_OFF-EN-10000061,202.168,0.004155113580063418,92.23733454970682,B
LATAM_OFF-BI-10000335,202.0,0.004151660713727248,92.24148621042055,B
APAC_TEC-AC-10000596,201.96,0.004150838602694827,92.24563704902324,B
LATAM_OFF-AR-10000019,201.92,0.004150016491662405,92.24978706551491,B
APAC_TEC-AC-10001075,201.816,0.00414787900297811,92.25393494451788,B
APAC_TEC-PH-10001433,201.7647,0.00414682464557903,92.25808176916345,B
LATAM_OFF-BI-10000806,201.6,0.0041434396034030355,92.26222520876685,B
US_TEC-PH-10003484,201.584,0.004143110758990067,92.26636831952584,B
APAC_OFF-BI-10002682,201.5685,0.004142792190965004,92.2705111117168,B
LATAM_FUR-FU-10002168,201.448,0.004140315581479835,92.27465142729828,B
APAC_OFF-SU-10000178,201.4467,0.004140288862871281,92.27879171616115,B
LATAM_OFF-SU-10000085,201.428,0.004139904525963624,92.28293162068711,B
LATAM_OFF-AR-10001053,201.4,0.004139329048240929,92.28707094973535,B
US_OFF-AP-10000055,201.37599999999998,0.004138835781621476,92.29120978551697,B
EMEA_FUR-ADV-10000183,201.324,0.0041377670372793295,92.29534755255425,B
Africa_TEC-BEL-10002324,201.312,0.004137520403969603,92.29948507295822,B
Africa_OFF-BOS-10002705,201.3,0.0041372737706598765,92.30362234672889,B
US_OFF-LA-10003923,201.28,0.004136862715143666,92.30775920944403,B
EU_OFF-AR-10003630,201.14999999999998,0.004134190854288297,92.31189340029832,B
US_TEC-PH-10004922,200.97,0.004130491354642401,92.31602389165296,B
Africa_FUR-RUB-10004285,200.88,0.004128641604819453,92.32015253325778,B
US_OFF-BI-10002794,200.80200000000002,0.004127038488306232,92.32427957174609,B
EMEA_OFF-HOO-10003269,200.736,0.004125682005102737,92.32840525375119,B
APAC_FUR-FU-10000889,200.64,0.004123708938624925,92.3325289626898,B
EU_OFF-SU-10001351,200.64,0.004123708938624925,92.33665267162843,B
LATAM_FUR-BO-10000734,200.544,0.004121735872147115,92.34077440750058,B
EU_OFF-SU-10003160,200.51999999999998,0.0041212426055276625,92.3448956501061,B
APAC_OFF-EN-10000968,200.47500000000002,0.004120317730616189,92.3490159678367,B
EMEA_FUR-OFF-10000303,200.424,0.004119269539049852,92.35313523737575,B
Africa_TEC-STA-10000546,200.394,0.0041186529557755355,92.35725389033153,B
APAC_OFF-FA-10000027,200.2974,0.004116667557632238,92.36137055788917,B
APAC_OFF-PA-10004380,200.2671,0.004116044808525179,92.3654866026977,B
EMEA_OFF-KRA-10000117,200.25,0.004115693356058819,92.36960229605376,B
EU_OFF-PA-10000961,200.16,0.004113843606235871,92.37371613965999,B
EU_OFF-EN-10004120,200.10000000000002,0.00411261043968724,92.37782875009968,B
APAC_OFF-EN-10002752,200.1,0.004112610439687239,92.38194136053937,B
LATAM_OFF-SU-10004658,200.0,0.004110555162106186,92.38605191570147,B
US_OFF-ST-10003123,199.74,0.0041052114403954485,92.39015712714186,B
EMEA_OFF-ACM-10002045,199.68,0.004103978273846816,92.39426110541571,B
APAC_FUR-CH-10002468,199.665,0.004103669982209658,92.39836477539792,B
LATAM_FUR-CH-10000233,199.4,0.004098223496619867,92.40246299889455,B
EU_OFF-PA-10000756,199.29,0.00409596269128071,92.40655896158583,B
Africa_OFF-KIT-10002357,199.2,0.004094112941457761,92.41065307452729,B
LATAM_OFF-AP-10004515,199.08,0.004091646608360498,92.41474472113565,B
Canada_OFF-SME-10000746,198.9,0.004087947108714602,92.41883266824436,B
Africa_OFF-JIF-10004616,198.87,0.004087330525440286,92.4229199987698,B
LATAM_TEC-PH-10003522,198.8,0.004085891831133549,92.42700589060094,B
LATAM_OFF-AR-10001678,198.784,0.00408556298672058,92.43109145358765,B
LATAM_TEC-MA-10003471,198.72,0.004084247609068706,92.43517570119673,B
EMEA_FUR-HON-10001776,198.66,0.004083014442520075,92.43925871563924,B
LATAM_OFF-LA-10004519,198.62800000000001,0.004082356753694138,92.44334107239294,B
EU_OFF-SU-10001086,198.24,0.004074382276679652,92.44741545466962,B
Canada_OFF-BIN-10004729,198.0,0.004069449610485124,92.45148490428011,B
APAC_TEC-PH-10004933,197.883,0.004067044935715292,92.45555194921582,B
US_OFF-AP-10003099,197.72,0.004063694833258176,92.45961564404908,B
EU_OFF-FA-10002066,197.7,0.004063283777741965,92.46367892782682,B
APAC_TEC-AC-10001907,197.7,0.004063283777741965,92.46774221160456,B
APAC_TEC-PH-10002299,197.64,0.004062050611193333,92.47180426221576,B
US_OFF-FA-10001883,197.612,0.0040614751334706375,92.47586573734922,B
EMEA_OFF-SME-10003530,197.49,0.004058967694821753,92.47992470504404,B
APAC_OFF-FA-10004067,197.42759999999998,0.004057685201611177,92.48398239024566,B
EU_FUR-TA-10002868,197.3985,0.00405708711583509,92.4880394773615,B
APAC_FUR-FU-10003960,197.30880000000002,0.004055243531844886,92.49209472089335,B
Africa_TEC-NOK-10001172,197.184,0.004052678545423731,92.49614739943877,B
APAC_OFF-FA-10003838,197.055,0.004050027237344172,92.50019742667611,B
APAC_OFF-BI-10001032,196.8,0.004044786279512488,92.50424221295562,B
LATAM_OFF-ST-10002714,196.776,0.004044293012893035,92.50828650596851,B
EMEA_FUR-BUS-10003708,196.752,0.004043799746273582,92.51233030571478,B
EU_TEC-AC-10000815,196.64999999999998,0.004041703363140907,92.51637200907793,B
LATAM_TEC-AC-10004044,196.39600000000002,0.004036482958085033,92.52040849203601,B
LATAM_OFF-SU-10002498,196.312,0.004034756524916948,92.52444324856093,B
APAC_OFF-SU-10001869,196.27530000000002,0.004034002238044702,92.52847725079897,B
US_OFF-AR-10002240,196.248,0.004033441147265074,92.53251069194624,B
Canada_FUR-SAF-10003540,196.2,0.004032454614026169,92.53654314656026,B
APAC_OFF-ST-10000542,195.9552,0.00402742329450775,92.54057056985476,B
Africa_FUR-SAU-10003872,195.93,0.004026905364557325,92.54459747521932,B
EMEA_FUR-SAU-10003872,195.93,0.004026905364557325,92.54862438058387,B
LATAM_FUR-BO-10001369,195.76,0.004023411392669535,92.55264779197654,B
APAC_OFF-AR-10003536,195.72,0.004022589281637114,92.55667038125817,B
Africa_FUR-DEF-10003315,195.72,0.004022589281637114,92.5606929705398,B
EU_OFF-PA-10000876,195.72,0.004022589281637114,92.56471555982144,B
Africa_OFF-ENE-10004132,195.66,0.0040213561150884815,92.56873691593653,B
US_TEC-AC-10002718,195.506,0.00401819098761366,92.57275510692413,B
APAC_OFF-EN-10002425,195.4974,0.0040180142337416895,92.57677312115787,B
Africa_TEC-CIS-10002344,195.417,0.004016361790566522,92.58078948294843,B
Africa_TEC-ENE-10002254,195.408,0.0040161768155842275,92.58480565976402,B
LATAM_TEC-PH-10002121,195.36,0.0040151902823453225,92.58882085004636,B
EU_OFF-LA-10002752,195.33,0.004014573699071006,92.59283542374543,B
EMEA_TEC-SAM-10000779,195.216,0.004012230682628607,92.59684765442806,B
EMEA_FUR-RUB-10001190,195.12,0.004010257616150795,92.6008579120442,B
EMEA_FUR-ELD-10000857,195.12,0.004010257616150795,92.60486816966035,B
APAC_TEC-MA-10003536,195.12,0.004010257616150795,92.6088784272765,B
EMEA_OFF-BIN-10000837,194.88,0.0040053249499562675,92.61288375222645,B
APAC_FUR-BO-10002738,194.766,0.004002981933513867,92.61688673415996,B
EU_OFF-PA-10001492,194.41500000000002,0.003995767909204371,92.62088250206916,B
LATAM_OFF-ST-10002386,194.4,0.0039954596175672125,92.62487796168674,B
EU_OFF-LA-10004744,194.31,0.003993609867744266,92.62887157155448,B
APAC_TEC-CO-10001531,194.31,0.003993609867744266,92.63286518142223,B
US_TEC-AC-10002345,194.3,0.00399340433998616,92.63685858576221,B
LATAM_OFF-EN-10001832,194.292,0.003993239917779676,92.64085182567999,B
APAC_FUR-FU-10001130,194.2092,0.003991538147942564,92.64484336382793,B
EU_TEC-MA-10002195,194.106,0.003989417101478917,92.64883278092941,B
LATAM_TEC-AC-10001491,193.76,0.003982305841048473,92.65281508677046,B
EU_OFF-FA-10004824,193.68,0.003980661618983631,92.65679574838944,B
LATAM_FUR-CH-10004652,193.66400000000002,0.0039803327745706624,92.66077608116402,B
US_OFF-BI-10004230,193.424,0.003975400108376135,92.66475148127239,B
Canada_OFF-AVE-10003740,193.2,0.003970796286594575,92.66872227755898,B
EU_OFF-PA-10003899,193.095,0.00396863824513447,92.67269091580413,B
LATAM_OFF-AR-10004373,193.06,0.003967918897981102,92.67665883470211,B
LATAM_OFF-EN-10000258,192.792,0.0039624107540638795,92.68062124545618,B
APAC_OFF-SU-10003723,192.74099999999999,0.003961362562497542,92.68458260801867,B
EU_FUR-FU-10004289,192.66000000000003,0.003959697787656889,92.68854230580632,B
LATAM_TEC-AC-10000110,192.5,0.003956409343527204,92.69249871514985,B
US_OFF-LA-10004544,192.4,0.0039543540659461515,92.69645306921579,B
EU_FUR-FU-10000567,192.06,0.00394736612217057,92.70040043533797,B
US_FUR-FU-10003799,192.024,0.003946626222241391,92.70434706156021,B
EU_OFF-FA-10004899,192.0,0.003946132955621938,92.70829319451583,B
LATAM_FUR-FU-10004450,191.976,0.003945639689002486,92.71223883420484,B
APAC_OFF-AR-10004651,191.952,0.003945146422383033,92.71618398062722,B
EMEA_TEC-CAN-10000932,191.898,0.003944036572489265,92.72012801719971,B
APAC_OFF-SU-10000866,191.85,0.003943050039250359,92.72407106723897,B
APAC_OFF-EN-10002472,191.8455,0.003942957551759211,92.72801402479072,B
US_FUR-FU-10004093,191.688,0.003939720489569053,92.7319537452803,B
US_OFF-PA-10001281,191.6,0.0039379118452977264,92.73589165712559,B
APAC_OFF-LA-10003973,191.51999999999998,0.003936267623232883,92.73982792474882,B
LATAM_TEC-CO-10002571,191.49624,0.003935779289279626,92.7437637040381,B
APAC_TEC-CO-10004267,191.49,0.003935651039958568,92.74769935507805,B
LATAM_OFF-ST-10004185,191.4,0.00393380129013562,92.75163315636819,B
Africa_OFF-EAT-10002068,191.37599999999998,0.003933308023516166,92.7555664643917,B
LATAM_OFF-EN-10003623,191.28,0.003931334957038356,92.75949779934875,B
LATAM_TEC-CO-10001968,191.2788,0.003931310293707383,92.76342910964246,B
LATAM_FUR-CH-10004010,191.168,0.003929033046147577,92.76735814268861,B
APAC_OFF-SU-10001698,190.998,0.003925539074259786,92.77128368176287,B
Canada_TEC-CAN-10004697,190.98,0.0039251691242951975,92.77520885088717,B
US_FUR-FU-10003664,190.92,0.003923935957746565,92.77913278684491,B
US_OFF-ST-10001713,190.764,0.003920729724720122,92.78305351656964,B
LATAM_OFF-AP-10001723,190.62,0.003917770125003406,92.78697128669464,B
APAC_FUR-FU-10002598,190.59300000000002,0.0039172152000565225,92.7908885018947,B
LATAM_FUR-CH-10000336,190.348,0.003912179769982942,92.79480068166468,B
EU_OFF-PA-10001844,190.344,0.003912097558879699,92.79871277922356,B
APAC_OFF-PA-10003899,190.176,0.00390864469254353,92.80262142391611,B
APAC_FUR-FU-10002648,190.08,0.00390667162606572,92.80652809554218,B
APAC_OFF-AR-10000780,190.08,0.00390667162606572,92.81043476716825,B
APAC_OFF-FA-10001082,190.03979999999999,0.0039058454044781357,92.81434061257272,B
EU_OFF-BI-10002354,189.93,0.0039035887096941398,92.81824420128241,B
EU_OFF-EN-10003737,189.72,0.0038992726267739284,92.82214347390918,B
APAC_OFF-BI-10001659,189.7038,0.0038989396718057978,92.82604241358098,B
APAC_OFF-ST-10004382,189.6,0.003896806293676664,92.82993921987466,B
LATAM_FUR-CH-10002291,189.6,0.003896806293676664,92.83383602616834,B
APAC_OFF-AR-10001195,189.54,0.0038955731271280323,92.83773159929547,B
APAC_FUR-FU-10003447,189.45,0.0038937233773050847,92.84162532267277,B
LATAM_FUR-FU-10004338,189.3,0.0038906404609335052,92.8455159631337,B
APAC_FUR-FU-10002069,189.26999999999998,0.0038900238776591886,92.84940598701137,B
EU_OFF-FA-10001051,189.09,0.003886324378013294,92.85329231138938,B
Africa_OFF-EAT-10002122,189.0,0.003884474628190346,92.85717678601758,B
APAC_OFF-AR-10001074,189.0,0.003884474628190346,92.86106126064577,B
US_OFF-AP-10001394,189.0,0.003884474628190346,92.86494573527396,B
EU_TEC-AC-10004221,188.784,0.0038800352286152712,92.86882577050258,B
EU_FUR-FU-10001495,188.76,0.0038795419619958183,92.87270531246457,B
LATAM_OFF-AR-10001991,188.748,0.003879295328686092,92.87658460779326,B
US_FUR-FU-10004597,188.7,0.0038783087954471864,92.88046291658871,B
EU_OFF-SU-10004822,188.37,0.0038715263794297113,92.88433444296814,B
LATAM_OFF-EN-10004988,188.256,0.003869183362987311,92.88820362633113,B
EU_OFF-BI-10003440,188.19,0.003867826879783816,92.89207145321092,B
APAC_OFF-AR-10001770,188.163,0.003867271954836932,92.89593872516575,B
Africa_OFF-ELD-10001037,188.16,0.0038672102965095,92.89980593546225,B
Africa_OFF-ACC-10000687,188.1,0.003865977129960868,92.90367191259222,B
US_OFF-PA-10003441,187.92000000000002,0.003862277630314973,92.90753419022253,B
EU_FUR-CH-10002970,187.839,0.0038606128554743197,92.91139480307801,B
EMEA_OFF-ROG-10004949,187.82999999999998,0.0038604278804920244,92.91525523095851,B
LATAM_OFF-FA-10003879,187.796,0.0038597290861144664,92.91911496004462,B
US_OFF-ST-10004963,187.736,0.003858495919565835,92.92297345596418,B
Africa_OFF-KRA-10004876,187.68,0.003857344964120445,92.9268308009283,B
APAC_OFF-AR-10002665,187.572,0.003855125264332908,92.93068592619264,B
APAC_TEC-MA-10000345,187.515,0.0038539537561117073,92.93453987994874,B
US_OFF-AP-10000696,187.45999999999998,0.003852823353442128,92.93839270330218,B
APAC_TEC-AC-10000540,187.38000000000002,0.003851179131377286,92.94224388243356,B
LATAM_OFF-PA-10000935,187.2,0.00384747963173139,92.94609136206529,B
LATAM_OFF-SU-10000213,187.108,0.0038455887763568213,92.94993695084165,B
EU_OFF-SU-10000514,187.08,0.0038450132986341265,92.95378196414028,B
US_FUR-CH-10002304,187.056,0.0038445200320146736,92.9576264841723,B
Canada_OFF-ROG-10004393,187.02,0.003843780132085495,92.96147026430438,B
Africa_TEC-ENE-10004728,186.921,0.0038417454072802518,92.96531200971167,B
APAC_TEC-AC-10002255,186.705,0.003837306007705178,92.96914931571938,B
US_TEC-AC-10003441,186.45,0.003832065049873492,92.97298138076926,B
LATAM_OFF-BI-10004632,186.31799999999998,0.0038293520834665018,92.97681073285273,B
Africa_OFF-SAN-10004232,186.276,0.00382848886688246,92.98063922171961,B
EMEA_TEC-MOT-10001342,186.186,0.003826639117059512,92.98446586083668,B
EMEA_OFF-SAN-10003644,186.0,0.003822816300758753,92.98828867713743,B
US_OFF-PA-10000167,185.88,0.003820349967661489,92.9921090271051,B
APAC_OFF-SU-10000885,185.8518,0.0038197703793836323,92.99592879748448,B
EU_OFF-ST-10002042,185.472,0.003811964435130793,92.99974076191961,B
US_OFF-SU-10003505,185.376,0.003809991368652982,93.00355075328827,B
EMEA_OFF-BOS-10001576,185.28,0.0038080183021751706,93.00735877159045,B
Africa_TEC-CIS-10002153,184.92,0.0038006193028833797,93.01115939089333,B
EMEA_TEC-CIS-10002153,184.92,0.0038006193028833797,93.0149600101962,B
US_FUR-CH-10003956,184.548,0.0037929736702818624,93.01875298386649,B
EU_OFF-PA-10000317,184.38,0.003789520803945693,93.02254250467044,B
EMEA_OFF-EAT-10001025,184.32,0.0037882876373970605,93.02633079230783,B
LATAM_FUR-FU-10003414,184.31799999999998,0.0037882465318454395,93.03011903883967,B
APAC_OFF-EN-10003632,184.1664,0.0037851307310325637,93.0339041695707,B
LATAM_OFF-ST-10004660,183.96,0.0037808886381052705,93.03768505820881,B
Africa_OFF-XER-10002256,183.96,0.0037808886381052705,93.04146594684691,B
LATAM_TEC-CO-10004901,183.95496,0.003780785052115185,93.04524673189903,B
LATAM_TEC-PH-10000381,183.92,0.0037800665270728484,93.0490267984261,B
EU_OFF-PA-10003105,183.81,0.00377780572173369,93.05280460414784,B
EMEA_FUR-HON-10001689,183.756,0.0037766958718399215,93.05658130001967,B
US_OFF-BI-10002353,183.736,0.003776284816323711,93.060357584836,B
APAC_OFF-FA-10004795,183.42600000000002,0.003769913455822447,93.06412749829182,B
APAC_OFF-EN-10004941,183.33,0.003767940389344636,93.06789543868116,B
EU_OFF-PA-10001497,183.06,0.0037623911398757927,93.07165782982104,B
US_OFF-ST-10001418,182.94,0.0037599248067785285,93.07541775462781,B
EMEA_OFF-KRA-10000916,182.88,0.003758691640229896,93.07917644626804,B
EU_OFF-BI-10000482,182.88,0.003758691640229896,93.08293513790827,B
LATAM_OFF-AR-10003321,182.776,0.0037565541515456016,93.08669169205982,B
EMEA_OFF-SAN-10004824,182.70000000000002,0.0037549921405840014,93.0904466842004,B
US_OFF-AP-10004708,182.68800000000002,0.003754745507274275,93.09420142970768,B
APAC_OFF-BI-10000305,182.6175,0.003753296536579632,93.09795472624425,B
Africa_FUR-HAR-10000100,182.61,0.0037531423907610534,93.10170786863502,B
LATAM_TEC-PH-10004287,182.58,0.0037525258074867377,93.1054603944425,B
EU_FUR-BO-10000847,182.385,0.0037485180162036835,93.10920891245871,B
APAC_OFF-BI-10001400,182.01600000000002,0.0037409340419295983,93.11294984650064,B
EU_OFF-PA-10003994,181.935,0.0037392692670889446,93.11668911576773,B
APAC_FUR-FU-10002335,181.87019999999998,0.0037379374472164225,93.12042705321494,B
APAC_OFF-SU-10003259,181.818,0.0037368645923191134,93.12416391780725,B
LATAM_OFF-AR-10003758,181.8,0.0037364946423545237,93.1279004124496,B
EU_TEC-AC-10001402,181.68,0.0037340283092572595,93.13163444075886,B
APAC_FUR-FU-10002722,181.656,0.003733535042637807,93.1353679758015,B
APAC_OFF-LA-10000425,181.5852,0.0037320799061104203,93.13910005570762,B
EMEA_OFF-AVE-10001473,181.44,0.003729095643062732,93.14282915135068,B
US_OFF-AR-10004648,181.35,0.003727245893239784,93.14655639724393,B
APAC_TEC-CO-10002788,181.3266,0.003726764958285818,93.15028316220221,B
Africa_OFF-BOS-10002558,181.26,0.003725396143416836,93.15400855834564,B
EMEA_OFF-KRA-10003816,181.236,0.003724902876797384,93.15773346122243,B
APAC_OFF-PA-10000127,181.2,0.0037241629768682044,93.1614576241993,B
EU_OFF-PA-10000850,181.2,0.0037241629768682044,93.16518178717617,B
EMEA_OFF-BOS-10002705,181.17,0.0037235463935938887,93.16890533356975,B
LATAM_OFF-PA-10002473,181.12,0.0037225187548033624,93.17262785232455,B
US_OFF-AP-10001492,181.02,0.0037204634772223092,93.17634831580177,B
US_OFF-AP-10000828,180.98,0.003719641366189888,93.18006795716796,B
APAC_FUR-CH-10004049,180.915,0.0037183054357622035,93.18378626260373,B
LATAM_TEC-PH-10003177,180.752,0.0037149553333050865,93.18750121793704,B
APAC_FUR-FU-10001343,180.72,0.00371429764447915,93.19121551558152,B
APAC_OFF-EN-10002784,180.6,0.003711831311381886,93.1949273468929,B
APAC_FUR-CH-10000110,180.6,0.003711831311381886,93.19863917820427,B
EU_OFF-EN-10004895,180.225,0.003704124020452937,93.20234330222473,B
LATAM_OFF-EN-10000755,180.18,0.0037031991455414633,93.20604650137028,B
LATAM_OFF-AP-10002223,180.18,0.0037031991455414633,93.20974970051583,B
Africa_TEC-CIS-10001122,180.141,0.003702397587284852,93.21345209810312,B
Africa_FUR-HAR-10000334,180.12,0.003701965978992831,93.21715406408211,B
Africa_TEC-CIS-10000436,180.024,0.0036999929125150197,93.22085405699463,B
US_TEC-MA-10003337,179.991,0.0036993146709132733,93.22455337166554,B
EU_OFF-PA-10003455,179.88,0.0036970333127983035,93.22825040497834,B
EU_OFF-SU-10004627,179.85,0.0036964167295239878,93.23194682170787,B
LATAM_OFF-ST-10003409,179.48,0.0036888122024740914,93.23563563391033,B
APAC_OFF-SU-10001087,179.412,0.003687414613718975,93.23932304852406,B
US_OFF-BI-10000977,179.35999999999999,0.003686345869376827,93.24300939439344,B
APAC_FUR-BO-10003078,179.352,0.003686181447170344,93.2466955758406,B
EU_OFF-BI-10004448,179.28,0.003684701647311985,93.25038027748792,B
EU_OFF-BI-10002674,179.22,0.0036834684807633532,93.25406374596868,B
EU_OFF-BI-10003763,179.052,0.003680015614427184,93.2577437615831,B
APAC_OFF-PA-10001944,178.74,0.003673603148374299,93.26141736473147,B
EU_OFF-EN-10001979,178.65,0.003671753398551351,93.26508911813002,B
US_TEC-AC-10001284,178.622,0.003671177920828656,93.26876029605084,B
EU_OFF-FA-10003463,178.56,0.003669903648728403,93.27243019969957,B
LATAM_OFF-PA-10000677,178.54,0.003669492593212192,93.27609969229279,B
APAC_OFF-FA-10001838,178.35479999999998,0.003665686219132082,93.27976537851193,B
APAC_OFF-SU-10003544,178.32,0.0036649709825338755,93.28343034949445,B
EMEA_OFF-FEL-10001792,178.29,0.0036643543992595593,93.28709470389371,B
LATAM_FUR-TA-10000245,178.248,0.0036634911826755167,93.29075819507639,B
Canada_OFF-GRE-10001059,178.2,0.0036625046494366117,93.29442069972583,B
APAC_OFF-PA-10004054,178.02,0.0036588051497907165,93.29807950487563,B
APAC_OFF-FA-10002015,178.01999999999998,0.0036588051497907156,93.30173831002543,B
APAC_OFF-PA-10003784,178.01639999999998,0.0036587311597977975,93.30539704118523,B
EMEA_FUR-CHR-10000888,177.96,0.0036575719832420846,93.30905461316847,B
LATAM_OFF-AR-10000655,177.72,0.003652639317047557,93.31270725248552,B
US_OFF-ST-10000129,177.648,0.0036511595171891983,93.31635841200271,B
LATAM_OFF-AR-10000422,177.6,0.003650172983950293,93.32000858498667,B
US_OFF-LA-10003498,177.6,0.003650172983950293,93.32365875797062,B
LATAM_FUR-CH-10003559,177.492,0.003647953284162756,93.32730671125478,B
APAC_OFF-PA-10004968,177.4872,0.0036478546308388654,93.33095456588562,B
LATAM_OFF-FA-10001427,177.46,0.0036472955953368194,93.33460186148096,B
Africa_FUR-DEF-10000810,177.45000000000002,0.0036470900675787143,93.33824895154854,B
LATAM_TEC-PH-10003254,177.36,0.0036452403177557663,93.34189419186629,B
LATAM_OFF-EN-10000084,177.3,0.003644007151207134,93.3455381990175,B
EU_OFF-SU-10002419,177.3,0.003644007151207134,93.3491822061687,B
EU_OFF-FA-10004175,177.165,0.003641232526472712,93.35282343869518,B
Africa_OFF-ACM-10000777,177.12,0.0036403076515612387,93.35646374634675,B
LATAM_OFF-AP-10001797,177.12,0.0036403076515612387,93.36010405399831,B
EU_TEC-PH-10003774,176.88,0.003635374985366711,93.36373942898368,B
EU_TEC-MA-10001825,176.81400000000002,0.0036340185021632165,93.36737344748585,B
APAC_TEC-CO-10000601,176.76,0.003632908652269447,93.37100635613811,B
APAC_TEC-AC-10000354,176.6808,0.003631280872425253,93.37463763701054,B
APAC_FUR-TA-10003637,176.4,0.003625509652977656,93.37826314666351,B
EU_TEC-AC-10004520,176.4,0.003625509652977656,93.38188865631649,B
LATAM_OFF-FA-10000194,176.352,0.0036245231197387503,93.38551317943623,B
APAC_OFF-ST-10004183,176.175,0.0036208852784202867,93.38913406471465,B
EMEA_OFF-SME-10001745,176.148,0.003620330353473402,93.39275439506812,B
US_OFF-ST-10000760,176.148,0.003620330353473402,93.3963747254216,B
LATAM_FUR-TA-10003079,176.144,0.00362024814237016,93.39999497356396,B
EU_FUR-TA-10003030,176.1435,0.0036202378659822548,93.40361521142995,B
US_OFF-AR-10002956,176.08,0.0036189327647182866,93.40723414419467,B
EMEA_TEC-APP-10001340,176.04,0.0036181106536858653,93.41085225484836,B
Africa_TEC-OKI-10000616,175.95,0.0036162609038629173,93.41446851575223,B
APAC_FUR-CH-10002188,175.92,0.003615644320588601,93.41808416007282,B
Africa_TEC-OKI-10003433,175.83,0.0036137945707656535,93.42169795464359,B
LATAM_OFF-AR-10001659,175.8,0.003613177987491338,93.42531113263108,B
EU_OFF-BI-10000081,175.76999999999998,0.0036125614042170208,93.42892369403529,B
EU_TEC-MA-10004452,175.725,0.003611636529305548,93.43253533056459,B
US_TEC-AC-10001772,175.67000000000002,0.003610506126635969,93.43614583669122,B
Africa_FUR-RUB-10001094,175.44,0.003605778988199546,93.43975161567943,B
Africa_OFF-BOS-10000363,175.32,0.0036033126551022828,93.44335492833453,B
Africa_TEC-KON-10001507,175.29,0.0036026960718279666,93.44695762440635,B
US_TEC-AC-10004864,175.248,0.0036018328552439244,93.45055945726159,B
LATAM_OFF-PA-10004020,175.216,0.0036011751664179878,93.45416063242801,B
LATAM_OFF-PA-10001516,175.2,0.0036008463220050186,93.45776147875002,B
EMEA_OFF-BOS-10002472,174.96,0.003595913655810492,93.46135739240583,B
EU_OFF-AP-10003912,174.906,0.003594803805916723,93.46495219621174,B
APAC_OFF-SU-10002649,174.84,0.0035934473227132277,93.46854564353445,B
APAC_OFF-AR-10000120,174.7728,0.00359206617617876,93.47213770971064,B
US_TEC-AC-10000171,174.724,0.0035910632007192063,93.47572877291135,B
Africa_TEC-MOT-10003366,174.66,0.003589747823067332,93.47931852073442,B
EMEA_TEC-SAN-10001899,174.43800000000002,0.003585185106837395,93.48290370584127,B
EMEA_TEC-SAM-10003538,174.34199999999998,0.003583212040359583,93.48648691788162,B
LATAM_TEC-MA-10001305,174.24,0.0035811156572269093,93.49006803353885,B
LATAM_OFF-SU-10001515,174.096,0.003578156057510193,93.49364618959636,B
LATAM_OFF-BI-10003503,174.03199999999998,0.003576840679858319,93.49722303027622,B
US_OFF-EN-10002504,173.952,0.003575196457793476,93.500798226734,B
US_TEC-PH-10004896,173.942,0.0035749909300353713,93.50437321766404,B
US_FUR-BO-10004709,173.94,0.00357494982448375,93.50794816748852,B
EMEA_OFF-KLE-10004771,173.88,0.0035737166579351185,93.51152188414646,B
EU_TEC-MA-10003079,173.82,0.003572483491386486,93.51509436763784,B
EU_OFF-EN-10002789,173.61,0.003568167408466275,93.5186625350463,B
EU_OFF-AR-10000079,173.46,0.0035650844920946953,93.5222276195384,B
Africa_TEC-MOT-10001088,173.46,0.0035650844920946953,93.5257927040305,B
APAC_OFF-EN-10004744,173.4108,0.003564073295524817,93.52935677732602,B
EU_FUR-FU-10002502,173.394,0.0035637280088912002,93.5329205053349,B
APAC_OFF-LA-10003381,173.367,0.0035631730839443152,93.53648367841885,B
US_FUR-FU-10003975,173.24,0.0035605628814163784,93.54004424130027,B
US_FUR-FU-10001185,173.208,0.0035599051925904414,93.54360414649285,B
US_OFF-BI-10000474,173.12400000000002,0.0035581787594223574,93.54716232525227,B
LATAM_OFF-PA-10000915,173.06799999999998,0.003557027803976967,93.55071935305625,B
EMEA_TEC-HP -10002307,172.89,0.0035533694098826923,93.55427272246614,B
LATAM_OFF-ST-10004382,172.56799999999998,0.0035467514160717013,93.5578194738822,B
EU_OFF-ST-10002151,172.368,0.0035426408609095955,93.56136211474312,B
EMEA_TEC-STA-10004834,172.368,0.0035426408609095955,93.56490475560403,B
US_FUR-TA-10004442,172.11,0.0035373382447504787,93.56844209384879,B
US_TEC-AC-10004001,171.96,0.003534255328378899,93.57197634917716,B
EU_OFF-BI-10002799,171.9,0.003533022161830267,93.575509371339,B
EU_OFF-EN-10003936,171.78,0.003530555828733003,93.57903992716773,B
APAC_OFF-FA-10000197,171.7065,0.0035290451997109294,93.58256897236744,B
EMEA_FUR-IKE-10003576,171.69,0.0035287060789100555,93.58609767844635,B
LATAM_OFF-PA-10004501,171.64,0.0035276784401195287,93.58962535688647,B
EU_OFF-AP-10002128,171.558,0.0035259931125030653,93.59315134999898,B
LATAM_FUR-FU-10000516,171.5,0.0035248010515060548,93.59667615105049,B
LATAM_FUR-BO-10000148,171.396,0.0035226635628217593,93.60019881461331,B
EMEA_OFF-ROG-10001101,171.36,0.003521923662892581,93.6037207382762,B
LATAM_OFF-EN-10004183,171.36,0.003521923662892581,93.60724266193908,B
EU_OFF-LA-10004737,171.36,0.003521923662892581,93.61076458560197,B
APAC_TEC-CO-10000847,171.288,0.003520443863034222,93.61428502946501,B
LATAM_OFF-ST-10002632,171.288,0.003520443863034222,93.61780547332805,B
EMEA_FUR-BUS-10004475,171.27,0.003520073913069633,93.62132554724111,B
LATAM_FUR-FU-10004013,171.24,0.0035194573297953166,93.62484500457091,B
US_OFF-AP-10001962,171.156,0.003517730896627232,93.62836273546755,B
APAC_OFF-SU-10000411,171.0345,0.0035152337343662523,93.63187796920191,B
EU_FUR-FU-10003910,170.952,0.0035135381303618837,93.63539150733227,B
EMEA_OFF-GLO-10003639,170.748,0.003509345364096535,93.63890085269637,B
LATAM_OFF-PA-10004421,170.7,0.0035083588308576297,93.64240921152722,B
EMEA_FUR-DAN-10001557,170.7,0.0035083588308576297,93.64591757035808,B
EMEA_OFF-HAM-10003628,170.64,0.0035071256643089974,93.6494246960224,B
EU_TEC-AC-10002289,170.55,0.0035052759144860502,93.65292997193689,B
APAC_FUR-FU-10001322,170.424,0.0035026862647339237,93.65643265820162,B
Africa_FUR-IKE-10003262,170.34,0.003500959831565839,93.6599336180332,B
Canada_FUR-IKE-10003262,170.34,0.003500959831565839,93.66343457786476,B
Africa_OFF-BOS-10001348,170.28900000000002,0.003499911639999502,93.66693448950477,B
Africa_TEC-EPS-10001644,170.289,0.003499911639999501,93.67043440114477,B
APAC_OFF-PA-10003455,170.286,0.0034998499816720698,93.67393425112644,B
EMEA_FUR-IKE-10002509,170.28,0.0034997266650172065,93.67743397779145,B
EU_OFF-SU-10001633,170.28,0.0034997266650172065,93.68093370445646,B
Africa_FUR-SAF-10000545,170.19,0.0034978769151942594,93.68443158137165,B
EMEA_FUR-SAF-10000545,170.19,0.0034978769151942594,93.68792945828685,B
LATAM_OFF-EN-10000338,170.10000000000002,0.0034960271653713118,93.69142548545221,B
APAC_OFF-SU-10002732,170.1,0.0034960271653713113,93.69492151261758,B
EMEA_TEC-SHA-10004151,170.04,0.003494793998822679,93.69841630661641,B
Africa_OFF-ROG-10001340,169.92,0.0034923276657254157,93.70190863428213,B
EU_OFF-AR-10002672,169.82999999999998,0.0034904779159024677,93.70539911219804,B
EU_OFF-PA-10001686,169.8,0.0034898613326281524,93.70888897353066,B
APAC_FUR-FU-10003451,169.725,0.003488319874442362,93.7123772934051,B
Africa_TEC-SAM-10001013,169.68,0.003487394999530888,93.71586468840462,B
LATAM_OFF-BI-10004195,169.68,0.003487394999530888,93.71935208340415,B
Africa_OFF-KIT-10001899,169.5,0.003483695499884993,93.72283577890403,B
LATAM_OFF-AP-10002364,169.5,0.003483695499884993,93.72631947440391,B
LATAM_FUR-CH-10001114,169.488,0.0034834488665752665,93.72980292327048,B
APAC_FUR-CH-10004163,169.44,0.0034824623333363607,93.73328538560382,B
APAC_OFF-AR-10000387,169.4235,0.003482123212535487,93.73676750881636,B
Africa_OFF-AME-10004759,169.38,0.0034812291667877288,93.74024873798315,B
LATAM_OFF-SU-10004316,169.236,0.0034782695670710125,93.74372700755022,B
LATAM_TEC-MA-10003251,169.2,0.003477529667141833,93.74720453721736,B
APAC_FUR-CH-10002410,169.092,0.0034753099673542963,93.75067984718471,B
LATAM_OFF-BI-10004177,169.076,0.0034749811229413275,93.75415482830765,B
Africa_FUR-DAN-10001875,168.81,0.0034695140845757266,93.75762434239222,B
EU_OFF-LA-10004058,168.75,0.0034682809180270942,93.76109262331025,B
APAC_FUR-FU-10004074,168.6825,0.0034668936056598838,93.76455951691591,B
APAC_OFF-EN-10004422,168.63,0.003465814584929831,93.76802533150084,B
APAC_TEC-CO-10002587,168.6,0.0034651980016555148,93.77149052950249,B
APAC_TEC-AC-10002014,168.6,0.0034651980016555148,93.77495572750414,B
APAC_OFF-LA-10004488,168.216,0.003457305735744271,93.77841303323989,B
EMEA_TEC-SAM-10001843,168.12,0.0034553326692664597,93.78186836590915,B
EU_OFF-BI-10001754,168.12,0.0034553326692664597,93.78532369857841,B
EMEA_OFF-BIC-10001211,168.036,0.0034536062360983758,93.7887773048145,B
APAC_OFF-SU-10003651,168.0,0.0034528663361691964,93.79223017115068,B
US_OFF-EN-10003001,167.96,0.003452044225136775,93.79568221537582,B
US_OFF-PA-10000565,167.94,0.0034516331696205645,93.79913384854544,B
EMEA_OFF-STO-10004910,167.94,0.0034516331696205645,93.80258548171506,B
Africa_FUR-SAF-10004525,167.94,0.0034516331696205645,93.80603711488467,B
US_FUR-FU-10001934,167.84,0.003449577892039512,93.80948669277672,B
EMEA_FUR-HON-10003593,167.82,0.0034491668365233003,93.81293585961323,B
LATAM_FUR-CH-10004478,167.82,0.0034491668365233003,93.81638502644975,B
LATAM_OFF-PA-10004155,167.772,0.0034481803032843953,93.81983320675303,B
EU_OFF-LA-10000604,167.7,0.003446700503426037,93.82327990725646,B
US_OFF-AP-10002495,167.535,0.003443309295417299,93.82672321655188,B
APAC_FUR-CH-10000373,167.34,0.003439301504134246,93.83016251805601,B
EU_OFF-BI-10000880,167.25,0.003437451754311298,93.83359996981032,B
EMEA_TEC-EPS-10002711,167.1,0.0034343688379397186,93.83703433864827,B
EMEA_TEC-SAM-10003205,166.92,0.0034306693382938225,93.84046500798657,B
US_OFF-AP-10004980,166.848,0.0034291895384354655,93.843894197525,B
APAC_TEC-PH-10003723,166.83,0.003428819588470876,93.84732301711347,B
EU_TEC-PH-10002312,166.83,0.003428819588470876,93.85075183670193,B
APAC_OFF-SU-10000427,166.8,0.0034282030051965597,93.85418003970713,B
LATAM_FUR-CH-10004920,166.74399999999997,0.003427052049751169,93.85760709175688,B
Africa_FUR-SAU-10002642,166.68,0.0034257366720992955,93.86103282842897,B
APAC_TEC-MA-10000843,166.68,0.0034257366720992955,93.86445856510107,B
US_OFF-BI-10001460,166.65,0.0034251200888249797,93.8678836851899,B
LATAM_OFF-EN-10003529,166.612,0.0034243390833441794,93.87130802427323,B
APAC_OFF-BI-10004140,166.5888,0.0034238622589453744,93.87473188653217,B
EU_OFF-EN-10004970,166.53,0.003422653755727716,93.87815454028791,B
EMEA_OFF-FEL-10002837,166.50900000000001,0.003422222147435695,93.88157676243534,B
APAC_TEC-MA-10003682,166.5,0.0034220371724534003,93.8849987996078,B
EMEA_OFF-HON-10002389,166.5,0.0034220371724534003,93.88842083678026,B
US_OFF-BI-10002852,166.448,0.0034209684281112525,93.89184180520837,B
APAC_OFF-BI-10004240,166.4316,0.0034206313625879596,93.89526243657096,B
LATAM_OFF-PA-10001708,166.4,0.0034199818948723467,93.89868241846584,B
EU_FUR-FU-10001717,166.32,0.003418337672807504,93.90210075613865,B
APAC_TEC-PH-10000072,166.284,0.003417597772878325,93.90551835391153,B
Africa_OFF-ELD-10000151,166.257,0.0034170428479314407,93.90893539675946,B
LATAM_OFF-AP-10000261,166.244,0.003416775661845904,93.91235217242131,B
APAC_OFF-AR-10004456,166.221,0.003416302948002262,93.9157684753693,B
Africa_OFF-SAN-10000844,166.20000000000002,0.0034158713397102413,93.91918434670902,B
APAC_TEC-PH-10003078,166.176,0.003415378073090788,93.9225997247821,B
APAC_OFF-AP-10001335,166.14,0.0034146381731616085,93.92601436295526,B
Africa_FUR-HON-10001627,166.14,0.0034146381731616085,93.92942900112841,B
EMEA_OFF-SAN-10003226,166.10999999999999,0.0034140215898872924,93.9328430227183,B
LATAM_OFF-PA-10002539,166.1,0.0034138160621291873,93.93625683878044,B
LATAM_OFF-AR-10003914,165.8,0.0034076502293860283,93.93966448900983,B
EMEA_OFF-BOS-10001386,165.696,0.003405512740701733,93.94307000175053,B
APAC_OFF-AR-10003962,165.6726,0.003405031805747766,93.94647503355627,B
APAC_FUR-FU-10002699,165.6516,0.003404600197455745,93.94987963375372,B
APAC_FUR-FU-10003094,165.42,0.003399840174578026,93.9532794739283,B
EU_FUR-CH-10000690,165.414,0.0033997168579231627,93.95667919078623,B
EU_OFF-SU-10004244,165.36,0.0033986070080293945,93.96007779779426,B
LATAM_OFF-BI-10001248,165.12,0.003393674341834867,93.96347147213609,B
US_TEC-PH-10001552,165.048,0.0033921945419765087,93.96686366667807,B
EU_OFF-SU-10003907,165.0,0.0033912080087376037,93.9702548746868,B
US_OFF-ST-10001580,164.78,0.003386686398059287,93.97364156108486,B
EMEA_OFF-BOS-10001511,164.7,0.0033850421759944443,93.97702660326085,B
APAC_OFF-AR-10002747,164.7,0.0033850421759944443,93.98041164543685,B
LATAM_OFF-SU-10004794,164.632,0.003383644587239328,93.98379529002409,B
EMEA_FUR-NOV-10001972,164.46,0.0033801095097999168,93.9871753995339,B
LATAM_TEC-PH-10000693,164.4,0.0033788763432512853,93.99055427587714,B
APAC_OFF-EN-10001975,164.4,0.0033788763432512853,93.9939331522204,B
LATAM_OFF-SU-10001382,164.28,0.0033764100101540215,93.99730956223054,B
APAC_OFF-FA-10002011,164.01,0.003370860760685178,94.00068042299122,B
APAC_OFF-AR-10002340,163.9548,0.0033697262474604367,94.00405014923868,B
LATAM_FUR-FU-10000641,163.92000000000002,0.0033690110108622303,94.00741916024954,B
Africa_FUR-DEF-10001763,163.92,0.00336901101086223,94.0107881712604,B
US_TEC-PH-10002293,163.918,0.0033689699053106093,94.01415714116571,B
EU_OFF-BI-10001568,163.8,0.0033665446777649665,94.01752368584347,B
APAC_OFF-PA-10002514,163.71300000000002,0.003364756586269451,94.02088844242974,B
LATAM_FUR-FU-10003507,163.68,0.0033640783446677027,94.02425252077441,B
US_OFF-SU-10002537,163.68,0.0033640783446677027,94.02761659911909,B
LATAM_OFF-AR-10003031,163.672,0.0033639139224612186,94.03098051304154,B
EMEA_OFF-BIN-10000327,163.62,0.003362845178119071,94.03434335821966,B
APAC_OFF-AP-10004248,163.56,0.003361612011570439,94.03770497023123,B
Africa_TEC-CIS-10004967,163.5,0.0033603788450218075,94.04106534907625,B
LATAM_FUR-BO-10004135,163.44,0.0033591456784731752,94.04442449475472,B
EU_TEC-AC-10002122,163.38,0.0033579125119245433,94.04778240726665,B
Africa_TEC-BEL-10003177,163.38,0.0033579125119245433,94.05114031977858,B
EU_OFF-SU-10001586,163.32,0.0033566793453759115,94.05449699912396,B
Africa_OFF-KLE-10001644,163.32,0.0033566793453759115,94.05785367846933,B
LATAM_OFF-BI-10000325,163.24,0.0033550351233110694,94.06120871359263,B
APAC_OFF-AR-10004780,163.17,0.003353596429004332,94.06456231002164,B
US_OFF-PA-10001776,163.152,0.0033532264790397423,94.06791553650068,B
US_OFF-PA-10003465,163.142,0.0033530209512816368,94.07126855745196,B
EU_OFF-BI-10002128,163.02,0.0033505135126327525,94.07461907096459,B
APAC_OFF-AR-10003582,162.88139999999999,0.0033476648979054125,94.07796673586249,B
LATAM_FUR-CH-10002542,162.864,0.0033473072796063098,94.0813140431421,B
EU_TEC-AC-10000929,162.84,0.003346814012986857,94.08466085715509,B
EMEA_FUR-HON-10002424,162.84,0.003346814012986857,94.08800767116807,B
EU_FUR-FU-10004579,162.837,0.0033467523546594252,94.09135442352273,B
APAC_OFF-ST-10003121,162.837,0.0033467523546594252,94.09470117587739,B
US_OFF-ST-10001505,162.656,0.0033430323022377193,94.09804420817963,B
APAC_OFF-BI-10001266,162.648,0.0033428678800312343,94.10138707605967,B
Africa_OFF-TEN-10000703,162.63,0.003342497930066645,94.10472957398973,B
APAC_TEC-AC-10002688,162.6093,0.003342072487607367,94.10807164647734,B
APAC_OFF-ST-10000210,162.576,0.003341388080172877,94.11141303455751,B
EMEA_OFF-SAN-10004881,162.54,0.0033406481802436975,94.11475368273776,B
APAC_OFF-PA-10002022,162.0111,0.0033297778171175077,94.11808346055487,B
APAC_TEC-AC-10002389,162.0,0.0033295496813060105,94.12141301023618,B
EU_OFF-EN-10004904,162.0,0.0033295496813060105,94.1247425599175,B
US_FUR-CH-10004698,161.96,0.0033287275702735897,94.12807128748777,B
EU_TEC-MA-10000686,161.94,0.003328316514757379,94.13139960400252,B
APAC_TEC-MA-10003975,161.94,0.003328316514757379,94.13472792051728,B
EU_OFF-ST-10004097,161.928,0.0033280698814476526,94.13805599039873,B
Africa_OFF-BIC-10004826,161.91,0.003327699931483063,94.14138369033022,B
APAC_OFF-PA-10000694,161.772,0.0033248636484212095,94.14470855397863,B
Africa_OFF-ACC-10000102,161.76,0.003324617015111483,94.14803317099374,B
LATAM_TEC-AC-10003851,161.704,0.003323466059666094,94.15135663705341,B
EU_OFF-ST-10000875,161.568,0.0033206708821558618,94.15467730793557,B
EU_OFF-EN-10000352,161.52,0.0033196843489169564,94.1579969922845,B
Africa_OFF-STA-10002719,161.44799999999998,0.003318204549058597,94.16131519683356,B
LATAM_FUR-FU-10002486,161.4,0.003317218015819692,94.16463241484938,B
EU_OFF-PA-10004842,161.364,0.0033164781158905128,94.16794889296527,B
LATAM_OFF-EN-10003636,161.352,0.003316231482580787,94.17126512444786,B
APAC_OFF-PA-10001236,161.352,0.003316231482580787,94.17458135593044,B
EMEA_OFF-FEL-10004974,161.28,0.003314751682722429,94.17789610761317,B
EU_TEC-AC-10001243,161.16,0.0033122853496251646,94.18120839296279,B
APAC_TEC-AC-10002543,161.16,0.0033122853496251646,94.18452067831241,B
Africa_TEC-OKI-10003868,161.1,0.0033110521830765323,94.18783173049549,B
LATAM_OFF-BI-10000506,160.992,0.0033088324832889955,94.19114056297877,B
US_TEC-PH-10002844,160.954,0.003308051477808195,94.19444861445658,B
Africa_OFF-CUI-10001670,160.929,0.0033075376584129324,94.19775615211499,B
Africa_OFF-ADV-10004875,160.72799999999998,0.0033034065504750154,94.20105955866546,B
EU_OFF-AR-10004884,160.68,0.0033024200172361105,94.2043619786827,B
APAC_OFF-SU-10003559,160.056,0.003289595085130339,94.20765157376783,B
APAC_FUR-FU-10004778,160.01999999999998,0.0032888551852011593,94.21094042895304,B
LATAM_OFF-AP-10002709,160.0,0.003288444129684949,94.21422887308272,B
US_TEC-PH-10003535,159.984,0.003288115285271981,94.21751698836799,B
US_TEC-AC-10000303,159.96,0.003287622018652528,94.22080461038664,B
US_TEC-AC-10001114,159.96,0.003287622018652528,94.22409223240528,B
EMEA_FUR-ADV-10004395,159.828,0.003284909052245538,94.22737714145752,B
EMEA_OFF-WIL-10000604,159.744,0.0032831826190774533,94.2306603240766,B
APAC_OFF-AP-10000382,159.6,0.003280223019360736,94.23394054709595,B
EMEA_OFF-CAM-10000726,159.456,0.00327726341964402,94.2372178105156,B
US_FUR-FU-10003247,159.448,0.0032770989974375358,94.24049490951305,B
LATAM_FUR-BO-10001276,159.408,0.0032762768864051145,94.24377118639946,B
EU_TEC-PH-10004825,159.354,0.0032751670365113463,94.24704635343596,B
APAC_OFF-EN-10002464,159.12,0.003270357686971682,94.25031671112293,B
APAC_OFF-SU-10001512,159.072,0.003269371153732776,94.25358608227667,B
EU_TEC-AC-10002204,159.0,0.003267891353874418,94.25685397363054,B
EMEA_OFF-WIL-10002233,159.0,0.003267891353874418,94.26012186498441,B
US_OFF-AP-10002765,158.94,0.003266658187325786,94.26338852317174,B
APAC_OFF-PA-10003333,158.94,0.003266658187325786,94.26665518135907,B
LATAM_FUR-FU-10002485,158.884,0.003265507231880396,94.26992068859096,B
EU_FUR-FU-10004462,158.57999999999998,0.003259259188033995,94.27317994777898,B
LATAM_FUR-BO-10004899,158.472,0.003257039488246458,94.27643698726723,B
LATAM_FUR-FU-10003362,158.4,0.0032555596883880994,94.27969254695562,B
APAC_OFF-ST-10003243,158.39999999999998,0.0032555596883880986,94.282948106644,B
US_OFF-PA-10003127,158.28,0.003253093355290836,94.2862011999993,B
LATAM_FUR-FU-10004790,158.24,0.003252271244258415,94.28945347124356,B
LATAM_OFF-LA-10000334,158.152,0.0032504625999870878,94.29270393384355,B
Africa_OFF-XER-10004820,158.04,0.0032481606890963077,94.29595209453265,B
LATAM_FUR-FU-10004474,157.89600000000002,0.0032452010893795923,94.29919729562204,B
LATAM_OFF-PA-10003133,157.824,0.003243721289521234,94.30244101691156,B
APAC_OFF-LA-10004848,157.7685,0.003242580610463749,94.30568359752202,B
APAC_OFF-SU-10001455,157.68,0.0032407616898045177,94.30892435921183,B
Africa_OFF-ACM-10001587,157.68,0.0032407616898045177,94.31216512090164,B
LATAM_OFF-FA-10002991,157.68,0.0032407616898045177,94.31540588259145,B
APAC_OFF-EN-10000296,157.635,0.003239836814893043,94.31864571940635,B
LATAM_OFF-FA-10001727,157.50400000000002,0.0032371444012618644,94.32188286380762,B
APAC_OFF-EN-10001977,157.5,0.0032370621901586217,94.32511992599777,B
EMEA_TEC-ENE-10004052,157.32,0.003233362690512726,94.32835328868828,B
EU_TEC-MA-10001210,157.23,0.003231512940689778,94.33158480162896,B
EU_OFF-AR-10001626,157.07999999999998,0.0032284300243181985,94.33481323165329,B
LATAM_OFF-PA-10002219,157.04,0.0032276079132857773,94.33804083956657,B
Africa_OFF-ACM-10004895,156.94799999999998,0.003225717057911208,94.34126655662449,B
APAC_FUR-FU-10001507,156.87,0.003224113941397987,94.34449067056589,B
Africa_TEC-EPS-10004171,156.816,0.003223004091504218,94.3477136746574,B
APAC_FUR-BO-10003668,156.744,0.0032215242916458606,94.35093519894905,B
EMEA_OFF-SAN-10001295,156.654,0.0032196745418229126,94.35415487349087,B
Africa_OFF-KLE-10003497,156.63,0.0032191812752034596,94.35737405476607,B
LATAM_TEC-PH-10004577,156.528,0.003217084892070785,94.36059113965814,B
LATAM_OFF-EN-10003939,156.4,0.003214454136767037,94.36380559379491,B
US_OFF-ST-10001031,156.288,0.0032121522258762585,94.36701774602078,B
EU_OFF-EN-10000788,156.255,0.0032114739842745103,94.37022922000506,B
EU_FUR-FU-10003651,156.24,0.0032111656926373526,94.37344038569769,B
EMEA_TEC-EPS-10000774,156.24,0.0032111656926373526,94.37665155139032,B
US_FUR-BO-10004409,156.156,0.003209439259469268,94.37986099064979,B
US_FUR-CH-10000553,156.124,0.0032087815706433307,94.38306977222044,B
EU_OFF-EN-10004677,156.06,0.003207466192991457,94.38627723841343,B
EMEA_FUR-SAU-10003694,156.06,0.003207466192991457,94.38948470460642,B
LATAM_TEC-MA-10002722,156.04,0.0032070551374752464,94.3926917597439,B
LATAM_OFF-FA-10003638,155.904,0.003204259959965014,94.39589601970387,B
APAC_FUR-FU-10000918,155.88,0.003203766693345561,94.39909978639722,B
US_OFF-AP-10002472,155.88,0.003203766693345561,94.40230355309056,B
EU_OFF-ST-10002399,155.775,0.003201608651885456,94.40550516174245,B
Africa_OFF-FEL-10002158,155.76,0.0032013003602482976,94.4087064621027,B
EU_OFF-FA-10001113,155.736,0.0032008070936288447,94.41190726919633,B
EMEA_TEC-SAN-10000740,155.568,0.003197354227292676,94.41510462342363,B
EMEA_TEC-KON-10000005,155.358,0.003193038144372464,94.418297661568,B
EMEA_OFF-IBI-10000959,155.34,0.003192668194407875,94.4214903297624,B
US_OFF-LA-10000414,155.25,0.003190818444584927,94.42468114820699,B
APAC_OFF-AR-10001336,155.22,0.0031902018613106115,94.4278713500683,B
Africa_TEC-KON-10000562,155.142,0.0031885987447973895,94.4310599488131,B
LATAM_FUR-FU-10001617,155.0,0.0031856802506322946,94.43424562906374,B
Canada_OFF-BIN-10001715,154.89000000000001,0.0031834194452931364,94.43742904850903,B
LATAM_TEC-AC-10001756,154.872,0.0031830494953285467,94.44061209800437,B
LATAM_OFF-AR-10002486,154.72,0.0031799254734053454,94.44379202347777,B
Africa_OFF-SME-10000538,154.656,0.0031786100957534712,94.44697063357353,B
LATAM_OFF-BI-10002465,154.56,0.003176637029275661,94.4501472706028,B
EU_TEC-AC-10001942,154.5,0.003175403862727029,94.45332267446553,B
Africa_TEC-HP -10004451,154.44,0.0031741706961783966,94.45649684516171,B
EMEA_TEC-BRO-10000663,154.344,0.0031721976297005854,94.4596690427914,B
EMEA_TEC-SAN-10003793,154.308,0.003171457729771407,94.46284050052118,B
EMEA_OFF-SME-10003752,154.11599999999999,0.0031675115968157843,94.466008012118,B
APAC_OFF-PA-10000731,154.0917,0.003167012164363589,94.46917502428236,B
APAC_OFF-LA-10002630,154.0137,0.0031654090478503674,94.47234043333022,B
LATAM_OFF-AR-10003680,153.97199999999998,0.003164551997099068,94.47550498532732,B
APAC_OFF-PA-10004379,153.738,0.0031597426475594038,94.47866472797487,B
EMEA_OFF-WIL-10002153,153.72,0.003159372697594814,94.48182410067247,B
EU_FUR-BO-10001888,153.63,0.003157522947771867,94.48498162362024,B
LATAM_TEC-CO-10002567,153.52452,0.0031553550409793717,94.48813697866122,B
EMEA_OFF-BRE-10000157,153.42,0.0031532068648516555,94.49129018552607,B
Africa_OFF-AVE-10002102,153.39000000000001,0.0031525902815773394,94.49444277580764,B
LATAM_TEC-AC-10004334,153.36,0.003151973698303024,94.49759474950595,B
APAC_OFF-EN-10002522,153.0,0.0031445746990112324,94.50073932420496,B
US_OFF-BI-10000962,152.93800000000002,0.00314330042691098,94.50388262463187,B
Africa_OFF-ELD-10000024,152.82,0.0031408751993653363,94.50702349983123,B
APAC_OFF-PA-10002771,152.772,0.0031398886661264313,94.51016338849736,B
US_OFF-LA-10001474,152.65,0.003137381227477547,94.51330076972484,B
EMEA_OFF-IBI-10000684,152.64000000000001,0.0031371756997194415,94.51643794542456,B
APAC_OFF-BI-10004105,152.4,0.003132243033524914,94.51957018845808,B
EMEA_OFF-SAN-10001634,152.37,0.0031316264502505983,94.52270181490833,B
Canada_OFF-STA-10001636,152.28,0.00312977670042765,94.52583159160876,B
EU_OFF-AP-10002608,152.28,0.00312977670042765,94.5289613683092,B
EU_OFF-BI-10003951,152.25,0.003129160117153334,94.53209052842635,B
APAC_OFF-BI-10000621,152.25,0.003129160117153334,94.5352196885435,B
Africa_TEC-APP-10001732,152.22,0.003128543533879018,94.53834823207738,B
US_OFF-ST-10003455,151.998,0.00312398081764908,94.54147221289503,B
LATAM_TEC-MA-10000772,151.992,0.003123857500994217,94.54459607039603,B
LATAM_FUR-BO-10000268,151.936,0.0031227065455488277,94.54771877694158,B
EMEA_TEC-HEW-10003695,151.932,0.003122624334445585,94.55084140127603,B
APAC_OFF-SU-10000914,151.92,0.0031223777011358585,94.55396377897716,B
EU_OFF-ST-10001173,151.902,0.003122007751171269,94.55708578672834,B
APAC_OFF-SU-10000596,151.74,0.0031186782014899638,94.56020446492983,B
EMEA_FUR-HON-10000339,151.68,0.0031174450349413315,94.56332190996477,B
APAC_OFF-FA-10001152,151.68,0.0031174450349413315,94.56643935499972,B
LATAM_OFF-LA-10004747,151.56,0.003114978701844068,94.56955433370156,B
EMEA_OFF-ACC-10000233,151.5,0.0031137455352954362,94.57266807923686,B
LATAM_TEC-PH-10002218,151.38,0.003111279202198172,94.57577935843906,B
APAC_OFF-AR-10001232,151.1976,0.0031075303758903313,94.57888688881495,B
EMEA_FUR-DEF-10004355,151.10999999999999,0.0031057299527293284,94.58199261876769,B
US_OFF-ST-10001172,151.056,0.0031046201028355606,94.58509723887052,B
US_OFF-EN-10001335,150.97199999999998,0.0031028936696674753,94.58820013254018,B
EU_OFF-LA-10000404,150.93,0.0031020304530834336,94.59130216299326,B
LATAM_OFF-BI-10001254,150.88,0.0031010028142929064,94.59440316580755,B
LATAM_OFF-BI-10000136,150.792,0.00309919417002158,94.59750235997757,B
APAC_OFF-EN-10002140,150.7356,0.003098034993465866,94.60060039497104,B
APAC_FUR-FU-10003826,150.66,0.0030964812036145904,94.60369687617465,B
LATAM_OFF-SU-10002550,150.38400000000001,0.0030908086374908834,94.60678768481215,B
LATAM_OFF-SU-10001722,150.36,0.0030903153708714305,94.60987800018302,B
LATAM_OFF-PA-10000362,150.28,0.003088671148806588,94.61296667133182,B
EMEA_OFF-BOS-10000477,150.192,0.0030868625045352618,94.61605353383635,B
EU_TEC-CO-10003362,150.12,0.0030853827046769034,94.61913891654103,B
LATAM_FUR-FU-10001480,150.1,0.0030849716491606924,94.62222388819019,B
US_TEC-AC-10003063,150.0,0.0030829163715796397,94.62530680456177,B
Africa_OFF-FEL-10001343,150.0,0.0030829163715796397,94.62838972093336,B
APAC_OFF-AR-10001208,149.985,0.003082608079942482,94.63147232901329,B
US_OFF-BI-10004654,149.958,0.0030820531549955975,94.63455438216829,B
EMEA_FUR-SAU-10004221,149.82,0.0030792168719337436,94.63763359904023,B
Africa_FUR-SAU-10004221,149.82,0.0030792168719337436,94.64071281591217,B
APAC_OFF-FA-10003745,149.51999999999998,0.003073051039190584,94.64378586695136,B
US_FUR-FU-10001475,149.464,0.003071900083745195,94.6468577670351,B
EMEA_FUR-SAF-10004173,149.46,0.0030718178726419527,94.64992958490774,B
APAC_OFF-FA-10002539,149.42940000000002,0.0030711889577021505,94.65300077386544,B
EMEA_TEC-SAN-10004885,149.4,0.0030705847060933213,94.65607135857154,B
APAC_FUR-CH-10004447,149.34,0.0030693515395446894,94.65914071011109,B
US_FUR-FU-10001085,149.2,0.0030664741509312146,94.66220718426202,B
LATAM_OFF-SU-10003126,149.184,0.0030661453065182463,94.66527332956854,B
LATAM_OFF-SU-10001968,149.04,0.00306318570680153,94.66833651527534,B
EMEA_TEC-STA-10001407,149.04,0.00306318570680153,94.67139970098215,B
EMEA_FUR-SAF-10000607,148.98,0.0030619525402528977,94.6744616535224,B
EMEA_FUR-HAR-10002632,148.98,0.0030619525402528977,94.67752360606265,B
EU_FUR-CH-10001663,148.968,0.0030617059069431712,94.6805853119696,B
Africa_OFF-BIN-10000712,148.944,0.0030612126403237187,94.68364652460991,B
APAC_TEC-CO-10003522,148.932,0.0030609660070139923,94.68670749061693,B
Africa_FUR-SAF-10002400,148.92,0.003060719373704266,94.68976820999063,B
EMEA_FUR-SAF-10002400,148.92,0.003060719373704266,94.69282892936434,B
EMEA_TEC-BRO-10002103,148.74,0.003057019874058371,94.6958859492384,B
US_FUR-FU-10004909,148.672,0.0030556222853032546,94.6989415715237,B
APAC_OFF-SU-10003085,148.5,0.0030520872078638435,94.70199365873157,B
Canada_OFF-TEN-10003948,148.5,0.0030520872078638435,94.70504574593943,B
EU_OFF-BI-10000308,148.5,0.0030520872078638435,94.70809783314729,B
APAC_OFF-AR-10001525,148.47,0.003051470624589527,94.71114930377188,B
APAC_FUR-CH-10004306,148.32,0.0030483877082179475,94.7141976914801,B
US_TEC-AC-10000710,148.32,0.0030483877082179475,94.71724607918831,B
EMEA_TEC-HEW-10000930,148.32,0.0030483877082179475,94.72029446689653,B
LATAM_OFF-AR-10003096,148.224,0.0030464146417401366,94.72334088153828,B
EU_OFF-EN-10004051,148.14000000000001,0.0030446882085720522,94.72638556974685,B
LATAM_OFF-PA-10004849,148.0,0.003041810819958578,94.72942738056682,B
EU_OFF-PA-10003359,147.96,0.0030409887089261566,94.73246836927575,B
EU_OFF-BI-10002040,147.888,0.0030395089090677983,94.73550787818482,B
EU_OFF-LA-10003233,147.84,0.003038522375828893,94.73854640056065,B
APAC_OFF-PA-10004994,147.78480000000002,0.003037387862604152,94.74158378842326,B
EMEA_OFF-CAR-10000202,147.69,0.003035439459457313,94.74461922788271,B
APAC_OFF-EN-10003391,147.4767,0.0030310555523769267,94.74765028343509,B
LATAM_OFF-SU-10000705,147.476,0.0030310411654338593,94.75068132460052,B
Africa_OFF-WIL-10002772,147.45,0.0030305067932627854,94.75371183139379,B
APAC_OFF-LA-10002939,147.42000000000002,0.00302989020998847,94.75674172160377,B
Africa_FUR-SAU-10003795,147.3,0.0030274238768912064,94.75976914548066,B
Africa_OFF-CAM-10002625,147.24,0.0030261907103425745,94.762795336191,B
APAC_OFF-BI-10003367,147.18,0.0030249575437939426,94.7658202937348,B
Africa_TEC-CAN-10004354,147.15,0.0030243409605196264,94.76884463469533,B
Africa_FUR-HAR-10002288,147.09,0.0030231077939709946,94.77186774248929,B
EU_OFF-FA-10001551,147.06900000000002,0.0030226761856789737,94.77489041867497,B
EU_OFF-BI-10001833,147.0,0.003021258044148047,94.77791167671911,B
LATAM_TEC-AC-10004289,146.96,0.0030204359331156257,94.78093211265222,B
EMEA_TEC-HEW-10001056,146.88,0.003018791711050783,94.78395090436328,B
Africa_OFF-AVE-10004909,146.85,0.003018175127776467,94.78696907949106,B
APAC_OFF-BI-10003468,146.8233,0.0030176263686623257,94.78998670585972,B
US_OFF-PA-10002499,146.82,0.003017558544502151,94.79300426440422,B
Africa_FUR-SAU-10000209,146.76,0.0030163253779535194,94.79602058978217,B
EU_OFF-PA-10003424,146.745,0.003016017086316362,94.79903660686848,B
EU_TEC-PH-10004152,146.7,0.003015092211404887,94.80205169907988,B
LATAM_FUR-FU-10001791,146.61,0.00301324246158194,94.80506494154146,B
EMEA_TEC-APP-10001108,146.52,0.0030113927117589923,94.80807633425322,B
APAC_FUR-FU-10000514,146.508,0.003011146078449266,94.81108748033166,B
Africa_TEC-LOG-10000546,146.4,0.0030089263786617286,94.81409640671032,B
US_OFF-EN-10001453,146.352,0.0030079398454228227,94.81710434655574,B
Africa_FUR-RUB-10001717,146.34,0.0030076932121130963,94.82011203976785,B
Canada_FUR-SAU-10002540,146.28,0.003006460045564465,94.82311849981342,B
Africa_TEC-MOT-10004345,146.1,0.0030027605459185687,94.82612126035934,B
Africa_TEC-MOT-10004136,145.98,0.003000294212821305,94.82912155457217,B
EMEA_TEC-MOT-10004136,145.98,0.003000294212821305,94.832121848785,B
APAC_TEC-MA-10003486,145.86,0.0029978278797240417,94.83511967666472,B
EU_OFF-EN-10004775,145.695,0.0029944366717153037,94.83811411333643,B
LATAM_OFF-SU-10003485,145.6,0.002992484158013303,94.84110659749444,B
APAC_OFF-PA-10001086,145.53,0.0029910454637065665,94.84409764295815,B
APAC_OFF-PA-10004185,145.4649,0.0029897074780013007,94.84708735043615,B
APAC_OFF-BI-10001808,145.4112,0.0029886037939402753,94.85007595423009,B
EU_FUR-CH-10003026,145.35,0.002987345964060671,94.85306330019415,B
LATAM_FUR-FU-10004139,145.32,0.0029867293807863547,94.85605002957493,B
LATAM_OFF-FA-10003892,145.312,0.0029865649585798706,94.8590365945335,B
APAC_OFF-SU-10002161,145.2,0.002984263047689091,94.8620208575812,B
US_FUR-FU-10001889,145.17600000000002,0.002983769781069639,94.86500462736227,B
EU_OFF-PA-10000300,145.17,0.002983646464414775,94.86798827382668,B
LATAM_OFF-FA-10003911,145.08,0.0029817967145918277,94.87097007054128,B
LATAM_OFF-AR-10004772,144.93599999999998,0.0029788371148751105,94.87394890765616,B
Africa_OFF-BIC-10002722,144.918,0.0029784671649105213,94.87692737482107,B
LATAM_OFF-SU-10003739,144.9,0.002978097214945932,94.87990547203601,B
EMEA_TEC-LOG-10001137,144.9,0.002978097214945932,94.88288356925096,B
APAC_OFF-FA-10001057,144.738,0.002974767665264626,94.88585833691623,B
EU_OFF-SU-10003456,144.6,0.0029719313822027726,94.88883026829843,B
LATAM_OFF-FA-10003022,144.56,0.0029711092711703514,94.8918013775696,B
Africa_OFF-BIN-10000327,144.531,0.002970513240671846,94.89477189081028,B
EMEA_OFF-STA-10001895,144.48000000000002,0.0029694650491055093,94.89774135585938,B
EU_OFF-FA-10004734,144.333,0.0029664437910613605,94.90070779965045,B
EMEA_TEC-BRO-10003986,144.33,0.0029663821327339294,94.90367418178319,B
LATAM_FUR-FU-10004787,144.2,0.00296371027187856,94.90663789205507,B
Africa_TEC-CAN-10004166,144.18,0.0029632992163623494,94.90960119127143,B
Africa_OFF-CAR-10004408,144.0,0.0029595997167164542,94.91256079098815,B
Africa_FUR-DAN-10001993,143.97,0.002958983133442138,94.91551977412159,B
APAC_OFF-ST-10004464,143.91,0.002957749966893506,94.91847752408849,B
APAC_OFF-ST-10000948,143.8608,0.0029567387703236282,94.92143426285881,B
Africa_OFF-STA-10003803,143.64000000000001,0.0029522007174246634,94.92438646357624,B
EU_FUR-FU-10004640,143.64,0.0029522007174246625,94.92733866429367,B
LATAM_FUR-TA-10001595,143.616,0.0029517074508052105,94.93029037174448,B
EMEA_TEC-NOK-10004183,143.48399999999998,0.00294899448439822,94.93323936622888,B
EMEA_FUR-OFF-10001125,143.4,0.0029472680512301354,94.9361866342801,B
LATAM_FUR-TA-10000789,143.36,0.0029464459401977146,94.9391330802203,B
LATAM_OFF-EN-10004537,143.36,0.0029464459401977146,94.9420795261605,B
EU_OFF-FA-10004709,143.352,0.00294628151799123,94.94502580767849,B
EU_TEC-AC-10001032,143.325,0.0029457265930443455,94.94797153427153,B
APAC_OFF-BI-10004369,143.325,0.0029457265930443455,94.95091726086457,B
EU_TEC-PH-10004772,143.22,0.00294356855158424,94.95386082941616,B
EU_OFF-BI-10003642,143.22,0.00294356855158424,94.95680439796774,B
EMEA_TEC-MOT-10001178,143.13,0.0029417188017612918,94.95974611676951,B
Africa_TEC-MOT-10001178,143.13,0.0029417188017612918,94.96268783557127,B
Africa_FUR-DEF-10000346,143.13,0.0029417188017612918,94.96562955437304,B
US_OFF-BI-10002082,143.10399999999998,0.002941184429590218,94.96857073880263,B
APAC_TEC-AC-10004406,143.1,0.002941102218486976,94.97151184102111,B
Africa_TEC-MEM-10000919,143.1,0.002941102218486976,94.9744529432396,B
Africa_OFF-ACC-10004182,143.04,0.002939869051938344,94.97739281229154,B
US_TEC-AC-10001266,143.0,0.0029390469409059233,94.98033185923245,B
Africa_OFF-ROG-10001399,142.968,0.002938389252079986,94.98327024848453,B
LATAM_OFF-PA-10003982,142.92000000000002,0.002937402718841081,94.98620765120337,B
Africa_FUR-HON-10000191,142.92,0.0029374027188410804,94.98914505392221,B
EMEA_TEC-BRO-10001293,142.89,0.0029367861355667642,94.99208184005778,B
US_TEC-AC-10002217,142.88,0.0029365806078086596,94.99501842066559,B
Africa_FUR-BUS-10002192,142.83,0.0029355529690181332,94.99795397363461,B
EMEA_OFF-SAN-10002015,142.8,0.002934936385743817,95.00088891002035,C
US_TEC-AC-10004595,142.8,0.002934936385743817,95.00382384640609,C
APAC_OFF-AR-10001405,142.8,0.002934936385743817,95.00675878279183,C
EMEA_OFF-GLO-10003463,142.74,0.002933703219195185,95.00969248601103,C
LATAM_FUR-TA-10003539,142.688,0.002932634474853037,95.0126251204859,C
Africa_FUR-BAR-10003465,142.623,0.002931298544425353,95.01555641903032,C
APAC_OFF-BI-10003309,142.6035,0.0029308977652970475,95.01848731679561,C
APAC_OFF-LA-10002180,142.56,0.0029300037195492895,95.02141732051517,C
LATAM_OFF-SU-10001750,142.5,0.0029287705530006577,95.02434609106817,C
APAC_OFF-AP-10002882,142.44,0.002927537386452026,95.02727362845462,C
APAC_OFF-EN-10000454,142.3614,0.002925921938273318,95.0301995503929,C
EU_OFF-FA-10002017,142.35000000000002,0.0029256876366290786,95.03312523802953,C
LATAM_OFF-LA-10002068,142.296,0.002924577786735309,95.03604981581626,C
EMEA_OFF-ACC-10004008,142.272,0.0029240845201158566,95.03897390033637,C
LATAM_OFF-BI-10002799,142.272,0.0029240845201158566,95.04189798485649,C
EU_OFF-LA-10002964,142.2,0.002922604720257498,95.04482058957674,C
Africa_OFF-TEN-10001129,142.11599999999999,0.0029208782870894135,95.04774146786383,C
Africa_OFF-HAM-10001712,142.08,0.002920138387160235,95.05066160625098,C
APAC_FUR-FU-10004464,142.02,0.002918905220611603,95.0535805114716,C
APAC_OFF-EN-10003435,141.984,0.002918165320682424,95.05649867679227,C
APAC_TEC-AC-10003416,141.9,0.0029164388875143393,95.05941511567978,C
EU_OFF-FA-10003505,141.9,0.0029164388875143393,95.0623315545673,C
APAC_OFF-BI-10002708,141.71699999999998,0.0029126777295410116,95.06524423229683,C
APAC_OFF-AR-10001518,141.7044,0.002912418764565799,95.0681566510614,C
EMEA_OFF-JIF-10000165,141.696,0.0029122461212489907,95.07106889718266,C
US_FUR-FU-10000023,141.36,0.002905340388576653,95.07397423757124,C
EMEA_FUR-HAR-10002697,141.354,0.0029052170719217896,95.07687945464316,C
US_OFF-BI-10004728,141.226,0.002902586316618041,95.07978204095978,C
APAC_FUR-CH-10000438,141.192,0.002901887522240483,95.08268392848203,C
EU_OFF-BI-10003899,141.15,0.002901024305656441,95.08558495278768,C
EMEA_FUR-RUB-10002507,141.12,0.002900407722382125,95.08848536051006,C
LATAM_OFF-AR-10000481,140.95999999999998,0.0028971192782524394,95.09138247978832,C
EMEA_FUR-OFF-10004824,140.952,0.0028969548560459557,95.09427943464436,C
Africa_TEC-CAN-10001378,140.94,0.0028967082227362296,95.0971761428671,C
Africa_OFF-TEN-10003127,140.934,0.0028965849060813664,95.10007272777318,C
LATAM_TEC-MA-10001832,140.76,0.0028930087230903336,95.10296573649627,C
US_TEC-AC-10004510,140.696,0.00289169334543846,95.1058574298417,C
LATAM_TEC-AC-10004620,140.5,0.002887665001379596,95.10874509484309,C
LATAM_FUR-FU-10004596,140.448,0.0028865962570374486,95.11163169110013,C
EU_TEC-PH-10002419,140.403,0.002885671382125974,95.11451736248226,C
US_OFF-LA-10001074,140.33599999999998,0.002884294346146668,95.1174016568284,C
APAC_OFF-SU-10002027,140.28900000000002,0.0028833283656835742,95.12028498519409,C
US_OFF-AR-10004042,140.244,0.0028824034907721,95.12316738868486,C
US_OFF-SU-10002573,140.24,0.002882321279668858,95.12604970996453,C
Africa_OFF-AVE-10003740,140.07,0.002878827307781067,95.12892853727232,C
US_OFF-BI-10000309,140.024,0.002877881880093783,95.13180641915241,C
US_TEC-AC-10003289,139.93,0.002875949919167593,95.13468236907158,C
APAC_OFF-SU-10004589,139.872,0.0028747578581705827,95.13755712692975,C
EMEA_OFF-ELI-10003911,139.872,0.0028747578581705827,95.14043188478792,C
APAC_TEC-MA-10000354,139.86,0.0028745112248608562,95.14330639601278,C
APAC_OFF-BI-10000854,139.86,0.0028745112248608562,95.14618090723764,C
EU_OFF-EN-10003373,139.85999999999999,0.002874511224860856,95.1490554184625,C
LATAM_OFF-LA-10002609,139.84,0.0028741001693446456,95.15192951863185,C
LATAM_OFF-AP-10000569,139.8,0.0028732780583122243,95.15480279669016,C
Africa_OFF-KIT-10001040,139.8,0.0028732780583122243,95.15767607474848,C
LATAM_FUR-FU-10000936,139.688,0.0028709761474214443,95.1605470508959,C
LATAM_OFF-SU-10000378,139.684,0.0028708939363182025,95.16341794483222,C
EU_OFF-SU-10002429,139.68,0.0028708117252149606,95.16628875655744,C
LATAM_OFF-ST-10004800,139.68,0.0028708117252149606,95.16915956828265,C
EU_OFF-SU-10000255,139.56,0.002868345392117697,95.17202791367477,C
US_TEC-AC-10000682,139.356,0.0028641526258523483,95.17489206630061,C
Africa_TEC-NOK-10001219,139.35,0.002864029309197485,95.17775609560981,C
LATAM_TEC-CO-10004649,139.18856,0.002860711269070633,95.18061680687887,C
LATAM_TEC-AC-10003294,139.1,0.0028588911152448524,95.18347569799411,C
EMEA_OFF-HOO-10001248,139.08,0.0028584800597286422,95.18633417805384,C
APAC_OFF-BI-10001326,139.062,0.0028581101097640525,95.18919228816361,C
US_OFF-FA-10002280,139.0,0.0028568358376637997,95.19204912400127,C
EU_OFF-PA-10004200,138.9,0.0028547805600827466,95.19490390456136,C
EU_OFF-EN-10004150,138.804,0.0028528074936049353,95.19775671205497,C
LATAM_OFF-LA-10003955,138.72,0.0028510810604368505,95.20060779311541,C
APAC_OFF-PA-10003405,138.651,0.002849662918905924,95.20345745603431,C
APAC_TEC-AC-10002881,138.6,0.0028486147273395867,95.20630607076166,C
EMEA_OFF-AME-10004651,138.6,0.0028486147273395867,95.209154685489,C
EMEA_TEC-CIS-10001122,138.57,0.002847998144065271,95.21200268363306,C
APAC_OFF-FA-10004664,138.528,0.0028471349274812284,95.21484981856054,C
APAC_TEC-AC-10001835,138.4488,0.0028455071476370347,95.21769532570818,C
LATAM_FUR-FU-10002829,138.4,0.002844504172177481,95.22053982988035,C
EU_TEC-AC-10002218,138.3,0.002842448894596428,95.22338227877495,C
Africa_OFF-ROG-10003300,138.24,0.002841215728047796,95.226223494503,C
US_TEC-PH-10004614,138.0,0.0028362830618532684,95.22905977756486,C
Canada_TEC-APP-10002321,137.94,0.0028350498953046365,95.23189482746017,C
APAC_TEC-AC-10004252,137.916,0.0028345566286851836,95.23472938408885,C
EMEA_TEC-SAM-10000765,137.88,0.0028338167287560046,95.2375632008176,C
LATAM_TEC-MA-10001922,137.68,0.0028297061735938988,95.2403929069912,C
APAC_TEC-MA-10003796,137.655,0.002829192354198635,95.2432220993454,C
EMEA_OFF-OIC-10003366,137.51999999999998,0.0028264177294642133,95.24604851707487,C
Canada_OFF-FEL-10001261,137.31,0.002822101646544002,95.24887061872141,C
APAC_OFF-SU-10003665,137.268,0.0028212384299599598,95.25169185715137,C
US_FUR-FU-10003724,137.268,0.0028212384299599598,95.25451309558133,C
EMEA_FUR-SAF-10003745,137.16,0.0028190187301724225,95.25733211431151,C
EU_OFF-BI-10002986,137.16,0.0028190187301724225,95.26015113304169,C
Africa_FUR-SAF-10003745,137.16,0.0028190187301724225,95.26297015177187,C
APAC_OFF-EN-10001136,137.16,0.0028190187301724225,95.26578917050205,C
EU_FUR-CH-10001150,137.136,0.0028185254635529696,95.2686076959656,C
APAC_FUR-BO-10002300,137.088,0.002817538930314064,95.27142523489591,C
LATAM_OFF-ST-10002574,137.004,0.0028158124971459793,95.27424104739306,C
Africa_OFF-BIN-10001621,136.81199999999998,0.0028118663641903572,95.27705291375725,C
US_FUR-BO-10000362,136.784,0.0028112908864676624,95.27986420464372,C
APAC_TEC-AC-10003753,136.6605,0.0028087526186550624,95.28267295726236,C
APAC_OFF-AR-10000720,136.6365,0.00280825935203561,95.2854812166144,C
APAC_TEC-PH-10000841,136.59,0.00280730364796042,95.28828852026236,C
EMEA_TEC-NOK-10003743,136.59,0.00280730364796042,95.29109582391031,C
APAC_FUR-FU-10002223,136.566,0.002806810381340967,95.29390263429165,C
EU_TEC-MA-10004482,136.5525,0.002806532918867525,95.29670916721052,C
US_FUR-TA-10001691,136.464,0.002804713998208293,95.29951388120872,C
APAC_OFF-BI-10004454,136.374,0.002802864248385345,95.3023167454571,C
US_OFF-PA-10001593,136.344,0.002802247665111029,95.30511899312222,C
LATAM_OFF-AR-10000347,136.28,0.0028009322874591553,95.30791992540968,C
LATAM_TEC-AC-10003081,136.22400000000002,0.0027997813320137658,95.3107197067417,C
EU_OFF-SU-10001690,136.2,0.002799288065394313,95.31351899480708,C
Africa_FUR-OFF-10003703,136.14,0.0027980548988456805,95.31631704970593,C
APAC_OFF-BI-10004553,136.0896,0.00279701903894483,95.31911406874488,C
EMEA_OFF-ELD-10002207,136.08,0.002796821732297049,95.32191089047718,C
APAC_OFF-FA-10004523,135.9162,0.002793455187619284,95.3247043456648,C
US_OFF-BI-10003676,135.828,0.0027916424327927955,95.3274959880976,C
Africa_OFF-GRE-10002109,135.72,0.002789422733005258,95.3302854108306,C
LATAM_FUR-FU-10000975,135.648,0.0027879429331468994,95.33307335376375,C
LATAM_OFF-PA-10004313,135.6,0.002786956399907994,95.33586031016365,C
LATAM_TEC-CO-10000222,135.57856,0.0027865157483946165,95.33864682591205,C
LATAM_OFF-AP-10002439,135.48,0.0027844900668107303,95.34143131597887,C
Africa_OFF-SAN-10003393,135.324,0.002781283833784288,95.34421259981265,C
EU_OFF-AP-10004749,135.135,0.002777399359156097,95.34698999917181,C
APAC_OFF-ST-10002066,135.1182,0.0027770540725224804,95.34976705324434,C
APAC_FUR-FU-10002362,135.09,0.0027764744842446237,95.35254352772859,C
US_OFF-PA-10001363,135.07999999999998,0.0027762689564865177,95.35531979668507,C
EU_OFF-ST-10001091,135.0,0.0027746247344216757,95.3580944214195,C
APAC_OFF-AP-10000043,134.9829,0.0027742732819553153,95.36086869470145,C
LATAM_OFF-PA-10003708,134.912,0.002772816090150349,95.36364151079161,C
APAC_OFF-PA-10000776,134.91,0.0027727749845987276,95.3664142857762,C
EMEA_OFF-BIN-10003089,134.88,0.002772158401324412,95.36918644417753,C
LATAM_OFF-AR-10001694,134.72,0.002768869957194727,95.37195531413472,C
EMEA_OFF-ACC-10003713,134.64,0.0027672257351298844,95.37472253986985,C
Africa_OFF-BOS-10001386,134.628,0.002766979101820158,95.37748951897167,C
EMEA_OFF-TEN-10004194,134.61,0.002766609151855569,95.38025612812353,C
EU_OFF-FA-10002759,134.60999999999999,0.0027666091518555682,95.3830227372754,C
Africa_OFF-IBI-10000099,134.46,0.002763526235483989,95.38578626351088,C
LATAM_OFF-BI-10004908,134.316,0.0027605666357672725,95.38854683014665,C
LATAM_TEC-AC-10000336,134.3,0.002760237791354304,95.391307067938,C
Africa_OFF-TEN-10000827,134.13,0.0027567438194665136,95.39406381175746,C
APAC_OFF-FA-10002790,134.1,0.0027561272361921975,95.39681993899366,C
LATAM_OFF-BI-10003372,134.064,0.0027553873362630185,95.39957532632992,C
US_FUR-FU-10004245,133.848,0.0027509479366879443,95.40232627426661,C
Africa_FUR-DEF-10002865,133.836,0.002750701303378218,95.40507697557,C
EU_OFF-FA-10000179,133.8,0.002749961403449039,95.40782693697345,C
LATAM_TEC-AC-10003668,133.728,0.0027484816035906806,95.41057541857704,C
EU_OFF-BI-10003650,133.65,0.002746878487077459,95.41332229706411,C
LATAM_OFF-PA-10002488,133.584,0.002745522003873964,95.41606781906799,C
US_OFF-BI-10003291,133.56900000000002,0.0027452137122368062,95.41881303278022,C
LATAM_FUR-BO-10004935,133.44,0.0027425624041572476,95.42155559518437,C
US_FUR-FU-10002045,133.38,0.0027413292376086153,95.42429692442198,C
APAC_OFF-LA-10000950,133.38,0.0027413292376086153,95.42703825365959,C
LATAM_FUR-CH-10003874,133.272,0.002739109537821078,95.42977736319742,C
EMEA_OFF-STO-10000924,133.2,0.0027376297379627197,95.43251499293538,C
Africa_FUR-HON-10000722,133.11,0.0027357799881397725,95.43525077292352,C
US_OFF-EN-10002500,132.912,0.002731710538529287,95.43798248346205,C
US_OFF-PA-10001295,132.79,0.002729203099880402,95.44071168656193,C
EMEA_TEC-SAN-10000260,132.768,0.0027287509388125705,95.44344043750074,C
Africa_OFF-STA-10001747,132.765,0.002728689280485139,95.44616912678123,C
EU_OFF-BI-10001804,132.6,0.0027252980724764013,95.4488944248537,C
LATAM_OFF-FA-10000300,132.58800000000002,0.0027250514391666757,95.45161947629288,C
LATAM_OFF-PA-10001178,132.58,0.0027248870169601907,95.45434436330984,C
EMEA_FUR-SAF-10002121,132.48,0.0027228317393791376,95.45706719504922,C
APAC_OFF-LA-10000322,132.48,0.0027228317393791376,95.4597900267886,C
LATAM_OFF-AR-10003794,132.464,0.0027225028949661692,95.46251252968356,C
LATAM_OFF-EN-10001476,132.352,0.0027202009840753896,95.46523273066764,C
EMEA_OFF-TEN-10002065,132.336,0.0027198721396624217,95.4679526028073,C
APAC_OFF-AR-10000603,132.3,0.0027191322397332423,95.47067173504703,C
APAC_OFF-PA-10000383,132.288,0.002718885606423516,95.47339062065346,C
APAC_OFF-PA-10003407,132.1893,0.0027168570474510167,95.47610747770091,C
EU_FUR-FU-10004604,132.111,0.0027152477651050514,95.47882272546602,C
LATAM_FUR-TA-10004584,132.108,0.0027151861067776202,95.4815379115728,C
EU_OFF-SU-10004452,132.0,0.002712966406990083,95.48425087797979,C
LATAM_OFF-FA-10000475,131.92000000000002,0.002711322184925241,95.48696220016471,C
EU_OFF-FA-10004878,131.88,0.002710500073892819,95.4896727002386,C
LATAM_OFF-BI-10001362,131.84,0.002709677962860398,95.49238237820146,C
LATAM_OFF-AP-10001617,131.8,0.002708855851827977,95.49509123405328,C
APAC_OFF-AR-10003461,131.7624,0.002708083067457501,95.49779931712074,C
EU_OFF-EN-10002873,131.76,0.0027080337407955554,95.50050735086154,C
LATAM_OFF-AR-10002115,131.76,0.0027080337407955554,95.50321538460234,C
APAC_OFF-PA-10002109,131.72459999999998,0.002707306172531862,95.50592269077488,C
US_OFF-PA-10001166,131.712,0.0027070472075566496,95.50862973798243,C
LATAM_OFF-AR-10002055,131.692,0.0027066361520404394,95.51133637413447,C
Africa_FUR-SAU-10002540,131.652,0.0027058140410080177,95.51404218817548,C
APAC_FUR-CH-10003341,131.64,0.0027055674076982912,95.51674775558318,C
APAC_OFF-AR-10001850,131.6388,0.002705542744367319,95.51945329832755,C
LATAM_OFF-BI-10003883,131.3,0.0026985794639227114,95.52215187779147,C
US_OFF-BI-10004233,131.118,0.0026948388587251944,95.5248467166502,C
APAC_OFF-FA-10003833,131.1156,0.0026947895320632493,95.52754150618226,C
APAC_OFF-SU-10004846,131.1,0.0026944689087606047,95.53023597509102,C
Africa_TEC-MOT-10002372,131.07,0.002693852325486289,95.53292982741651,C
APAC_OFF-ST-10004857,131.0496,0.002693433048859754,95.53562326046537,C
US_FUR-FU-10003142,130.94400000000002,0.0026912626757341625,95.53831452314111,C
APAC_TEC-AC-10000873,130.94400000000002,0.0026912626757341625,95.54100578581685,C
EMEA_FUR-TEN-10000296,130.944,0.002691262675734162,95.54369704849259,C
APAC_OFF-FA-10003782,130.851,0.002689351267583783,95.54638639976017,C
LATAM_OFF-PA-10003832,130.72,0.0026866588539526033,95.54907305861411,C
APAC_OFF-SU-10000738,130.698,0.0026862066928847717,95.551759265307,C
US_TEC-AC-10004396,130.68,0.0026858367429201824,95.55444510204993,C
Africa_OFF-STI-10002716,130.68,0.0026858367429201824,95.55713093879285,C
APAC_TEC-MA-10001267,130.68,0.0026858367429201824,95.55981677553578,C
Africa_FUR-HON-10000344,130.62,0.00268460357637155,95.56250137911215,C
APAC_OFF-FA-10001596,130.62,0.00268460357637155,95.56518598268852,C
LATAM_TEC-PH-10001575,130.62,0.00268460357637155,95.56787058626489,C
EMEA_OFF-BIC-10003680,130.61700000000002,0.002684541918044119,95.57055512818293,C
US_FUR-FU-10001940,130.54399999999998,0.0026830415654099495,95.57323816974834,C
LATAM_OFF-EN-10003675,130.536,0.0026828771432034658,95.57592104689154,C
LATAM_OFF-FA-10002895,130.508,0.002682301665480771,95.57860334855702,C
EMEA_OFF-ENE-10004132,130.44,0.0026809040767256545,95.58128425263375,C
EU_OFF-SU-10004279,130.41,0.0026802874934513383,95.5839645401272,C
EMEA_OFF-STO-10000347,130.32,0.0026784377436283907,95.58664297787082,C
APAC_OFF-AP-10000490,130.23,0.002676587993805443,95.58931956586463,C
LATAM_OFF-AR-10001833,130.152,0.0026749848772922215,95.59199455074192,C
Africa_OFF-SAN-10004881,130.032,0.0026725185441949582,95.59466706928612,C
LATAM_OFF-ST-10003164,130.0,0.0026718608553690207,95.59733893014149,C
LATAM_TEC-MA-10001403,129.84,0.002668572411239336,95.60000750255273,C
US_OFF-PA-10001685,129.792,0.0026675858780004303,95.60267508843073,C
EMEA_OFF-FIS-10002924,129.696,0.0026656128115226194,95.60534070124226,C
EU_OFF-LA-10004007,129.6,0.0026636397450448086,95.6080043409873,C
LATAM_OFF-AP-10003979,129.32,0.00265788496781786,95.61066222595512,C
EU_TEC-PH-10004827,129.285,0.0026571656206644916,95.61331939157579,C
APAC_FUR-FU-10000556,129.276,0.0026569806456821967,95.61597637222147,C
US_OFF-PA-10004156,129.276,0.0026569806456821967,95.61863335286715,C
APAC_OFF-LA-10000506,129.20999999999998,0.002655624162478701,95.62128897702962,C
APAC_OFF-LA-10000624,129.129,0.0026539593876380484,95.62394293641727,C
EU_OFF-LA-10002733,129.12,0.002653774412655754,95.62659671082992,C
Africa_TEC-ENE-10003125,129.06,0.002652541246107122,95.62924925207602,C
APAC_OFF-FA-10004398,129.06,0.002652541246107122,95.63190179332213,C
EU_OFF-EN-10004491,129.0,0.0026513080795584902,95.63455310140169,C
APAC_FUR-CH-10004365,129.0,0.0026513080795584902,95.63720440948126,C
APAC_OFF-FA-10004027,128.9358,0.002649988591351454,95.63985439807261,C
APAC_OFF-FA-10001304,128.93040000000002,0.0026498776063620774,95.64250427567897,C
APAC_OFF-BI-10001904,128.925,0.0026497666213727003,95.64515404230035,C
LATAM_OFF-SU-10000130,128.90800000000002,0.0026494172241839213,95.64780345952452,C
US_FUR-FU-10002703,128.9,0.002649252801977437,95.6504527123265,C
LATAM_OFF-EN-10004560,128.82,0.0026476085799125946,95.6531003209064,C
US_OFF-AR-10004602,128.744,0.002646046568950994,95.65574636747536,C
US_OFF-BI-10000014,128.738,0.002645923252296131,95.65839229072766,C
EMEA_TEC-HP -10004451,128.7,0.002645142246815331,95.66103743297448,C
LATAM_OFF-FA-10000509,128.6,0.0026430869692342777,95.66368051994371,C
LATAM_OFF-ST-10001598,128.576,0.0026425937026148248,95.66632311364633,C
US_OFF-ST-10002486,128.43200000000002,0.002639634102898109,95.66896274774922,C
US_OFF-BI-10003364,128.348,0.002637907669730024,95.67160065541896,C
EMEA_OFF-GLO-10003429,128.34,0.0026377432475235395,95.67423839866647,C
APAC_OFF-EN-10002757,128.304,0.0026370033475943606,95.67687540201408,C
EMEA_FUR-HAR-10001144,128.22,0.002635276914426276,95.67951067892851,C
LATAM_OFF-LA-10000413,128.16,0.002634043747877644,95.68214472267638,C
APAC_OFF-SU-10002547,128.0745,0.0026322864855458437,95.68477700916193,C
APAC_OFF-BI-10003784,128.043,0.002631639073107812,95.68740864823504,C
EMEA_TEC-HEW-10002501,127.968,0.0026300976149220222,95.69003874584996,C
US_FUR-FU-10001967,127.936,0.002629439926096085,95.69266818577606,C
APAC_OFF-LA-10003971,127.92599999999999,0.0026292343983379796,95.6952974201744,C
Canada_OFF-IBI-10003191,127.8,0.0026266447485858526,95.69792406492299,C
APAC_OFF-PA-10001720,127.62899999999999,0.0026231302239222523,95.70054719514691,C
APAC_OFF-BI-10002335,127.5855,0.002622236178174494,95.70316943132508,C
APAC_TEC-AC-10000218,127.584,0.0026222053490107785,95.70579163667409,C
LATAM_OFF-SU-10002169,127.53999999999999,0.002621301026875115,95.70841293770097,C
Canada_OFF-SME-10004370,127.47,0.002619862332568378,95.71103280003354,C
EU_OFF-BI-10004903,127.35000000000001,0.002617395999471114,95.713650196033,C
LATAM_OFF-AP-10003610,127.33600000000001,0.0026171082606097668,95.71626730429361,C
EU_FUR-FU-10000388,127.26,0.0026155462496481666,95.71888285054325,C
EU_OFF-EN-10000927,127.25999999999999,0.002615546249648166,95.7214983967929,C
US_OFF-ST-10001328,127.18199999999999,0.0026139431331349446,95.72411233992604,C
US_OFF-AR-10000658,127.05000000000001,0.0026112301667279548,95.72672357009276,C
US_OFF-PA-10004101,127.00800000000001,0.0026103669501439126,95.72933393704291,C
APAC_OFF-FA-10000577,126.8586,0.002607296365437819,95.73194123340835,C
US_TEC-PH-10002807,126.56,0.0026011593065807946,95.73454239271493,C
LATAM_OFF-BI-10000517,126.54,0.002600748251064584,95.737143140966,C
EU_OFF-BI-10001622,126.48,0.002599515084515952,95.73974265605051,C
EU_FUR-FU-10001775,126.45,0.002598898501241636,95.74234155455176,C
EU_OFF-SU-10004818,126.45,0.002598898501241636,95.744940453053,C
EMEA_FUR-BAR-10004553,126.348,0.002596802118108962,95.74753725517111,C
LATAM_OFF-BI-10000827,126.148,0.002592691562946856,95.75012994673406,C
LATAM_OFF-EN-10004989,126.0,0.002589649752126897,95.75271959648619,C
EMEA_TEC-NOK-10000784,126.0,0.002589649752126897,95.75530924623831,C
EU_OFF-EN-10004303,125.895,0.0025874917106667914,95.75789673794898,C
EU_TEC-CO-10003525,125.85,0.0025865668357553176,95.76048330478474,C
EU_TEC-AC-10003920,125.82,0.0025859502524810014,95.76306925503722,C
EMEA_TEC-HP -10001426,125.73,0.002584100502658054,95.76565335553988,C
EU_OFF-EN-10001202,125.39999999999999,0.0025773180866405783,95.76823067362652,C
US_OFF-SU-10004664,125.35600000000001,0.0025764137645049156,95.77080708739102,C
LATAM_OFF-AP-10001049,125.22,0.002573618586994683,95.77338070597801,C
EMEA_OFF-FIS-10001797,125.10000000000001,0.0025711522538974197,95.7759518582319,C
EU_OFF-SU-10003252,125.1,0.0025711522538974193,95.7785230104858,C
EU_FUR-FU-10001760,124.93799999999999,0.002567822704216113,95.78109083319002,C
LATAM_OFF-PA-10000108,124.92000000000002,0.002567452754251524,95.78365828594427,C
APAC_OFF-PA-10000318,124.92,0.0025674527542515237,95.78622573869852,C
Africa_FUR-BUS-10003055,124.86,0.0025662195877028922,95.78879195828623,C
Africa_OFF-SME-10000520,124.8,0.00256498642115426,95.79135694470737,C
APAC_OFF-EN-10001789,124.7841,0.0025646596320188725,95.79392160433939,C
US_FUR-FU-10000260,124.58599999999998,0.0025605881271308062,95.79648219246651,C
LATAM_OFF-ST-10001590,124.52000000000001,0.0025592316439273116,95.79904142411044,C
EMEA_TEC-NOK-10003034,124.44,0.0025575874218624686,95.8015990115323,C
EMEA_TEC-SHA-10004658,124.41,0.0025569708385881533,95.80415598237089,C
EMEA_FUR-IKE-10000619,124.41,0.0025569708385881533,95.80671295320947,C
US_OFF-ST-10000876,124.4,0.002556765310830048,95.8092697185203,C
Africa_TEC-HP -10001905,124.29,0.0025545045054908896,95.8118242230258,C
EU_OFF-SU-10002357,124.28999999999999,0.002554504505490889,95.81437872753129,C
EMEA_OFF-KLE-10000050,124.28999999999999,0.002554504505490889,95.81693323203679,C
EMEA_OFF-ROG-10001549,124.26,0.002553887922216574,95.819487119959,C
APAC_OFF-LA-10000615,124.07249999999999,0.0025500342767520987,95.82203715423576,C
US_OFF-PA-10003823,123.92,0.0025468999784409928,95.8245840542142,C
US_OFF-PA-10003625,123.92,0.0025468999784409928,95.82713095419264,C
LATAM_OFF-AR-10001738,123.912,0.002546735556234509,95.82967768974888,C
Africa_OFF-BOS-10004950,123.84,0.0025452557563761503,95.83222294550525,C
US_OFF-PA-10003022,123.80000000000001,0.0025444336453437294,95.83476737915059,C
LATAM_OFF-AR-10003179,123.776,0.002543940378724276,95.83731131952932,C
EU_OFF-FA-10002248,123.75,0.0025434060065532027,95.83985472553587,C
APAC_OFF-SU-10002909,123.74549999999999,0.0025433135190620552,95.84239803905493,C
APAC_OFF-EN-10004053,123.72,0.0025427894232788865,95.8449408284782,C
EU_FUR-CH-10004047,123.66,0.002541556256730255,95.84748238473493,C
APAC_TEC-PH-10002570,123.6534,0.0025414206084099053,95.85002380534334,C
APAC_OFF-EN-10004938,123.624,0.0025408163568010757,95.85256462170014,C
APAC_FUR-FU-10002804,123.48,0.0025378567570843594,95.85510247845723,C
US_OFF-PA-10000380,123.43199999999999,0.0025368702238454536,95.85763934868108,C
EMEA_OFF-CAR-10004229,123.42,0.0025366235905357275,95.8601759722716,C
LATAM_OFF-ST-10000718,123.34,0.002534979368470885,95.86271095164008,C
LATAM_OFF-ST-10001335,123.332,0.0025348149462644004,95.86524576658634,C
LATAM_OFF-SU-10000198,123.328,0.0025347327351611586,95.8677804993215,C
LATAM_OFF-BI-10000816,123.24,0.002532924090889832,95.87031342341238,C
LATAM_OFF-SU-10000926,123.2,0.0025321019798574106,95.87284552539224,C
EU_TEC-AC-10004379,123.12,0.002530457757792568,95.87537598315002,C
US_TEC-PH-10000923,122.918,0.002526306097078841,95.8779022892471,C
LATAM_OFF-ST-10000442,122.88,0.0025255250915980406,95.8804278143387,C
Africa_OFF-SME-10001149,122.64,0.002520592425403513,95.8829484067641,C
Africa_OFF-BRE-10003081,122.58,0.0025193592588548816,95.88546776602296,C
Africa_FUR-RUB-10002817,122.49,0.0025175095090319336,95.88798527553199,C
LATAM_FUR-CH-10001191,122.28,0.0025131934261117222,95.8904984689581,C
Africa_OFF-FEL-10001792,122.256,0.0025127001594922697,95.89301116911759,C
Africa_TEC-KON-10002034,122.25,0.0025125768428374065,95.89552374596042,C
Africa_OFF-ELD-10000967,122.22,0.0025119602595630904,95.89803570621999,C
US_OFF-BI-10004209,122.208,0.002511713626253364,95.90054741984623,C
EMEA_OFF-SAN-10003368,122.1,0.0025094939264658266,95.9030569137727,C
US_OFF-AP-10000358,122.012,0.0025076852821945,95.9055645990549,C
APAC_OFF-SU-10001573,121.716,0.0025016016605545824,95.90806620071545,C
APAC_FUR-BO-10004917,121.59,0.002499012010802456,95.91056521272625,C
APAC_OFF-PA-10003943,121.563,0.0024984570858555717,95.9130636698121,C
Africa_OFF-CAR-10001471,121.518,0.0024975322109440975,95.91556120202304,C
APAC_OFF-PA-10004673,121.512,0.0024974088942892347,95.91805861091733,C
APAC_OFF-SU-10001848,121.44,0.0024959290944308763,95.92055454001176,C
APAC_OFF-ST-10000016,121.40700000000001,0.002495250852829129,95.9230497908646,C
EMEA_TEC-OKI-10004199,121.32,0.0024934627613336126,95.92554325362593,C
APAC_OFF-SU-10000207,121.275,0.0024925378864221388,95.92803579151236,C
APAC_OFF-AR-10002575,121.248,0.0024919829614752542,95.93052777447383,C
LATAM_OFF-ST-10001066,121.22,0.0024914074837525594,95.93301918195759,C
LATAM_OFF-EN-10003832,121.2,0.002490996428236349,95.93551017838583,C
EMEA_OFF-CAR-10002031,121.2,0.002490996428236349,95.93800117481406,C
EU_OFF-BI-10001639,121.2,0.002490996428236349,95.9404921712423,C
EU_OFF-BI-10003277,121.2,0.002490996428236349,95.94298316767053,C
APAC_OFF-FA-10002360,121.089,0.00248871507012138,95.94547188274065,C
Canada_FUR-DAN-10002314,121.05,0.0024879135118647693,95.94795979625252,C
Africa_TEC-PAN-10001172,121.02,0.002487296928590453,95.95044709318111,C
US_OFF-ST-10000777,120.832,0.002483433006738073,95.95293052618786,C
APAC_OFF-BI-10004597,120.816,0.002483104162325105,95.95541363035018,C
US_FUR-CH-10004853,120.784,0.0024824464734991684,95.95789607682367,C
APAC_OFF-AR-10002105,120.5787,0.002478226988625266,95.9603743038123,C
EU_OFF-BI-10004028,120.50999999999999,0.0024768150129270824,95.96285111882523,C
US_OFF-PA-10000575,120.42,0.002474965263104135,95.96532608408833,C
Africa_OFF-ADV-10004598,120.42,0.002474965263104135,95.96780104935144,C
LATAM_OFF-LA-10001634,120.4,0.002474554207587924,95.97027560355903,C
Canada_TEC-OKI-10003221,120.06,0.0024675662638123435,95.97274316982285,C
EU_OFF-ST-10003111,120.0,0.0024663330972637116,95.97520950292011,C
EMEA_OFF-BRE-10002706,119.94,0.0024650999307150798,95.97767460285083,C
US_TEC-PH-10003988,119.9,0.002464277819682659,95.98013888067051,C
US_TEC-AC-10001956,119.9,0.002464277819682659,95.98260315849019,C
EU_OFF-ST-10000154,119.88,0.002463866764166448,95.98506702525435,C
APAC_OFF-SU-10003688,119.808,0.00246238696430809,95.98752941221866,C
EMEA_OFF-ROG-10003300,119.80799999999999,0.0024623869643080895,95.98999179918297,C
LATAM_OFF-PA-10003475,119.64,0.002458934097971921,95.99245073328095,C
EU_OFF-LA-10000519,119.625,0.0024586258063347627,95.99490935908729,C
EU_OFF-BI-10001192,119.61,0.0024583175146976046,95.99736767660198,C
LATAM_OFF-AP-10000528,119.56,0.0024572898759070783,95.99982496647789,C
APAC_OFF-AR-10002797,119.54249999999999,0.0024569302023303937,96.00228189668022,C
APAC_OFF-ST-10000078,119.52,0.002456467764874657,96.00473836444509,C
LATAM_FUR-CH-10003514,119.472,0.002455481231635751,96.00719384567672,C
EU_OFF-PA-10003920,119.34,0.0024527682652287614,96.00964661394195,C
US_OFF-PA-10000143,119.328,0.002452521631919035,96.01209913557388,C
Africa_TEC-SAN-10002684,119.25,0.0024509185154058134,96.01455005408928,C
APAC_OFF-FA-10004910,119.2485,0.0024508876862420976,96.01700094177552,C
EMEA_OFF-AME-10000244,119.196,0.0024498086655120447,96.01945075044104,C
Africa_OFF-GRE-10001774,119.16,0.0024490687655828658,96.02189981920662,C
US_FUR-FU-10004018,119.12,0.0024482466545504445,96.02434806586118,C
US_OFF-ST-10000136,119.1,0.0024478355990342334,96.0267959014602,C
LATAM_OFF-PA-10002303,119.04,0.0024466024324856024,96.02924250389269,C
US_OFF-EN-10001532,118.86,0.0024429029328397064,96.03168540682553,C
EMEA_OFF-STO-10000923,118.80000000000001,0.002441669766291075,96.03412707659182,C
US_OFF-BI-10001922,118.80000000000001,0.002441669766291075,96.0365687463581,C
US_TEC-PH-10000141,118.782,0.0024412998163264848,96.03901004617443,C
LATAM_OFF-SU-10004650,118.72,0.002440025544226232,96.04145007171866,C
LATAM_FUR-FU-10004888,118.72,0.002440025544226232,96.04389009726289,C
EU_OFF-EN-10003669,118.71,0.002439820016468127,96.04632991727935,C
EU_TEC-AC-10001791,118.68,0.002439203433193811,96.04876912071255,C
EMEA_FUR-SAF-10001949,118.656,0.0024387101665743582,96.05120783087912,C
LATAM_OFF-FA-10004931,118.62,0.002437970266645179,96.05364580114576,C
LATAM_OFF-AR-10002096,118.3,0.0024313933783858092,96.05607719452415,C
EU_OFF-FA-10003730,118.26,0.002430571267353388,96.0585077657915,C
LATAM_OFF-SU-10004095,118.24,0.002430160211837177,96.06093792600335,C
APAC_OFF-SU-10002135,118.224,0.0024298313674242086,96.06336775737077,C
EMEA_TEC-SHA-10004184,118.2,0.002429338100804756,96.06579709547158,C
LATAM_TEC-AC-10003970,118.08,0.0024268717677074923,96.06822396723929,C
APAC_OFF-FA-10001045,117.9816,0.002424849374567736,96.07064881661385,C
LATAM_TEC-AC-10000086,117.96,0.0024244054346102286,96.07307322204846,C
US_TEC-PH-10004897,117.882,0.002422802318097007,96.07549602436656,C
EU_OFF-PA-10001523,117.75,0.0024200893516900172,96.07791611371825,C
Africa_FUR-SAF-10003540,117.72,0.002419472768415701,96.08033558648665,C
APAC_OFF-EN-10004958,117.6,0.0024170064353184373,96.08275259292198,C
US_OFF-LA-10001569,117.528,0.0024155266354600794,96.08516811955744,C
EMEA_OFF-BIC-10002403,117.432,0.002413553568982268,96.08758167312642,C
EU_TEC-PH-10004882,117.396,0.002412813669053089,96.08999448679548,C
US_OFF-ST-10001325,117.376,0.0024124026135368785,96.09240688940902,C
APAC_OFF-AR-10001278,117.3312,0.0024114818491805666,96.0948183712582,C
APAC_OFF-BI-10001028,117.24719999999999,0.0024097554160124822,96.09722812667421,C
EMEA_FUR-SAU-10002540,117.024,0.002405168036451572,96.09963329471066,C
EU_OFF-BI-10004722,116.958,0.0024038115532480763,96.10203710626391,C
APAC_FUR-CH-10004065,116.8425,0.0024014377076419604,96.10443854397155,C
APAC_OFF-ST-10000806,116.64,0.0023972757705403277,96.10683581974209,C
APAC_OFF-FA-10001375,116.622,0.0023969058205757384,96.10923272556266,C
LATAM_OFF-SU-10003719,116.584,0.002396124815094938,96.11162885037776,C
LATAM_FUR-FU-10000499,116.472,0.0023938229042041585,96.11402267328197,C
APAC_OFF-FA-10003596,116.397,0.002392281446018369,96.11641495472799,C
EU_FUR-FU-10001252,116.31,0.0023904933545228525,96.11880544808251,C
EMEA_TEC-BEL-10003875,116.31,0.0023904933545228525,96.12119594143704,C
Africa_FUR-ELD-10000301,116.31,0.0023904933545228525,96.12358643479156,C
APAC_OFF-ST-10001173,116.28,0.002389876771248537,96.12597631156281,C
Canada_OFF-ACC-10001281,116.28,0.002389876771248537,96.12836618833406,C
US_OFF-PA-10001725,116.28,0.002389876771248537,96.1307560651053,C
APAC_OFF-FA-10002965,116.28,0.002389876771248537,96.13314594187655,C
LATAM_OFF-BI-10002517,116.16,0.002387410438151273,96.1355333523147,C
US_OFF-EN-10001219,116.128,0.002386752749325336,96.13792010506403,C
LATAM_OFF-FA-10003815,116.10000000000001,0.002386177271602641,96.14030628233563,C
APAC_FUR-CH-10000790,116.04,0.0023849441050540093,96.14269122644069,C
Africa_FUR-HON-10002599,116.04,0.0023849441050540093,96.14507617054575,C
EU_OFF-SU-10004283,116.025,0.002384635813416851,96.14746080635916,C
EU_OFF-ST-10002622,115.992,0.002383957571815104,96.14984476393097,C
Africa_OFF-AVE-10004512,115.983,0.002383772596832809,96.1522285365278,C
EMEA_OFF-BOS-10000557,115.92,0.0023824777719567455,96.15461101429976,C
Africa_FUR-OFF-10000344,115.86,0.0023812446054081136,96.15699225890516,C
EMEA_FUR-HAR-10001089,115.728,0.0023785316390011234,96.15937079054416,C
LATAM_OFF-ST-10004116,115.68,0.0023775451057622184,96.16174833564992,C
LATAM_OFF-AR-10004360,115.584,0.002375572039284407,96.1641239076892,C
US_OFF-BI-10002225,115.584,0.002375572039284407,96.16649947972849,C
Canada_OFF-KRA-10001807,115.56,0.0023750787726649542,96.16887455850114,C
Africa_TEC-EPS-10002212,115.44,0.0023726124395676905,96.17124717094072,C
US_FUR-FU-10000175,115.332,0.002370392739780153,96.1736175636805,C
Africa_OFF-HON-10002456,115.29,0.002369529523196111,96.17598709320369,C
EMEA_OFF-CAM-10004269,115.26,0.002368912939921795,96.17835600614362,C
LATAM_OFF-LA-10001942,115.216,0.0023680086177861317,96.1807240147614,C
APAC_OFF-BI-10003725,115.2,0.0023676797733731634,96.18309169453477,C
Africa_TEC-STA-10001487,115.10999999999999,0.0023658300235502154,96.18545752455832,C
APAC_TEC-PH-10003430,115.0131,0.0023638384595741748,96.18782136301789,C
US_FUR-FU-10004960,114.9,0.002361513940630004,96.19018287695852,C
APAC_OFF-AR-10004009,114.84,0.002360280774081372,96.1925431577326,C
EMEA_TEC-BEL-10002106,114.81,0.002359664190807056,96.1949028219234,C
US_OFF-FA-10004854,114.80000000000001,0.002359458663048951,96.19726228058646,C
EMEA_OFF-FEL-10004117,114.78,0.0023590476075327402,96.19962132819398,C
US_OFF-BI-10003719,114.77,0.0023588420797746347,96.20198017027376,C
APAC_OFF-EN-10000128,114.768,0.002358800974223014,96.20433897124798,C
APAC_FUR-FU-10002972,114.741,0.0023582460492761297,96.20669721729725,C
LATAM_OFF-BI-10001430,114.688,0.0023571567521581713,96.2090543740494,C
Africa_TEC-ENE-10003873,114.66,0.0023565812744354765,96.21141095532384,C
APAC_OFF-AR-10004153,114.648,0.00235633464112575,96.21376728996496,C
LATAM_OFF-ST-10004330,114.464,0.0023525529303766125,96.21611984289534,C
Africa_TEC-ENE-10005000,114.39,0.0023510320249666332,96.2184708749203,C
Africa_OFF-AVE-10000608,114.318,0.002349552225108275,96.22082042714541,C
LATAM_OFF-PA-10000863,114.24,0.0023479491085950533,96.22316837625401,C
EU_OFF-EN-10003448,114.12,0.00234548277549779,96.2255138590295,C
APAC_OFF-EN-10002806,114.0735,0.0023445270714226,96.22785838610093,C
APAC_OFF-ST-10004060,114.0315,0.0023436638548385577,96.23020204995578,C
EU_OFF-BI-10003320,114.00000000000001,0.0023430164424005267,96.23254506639817,C
EMEA_OFF-KIT-10002678,113.952,0.0023420299091616204,96.23488709630733,C
EMEA_OFF-HAM-10000822,113.88,0.002340550109303262,96.23722764641664,C
US_OFF-LA-10001297,113.85,0.0023399335260289463,96.23956757994267,C
APAC_TEC-AC-10002482,113.778,0.0023384537261705884,96.24190603366884,C
APAC_OFF-ST-10003012,113.75999999999999,0.0023380837762059983,96.24424411744505,C
Africa_TEC-SAN-10003336,113.7,0.002336850609657367,96.2465809680547,C
APAC_OFF-PA-10001653,113.64840000000001,0.0023357900864255437,96.24891675814112,C
Africa_OFF-BOS-10002073,113.64,0.002335617443108735,96.25125237558423,C
EU_OFF-AR-10002433,113.52000000000001,0.0023331511100114716,96.25358552669424,C
APAC_OFF-PA-10003390,113.52,0.002333151110011471,96.25591867780425,C
LATAM_OFF-PA-10003774,113.52,0.002333151110011471,96.25825182891425,C
US_OFF-AP-10000692,113.512,0.002332986687804987,96.26058481560206,C
LATAM_OFF-PA-10003838,113.40799999999999,0.0023308491991206916,96.26291566480118,C
US_OFF-PA-10002764,113.4,0.002330684776914208,96.26524634957809,C
LATAM_OFF-SU-10002032,113.38,0.002330273721397997,96.26757662329949,C
LATAM_FUR-FU-10002659,113.36,0.0023298626658817866,96.26990648596538,C
Africa_FUR-ELD-10004994,113.16,0.00232575211071968,96.2722322380761,C
LATAM_OFF-ST-10001172,112.92,0.002320819444525153,96.27455305752062,C
EMEA_OFF-ELD-10001037,112.896,0.0023203261779057,96.27687338369853,C
EMEA_TEC-BRO-10000773,112.872,0.0023198329112862474,96.27919321660981,C
EMEA_TEC-ENE-10000895,112.812,0.002318599744737615,96.28151181635455,C
APAC_OFF-FA-10003897,112.8,0.002318353111427889,96.28383016946599,C
Africa_TEC-MEM-10000723,112.68,0.0023158867783306253,96.28614605624432,C
APAC_OFF-AR-10002400,112.6755,0.002315794290839478,96.28846185053516,C
Africa_TEC-SAN-10000250,112.62,0.002314653611781994,96.29077650414693,C
LATAM_FUR-TA-10000855,112.584,0.0023139137118528144,96.29309041785879,C
EMEA_OFF-ROG-10004646,112.536,0.0023129271786139086,96.2954033450374,C
EU_OFF-BI-10002935,112.32,0.002308487779038834,96.29771183281643,C
LATAM_OFF-EN-10001375,112.24,0.0023068435569739915,96.30001867637341,C
Africa_TEC-ENE-10001466,112.2,0.0023060214459415702,96.30232469781936,C
LATAM_OFF-SU-10002962,112.176,0.0023055281793221177,96.30463022599868,C
EU_FUR-CH-10001037,112.158,0.002305158229357528,96.30693538422804,C
US_OFF-AR-10003727,112.134,0.0023046649627380756,96.30924004919078,C
US_OFF-AP-10004036,112.128,0.0023045416460832123,96.31154459083686,C
LATAM_OFF-ST-10004296,112.0,0.0023019108907794644,96.31384650172764,C
LATAM_OFF-FA-10000713,111.96000000000001,0.002301088779747043,96.31614759050738,C
EU_TEC-MA-10002424,111.96,0.0023010887797470427,96.31844867928713,C
APAC_OFF-PA-10004124,111.84,0.0022986224466497794,96.32074730173377,C
US_FUR-FU-10001487,111.68,0.0022953340025200944,96.3230426357363,C
LATAM_OFF-LA-10000448,111.672,0.00229516958031361,96.32533780531661,C
EU_OFF-EN-10001038,111.51,0.0022918400306323043,96.32762964534724,C
APAC_OFF-BI-10001650,111.48,0.002291223447357988,96.3299208687946,C
Africa_OFF-ELD-10000819,111.435,0.0022902985724465143,96.33221116736705,C
LATAM_TEC-MA-10000366,111.4,0.0022895792252931456,96.33450074659234,C
EU_OFF-EN-10000543,111.36,0.0022887571142607244,96.3367895037066,C
EMEA_OFF-BOS-10003113,111.35999999999999,0.002288757114260724,96.33907826082086,C
APAC_OFF-AP-10001529,111.3,0.0022875239477120925,96.34136578476857,C
LATAM_OFF-FA-10001877,111.264,0.0022867840477829135,96.34365256881635,C
LATAM_OFF-SU-10000192,111.12,0.002283824448066197,96.34593639326442,C
Africa_FUR-RUB-10002021,111.09,0.002283207864791881,96.34821960112922,C
LATAM_TEC-PH-10003764,111.08,0.0022830023370337756,96.35050260346625,C
EU_OFF-ST-10003956,111.078,0.0022829612314821546,96.35278556469774,C
US_OFF-AP-10003860,111.04,0.0022821802260013548,96.35506774492374,C
EMEA_OFF-STI-10001743,111.012,0.0022816047482786595,96.35734934967202,C
EMEA_OFF-XER-10003329,111.0,0.002281358114968933,96.35963070778699,C
LATAM_OFF-BI-10001507,110.936,0.0022800427373170593,96.3619107505243,C
APAC_OFF-BI-10002432,110.88,0.0022788917818716693,96.36418964230617,C
APAC_OFF-LA-10001731,110.77439999999999,0.002276721408746077,96.36646636371492,C
LATAM_OFF-AR-10002583,110.76,0.002276425448774406,96.36874278916369,C
LATAM_OFF-BI-10003903,110.64,0.0022739591156771422,96.37101674827937,C
EMEA_TEC-LOG-10004419,110.592,0.002272972582438237,96.3732897208618,C
EMEA_OFF-SAN-10003152,110.34,0.0022677932829339833,96.37555751414475,C
APAC_FUR-FU-10001045,110.28,0.002266560116385351,96.37782407426113,C
Africa_TEC-ENE-10001355,110.28,0.002266560116385351,96.38009063437751,C
Africa_FUR-ELD-10003179,110.28,0.002266560116385351,96.38235719449389,C
Africa_OFF-GRE-10004054,110.16,0.002264093783288087,96.38462128827717,C
LATAM_OFF-AR-10003816,110.152,0.002263929361081603,96.38688521763825,C
US_OFF-SU-10004884,110.11,0.002263066144497561,96.38914828378275,C
EMEA_FUR-TEN-10000986,110.04,0.0022616274501908234,96.39140991123294,C
LATAM_OFF-ST-10000557,110.0,0.002260805339158402,96.3936707165721,C
EMEA_FUR-TEN-10001349,109.98,0.002260394283642192,96.39593111085574,C
Africa_FUR-TEN-10001349,109.98,0.002260394283642192,96.39819150513938,C
APAC_OFF-LA-10000879,109.98,0.002260394283642192,96.40045189942302,C
APAC_OFF-PA-10002921,109.95,0.002259777700367876,96.40271167712339,C
US_OFF-PA-10004475,109.92,0.0022591611170935597,96.40497083824049,C
US_OFF-AR-10002818,109.9,0.0022587500615773495,96.40722958830206,C
US_OFF-EN-10003567,109.9,0.0022587500615773495,96.40948833836363,C
Africa_FUR-RUB-10001704,109.89,0.002258544533819244,96.41174688289745,C
EMEA_FUR-NOV-10002911,109.82400000000001,0.0022571880506157493,96.41400407094807,C
Canada_OFF-WIL-10002153,109.8,0.002256694783996296,96.41626076573206,C
APAC_OFF-BI-10001973,109.8,0.002256694783996296,96.41851746051606,C
LATAM_OFF-AR-10002650,109.75999999999999,0.0022558726729638746,96.42077333318902,C
EU_OFF-BI-10003114,109.743,0.002255523275775096,96.4230288564648,C
EMEA_FUR-ADV-10000571,109.74,0.0022554616174476644,96.42528431808225,C
Africa_FUR-ADV-10000571,109.74,0.0022554616174476644,96.4275397796997,C
EMEA_OFF-BOS-10003699,109.69200000000001,0.002254475084208759,96.42979425478391,C
US_OFF-EN-10004483,109.69,0.0022544339786571377,96.43204868876258,C
APAC_OFF-SU-10004462,109.674,0.0022541051342441693,96.43430279389682,C
LATAM_OFF-BI-10003653,109.648,0.002253570762073095,96.4365563646589,C
EU_OFF-FA-10000659,109.62,0.0022529952843504007,96.43880935994325,C
EMEA_OFF-ENE-10000935,109.61999999999999,0.0022529952843504003,96.4410623552276,C
LATAM_OFF-BI-10002681,109.56,0.002251762117801769,96.44331411734541,C
US_FUR-FU-10004952,109.48,0.0022501178957369267,96.44556423524115,C
Africa_OFF-ACC-10004538,109.44,0.0022492957847045046,96.44781353102586,C
EU_OFF-LA-10003827,109.44,0.0022492957847045046,96.45006282681057,C
APAC_OFF-LA-10002575,109.155,0.0022434382435985037,96.45230626505416,C
LATAM_OFF-AP-10004453,109.04,0.002241074674380293,96.45454733972855,C
APAC_FUR-FU-10003540,109.0059,0.0022403738247251536,96.45678771355327,C
LATAM_TEC-PH-10003877,108.912,0.002238443919076545,96.45902615747235,C
APAC_OFF-FA-10003186,108.9,0.0022381972857668186,96.46126435475811,C
EU_OFF-EN-10003962,108.9,0.0022381972857668186,96.46350255204388,C
LATAM_OFF-PA-10004359,108.872,0.0022376218080441233,96.46574017385193,C
EMEA_OFF-SAN-10004746,108.86400000000002,0.0022374573858376396,96.46797763123776,C
US_OFF-AR-10001725,108.79,0.00223593648042766,96.47021356771819,C
US_TEC-AC-10003657,108.768,0.0022354843193598283,96.47244905203755,C
Canada_FUR-DEF-10001359,108.66,0.002233264619572291,96.47468231665712,C
EMEA_FUR-TEN-10000558,108.6,0.002232031453023659,96.47691434811014,C
EU_OFF-BI-10001643,108.57,0.002231414869749343,96.4791457629799,C
EU_OFF-SU-10003511,108.48,0.0022295651199263954,96.48137532809983,C
EMEA_OFF-KLE-10002292,108.45,0.0022289485366520797,96.48360427663648,C
EMEA_OFF-TEN-10000703,108.42,0.0022283319533777635,96.48583260858986,C
LATAM_OFF-FA-10003007,108.416,0.002228249742274521,96.48806085833213,C
EU_OFF-EN-10000056,108.36,0.0022270987868291316,96.49028795711897,C
Africa_TEC-KON-10002482,108.342,0.0022267288368645424,96.49251468595583,C
APAC_OFF-FA-10003716,108.297,0.002225803961953068,96.49474048991777,C
APAC_TEC-MA-10002242,108.216,0.0022241391871124154,96.49696462910488,C
LATAM_OFF-PA-10003640,108.216,0.0022241391871124154,96.49918876829199,C
LATAM_OFF-SU-10003582,108.144,0.002222659387254057,96.50141142767924,C
APAC_OFF-SU-10001066,108.0765,0.0022212720748868457,96.50363269975414,C
Africa_OFF-CAM-10000497,108.0,0.0022196997875373404,96.50585239954167,C
APAC_OFF-LA-10000707,108.0,0.0022196997875373404,96.5080720993292,C
US_TEC-PH-10001580,107.984,0.002219370943124372,96.51029147027232,C
US_OFF-BI-10001636,107.904,0.0022177267210595295,96.51250919699338,C
APAC_OFF-PA-10001835,107.8974,0.0022175910727391802,96.51472678806611,C
Africa_OFF-STI-10001162,107.844,0.0022164935545108976,96.51694328162063,C
EU_FUR-CH-10000667,107.82,0.0022160002878914447,96.51915928190851,C
EU_OFF-BI-10003724,107.74799999999999,0.002214520488033087,96.52137380239655,C
APAC_FUR-FU-10000783,107.73,0.0022141505380684975,96.52358795293462,C
APAC_OFF-ST-10000268,107.7,0.0022135339547941814,96.5258014868894,C
EMEA_OFF-BIC-10001632,107.67,0.0022129173715198652,96.52801440426093,C
APAC_OFF-AR-10004990,107.559,0.0022106360134048963,96.53022504027433,C
US_OFF-SU-10003567,107.52000000000001,0.0022098344551482857,96.53243487472947,C
APAC_OFF-LA-10000688,107.4948,0.0022093165251978603,96.53464419125467,C
US_OFF-PA-10001509,107.4,0.002207368122051022,96.53685155937673,C
LATAM_TEC-PH-10001475,107.4,0.002207368122051022,96.53905892749879,C
EU_OFF-EN-10003977,107.199,0.002203237014113105,96.5412621645129,C
LATAM_OFF-AR-10000719,107.1,0.0022012022893078626,96.54346336680221,C
EU_FUR-FU-10001890,107.1,0.0022012022893078626,96.54566456909153,C
EMEA_FUR-DEF-10000065,107.07,0.0022005857060335464,96.54786515479756,C
APAC_OFF-PA-10004495,107.0538,0.0022002527510654162,96.55006540754863,C
Africa_FUR-RUB-10003004,106.92,0.0021975027896619674,96.55226291033829,C
LATAM_OFF-SU-10002227,106.8,0.0021950364565647036,96.55445794679486,C
EU_OFF-LA-10004799,106.8,0.0021950364565647036,96.55665298325142,C
LATAM_OFF-FA-10000467,106.72,0.002193392234499861,96.55884637548593,C
LATAM_OFF-EN-10003094,106.70400000000001,0.0021930633900868923,96.56103943887601,C
APAC_OFF-AR-10002036,106.68,0.00219257012346744,96.56323200899948,C
LATAM_OFF-BI-10001002,106.68,0.00219257012346744,96.56542457912295,C
APAC_OFF-BI-10001399,106.66890000000001,0.002192341987655943,96.5676169211106,C
Africa_OFF-BOS-10001772,106.56,0.002190103790370176,96.56980702490097,C
EU_OFF-SU-10001703,106.56,0.002190103790370176,96.57199712869134,C
LATAM_FUR-FU-10003370,106.4,0.002186815346240491,96.57418394403757,C
APAC_OFF-PA-10001850,106.32,0.0021851711241756486,96.57636911516175,C
EU_OFF-PA-10003586,106.2,0.002182704791078385,96.57855181995284,C
Africa_FUR-ADV-10000002,106.08,0.002180238457981121,96.58073205841082,C
APAC_OFF-PA-10002618,106.05000000000001,0.0021796218747068058,96.58291168028552,C
EMEA_TEC-KON-10001388,105.996,0.0021785120248130362,96.58509019231033,C
Africa_OFF-ADV-10003030,105.987,0.0021783270498307414,96.58726851936017,C
LATAM_FUR-FU-10001317,105.89599999999999,0.002176456747231983,96.5894449761074,C
Africa_OFF-IBI-10002637,105.84,0.002175305791786594,96.59162028189918,C
EMEA_OFF-TEN-10001585,105.792,0.002174319258547688,96.59379460115773,C
APAC_OFF-FA-10000471,105.708,0.0021725928253796037,96.5959671939831,C
APAC_OFF-LA-10003379,105.705,0.002172531167052172,96.59813972515015,C
EMEA_TEC-BRO-10000463,105.492,0.002168153425804529,96.60030787857595,C
LATAM_OFF-PA-10000752,105.48,0.0021679067924948027,96.60247578536844,C
EMEA_OFF-XER-10004012,105.48,0.0021679067924948027,96.60464369216093,C
APAC_OFF-PA-10002974,105.4011,0.002166285178483352,96.60680997733942,C
US_OFF-PA-10000241,105.33200000000001,0.002164864981674844,96.6089748423211,C
Africa_OFF-STA-10001968,105.3,0.002164207292848907,96.61113904961395,C
LATAM_OFF-SU-10002423,105.21600000000001,0.0021624808596808227,96.61330153047363,C
APAC_OFF-BI-10000561,105.18,0.0021617409597516433,96.61546327143338,C
EMEA_OFF-ACC-10003636,105.18,0.0021617409597516433,96.61762501239313,C
US_TEC-AC-10002134,105.14399999999999,0.002161001059822464,96.61978601345295,C
LATAM_OFF-SU-10003082,105.12,0.002160507793203012,96.62194652124616,C
Africa_OFF-GRE-10004604,105.06,0.0021592746266543795,96.62410579587281,C
LATAM_OFF-AP-10003079,104.96,0.0021572193490733264,96.62626301522188,C
LATAM_FUR-FU-10001255,104.88,0.002155575127008484,96.62841859034889,C
US_TEC-AC-10004859,104.88,0.002155575127008484,96.63057416547589,C
EMEA_TEC-MOT-10002372,104.856,0.002155081860389031,96.63272924733629,C
LATAM_TEC-MA-10004615,104.82,0.002154341960459852,96.63488358929675,C
US_OFF-AR-10004062,104.8,0.0021539309049436414,96.63703752020169,C
US_OFF-ST-10002406,104.78999999999999,0.0021537253771855363,96.63919124557887,C
EMEA_OFF-BIN-10002407,104.78099999999999,0.0021535404022032414,96.64134478598108,C
EMEA_FUR-RUB-10001796,104.76,0.0021531087939112206,96.64349789477498,C
APAC_OFF-ST-10000022,104.76,0.0021531087939112206,96.64565100356889,C
US_TEC-AC-10004708,104.75,0.002152903266153115,96.64780390683504,C
US_OFF-EN-10003040,104.68,0.002151464571846378,96.64995537140689,C
APAC_OFF-SU-10001689,104.463,0.0021470046194954923,96.65210237602639,C
EU_OFF-EN-10002736,104.4,0.0021457097946194293,96.65424808582101,C
EU_OFF-EN-10001997,104.4,0.0021457097946194293,96.65639379561563,C
APAC_OFF-EN-10004418,104.4,0.0021457097946194293,96.65853950541025,C
Africa_TEC-PAN-10003382,104.364,0.0021449698946902503,96.66068447530493,C
Africa_FUR-BUS-10003368,104.274,0.0021431201448673023,96.6628275954498,C
EU_OFF-EN-10003630,104.04,0.0021383107953276384,96.66496590624513,C
EU_OFF-FA-10000189,103.94999999999999,0.00213646104550469,96.66710236729064,C
EMEA_FUR-DEF-10000572,103.92,0.0021358444622303747,96.66923821175287,C
US_TEC-AC-10004227,103.92,0.0021358444622303747,96.6713740562151,C
EMEA_TEC-MOT-10001927,103.896,0.0021353511956109217,96.6735094074107,C
LATAM_OFF-AR-10001072,103.824,0.0021338713957525634,96.67564327880646,C
US_OFF-PA-10002421,103.822,0.0021338302902009425,96.67777710909667,C
EU_OFF-FA-10002895,103.8,0.0021333781291331105,96.6799104872258,C
Canada_FUR-DEF-10000639,103.8,0.0021333781291331105,96.68204386535493,C
EU_OFF-LA-10003699,103.73400000000001,0.002132021645929616,96.68417588700086,C
EMEA_OFF-BIC-10000582,103.68,0.002130911796035847,96.68630679879689,C
APAC_OFF-AR-10000293,103.68,0.002130911796035847,96.68843771059292,C
APAC_OFF-BI-10002907,103.56299999999999,0.0021285071212660146,96.69056621771419,C
US_OFF-BI-10004965,103.5,0.002127212296389951,96.69269343001058,C
LATAM_FUR-FU-10004181,103.5,0.002127212296389951,96.69482064230696,C
EU_OFF-LA-10000134,103.5,0.002127212296389951,96.69694785460335,C
US_OFF-AP-10003971,103.455,0.0021262874214784777,96.69907414202483,C
EMEA_FUR-OFF-10002740,103.35600000000001,0.002124252696673235,96.7011983947215,C
LATAM_FUR-FU-10000350,103.32,0.002123512796744056,96.70332190751824,C
APAC_OFF-FA-10004705,103.275,0.002122587921832582,96.70544449544008,C
Africa_OFF-BIN-10001715,103.26,0.002122279630195424,96.70756677507028,C
EMEA_TEC-KON-10003077,103.26,0.002122279630195424,96.70968905470048,C
LATAM_OFF-EN-10003607,103.2,0.002121046463646792,96.71181010116412,C
Africa_OFF-HAR-10004896,103.2,0.002121046463646792,96.71393114762776,C
EMEA_OFF-ACM-10004669,103.08,0.0021185801305495283,96.71604972775832,C
LATAM_TEC-AC-10003611,103.0,0.002116935908484686,96.7181666636668,C
APAC_FUR-FU-10001557,102.9,0.0021148806309036327,96.7202815442977,C
APAC_OFF-PA-10004910,102.9,0.0021148806309036327,96.7223964249286,C
EMEA_FUR-ADV-10000600,102.9,0.0021148806309036327,96.7245113055595,C
LATAM_OFF-EN-10002816,102.88,0.002114469575387422,96.72662577513489,C
EU_OFF-SU-10003739,102.87,0.002114264047629317,96.72874003918253,C
Canada_OFF-IBI-10003541,102.84,0.0021136474643550012,96.73085368664688,C
EMEA_OFF-IBI-10003541,102.84,0.0021136474643550012,96.73296733411124,C
US_OFF-AR-10004078,102.784,0.0021124965089096112,96.73507983062015,C
EMEA_OFF-BIN-10000712,102.72,0.002111181131257737,96.7371910117514,C
Canada_OFF-BIN-10000712,102.72,0.002111181131257737,96.73930219288266,C
APAC_OFF-AR-10000989,102.72,0.002111181131257737,96.74141337401392,C
LATAM_OFF-ST-10001073,102.696,0.0021106878646382846,96.74352406187856,C
EMEA_TEC-BEL-10001189,102.624,0.0021092080647799262,96.74563326994334,C
LATAM_TEC-CO-10004152,102.6168,0.0021090600847940904,96.74774233002813,C
APAC_FUR-FU-10004241,102.546,0.0021076049482667046,96.7498499349764,C
Africa_OFF-CAR-10004293,102.54,0.002107481631611842,96.75195741660801,C
EMEA_OFF-TEN-10000360,102.53399999999999,0.002107358314956978,96.75406477492297,C
EMEA_TEC-MEM-10001436,102.48,0.00210624846506321,96.75617102338803,C
EU_OFF-PA-10002516,102.48,0.00210624846506321,96.7582772718531,C
EU_OFF-PA-10001905,102.45,0.002105631881788894,96.7603829037349,C
US_OFF-EN-10003862,102.432,0.002105261931824304,96.76248816566672,C
LATAM_OFF-FA-10001199,102.42399999999999,0.00210509750961782,96.76459326317634,C
EU_OFF-FA-10001330,102.42,0.0021050152985145777,96.76669827847485,C
EU_OFF-PA-10003875,102.42,0.0021050152985145777,96.76880329377336,C
US_OFF-PA-10004100,102.384,0.002104275398585399,96.77090756917194,C
APAC_OFF-LA-10003396,102.333,0.0021032272070190617,96.77301079637895,C
EU_OFF-ST-10003335,102.315,0.002102857257054472,96.77511365363601,C
APAC_OFF-EN-10002556,102.24,0.0021013157988686824,96.77721496943488,C
EMEA_FUR-TEN-10003879,102.22200000000001,0.002100945848904093,96.77931591528379,C
LATAM_OFF-BI-10001987,102.18,0.0021000826323200506,96.78141599791611,C
Canada_OFF-ACC-10002220,102.18,0.0021000826323200506,96.78351608054844,C
APAC_OFF-BI-10003475,102.14999999999999,0.0020994660490457344,96.78561554659748,C
EMEA_OFF-JIF-10002621,102.144,0.0020993427323908716,96.78771488932988,C
APAC_TEC-MA-10002998,102.1149,0.0020987446466147848,96.7898136339765,C
LATAM_OFF-ST-10004947,102.088,0.0020981917769454816,96.79191182575344,C
LATAM_TEC-PH-10002292,102.08,0.0020980273547389974,96.79400985310818,C
EU_OFF-FA-10003411,102.06,0.002097616299222787,96.7961074694074,C
US_FUR-FU-10004666,102.06,0.002097616299222787,96.79820508570663,C
APAC_FUR-FU-10004497,102.024,0.002096876399293608,96.80030196210592,C
US_TEC-MA-10002694,101.994,0.0020962598160192917,96.80239822192193,C
LATAM_TEC-MA-10003998,101.97,0.0020957665493998388,96.80449398847134,C
APAC_TEC-AC-10003422,101.952,0.002095396599435249,96.80658938507077,C
US_TEC-AC-10003499,101.904,0.002094410066196344,96.80868379513696,C
US_OFF-AR-10001958,101.88,0.002093916799576891,96.81077771193654,C
APAC_OFF-SU-10002362,101.7819,0.002091900572269878,96.8128696125088,C
Africa_OFF-IBI-10000684,101.76,0.002091450466479628,96.81496106297529,C
APAC_OFF-SU-10002831,101.76,0.002091450466479628,96.81705251344177,C
US_OFF-ST-10002301,101.7,0.0020902172999309955,96.8191427307417,C
EU_OFF-LA-10000707,101.64,0.0020889841333823636,96.82123171487508,C
Africa_FUR-SAU-10003203,101.52,0.0020865178002851,96.82331823267536,C
APAC_OFF-AR-10001535,101.4408,0.002084890020440906,96.8254031226958,C
EMEA_FUR-NOV-10003195,101.412,0.002084298100497563,96.8274874207963,C
EMEA_FUR-LES-10003538,101.388,0.00208380483387811,96.82957122563018,C
Africa_TEC-BEL-10002678,101.358,0.002083188250603794,96.83165441388078,C
APAC_OFF-BI-10003806,101.3433,0.002082886124799379,96.83373730000558,C
EMEA_TEC-STA-10003330,101.328,0.002082571667329478,96.83581987167291,C
EMEA_OFF-HOO-10002386,101.268,0.0020813385007808463,96.8379012101737,C
APAC_OFF-LA-10002633,101.2356,0.002080672590844585,96.83998188276455,C
Africa_OFF-GRE-10000492,101.16,0.002079118800993309,96.84206100156554,C
EU_OFF-AR-10003466,101.16,0.002079118800993309,96.84414012036653,C
LATAM_OFF-LA-10002401,101.12,0.0020782966899608878,96.84621841705649,C
LATAM_OFF-LA-10000765,101.112,0.002078132267754403,96.84829654932425,C
US_TEC-AC-10004209,101.108,0.0020780500566511617,96.8503745993809,C
Canada_OFF-ACC-10000102,101.1,0.002077885634444677,96.85245248501535,C
Africa_TEC-EPS-10002523,101.016,0.0020761592012765923,96.85452864421663,C
APAC_OFF-EN-10004684,101.016,0.0020761592012765923,96.85660480341791,C
US_OFF-BI-10002799,101.00999999999999,0.002076035884621729,96.85868083930254,C
EU_FUR-FU-10002957,100.92,0.0020741861347987815,96.86075502543734,C
APAC_OFF-BI-10000725,100.92,0.0020741861347987815,96.86282921157215,C
APAC_OFF-SU-10001442,100.8504,0.0020727556616023687,96.86490196723375,C
LATAM_FUR-FU-10000481,100.672,0.00206908904639777,96.86697105628015,C
EU_OFF-AR-10000751,100.65,0.0020686368853299383,96.86903969316548,C
EMEA_OFF-SME-10000973,100.632,0.0020682669353653486,96.87110796010084,C
Africa_OFF-STO-10001916,100.62,0.002068020302055622,96.8731759804029,C
LATAM_OFF-BI-10000124,100.536,0.0020662938688875377,96.8752422742718,C
LATAM_OFF-ST-10002466,100.52,0.002065965024474569,96.87730823929627,C
LATAM_FUR-FU-10001135,100.44,0.0020643208024097265,96.87937256009867,C
APAC_OFF-FA-10004527,100.4301,0.0020641173299292023,96.8814366774286,C
EMEA_OFF-CUI-10003923,100.386,0.002063210952515958,96.88349988838111,C
LATAM_OFF-SU-10003991,100.352,0.0020625121581384002,96.88556240053924,C
Africa_FUR-RUB-10000501,100.32,0.0020618544693124627,96.88762425500856,C
EMEA_FUR-RUB-10000501,100.32,0.0020618544693124627,96.88968610947788,C
LATAM_OFF-BI-10004042,100.26,0.0020606213027638313,96.89174673078064,C
Canada_OFF-CAR-10004661,100.26,0.0020606213027638313,96.8938073520834,C
EU_OFF-FA-10004474,100.26,0.0020606213027638313,96.89586797338616,C
LATAM_OFF-ST-10004342,100.24,0.00206021024724762,96.89792818363341,C
Africa_FUR-HAR-10003770,100.14,0.0020581549696665675,96.89998633860307,C
EU_FUR-FU-10002709,100.02,0.0020556886365693037,96.90204202723964,C
LATAM_OFF-FA-10003977,100.016,0.002055606425466062,96.90409763366512,C
APAC_FUR-FU-10002838,100.008,0.0020554420032595773,96.90615307566837,C
APAC_OFF-PA-10001275,100.008,0.0020554420032595773,96.90820851767162,C
APAC_TEC-PH-10003303,99.972,0.002054702103330398,96.91026321977496,C
EMEA_OFF-JIF-10002228,99.96,0.002054455470020672,96.91231767524498,C
US_OFF-PA-10000210,99.9,0.00205322230347204,96.91437089754845,C
APAC_OFF-BI-10002364,99.9,0.00205322230347204,96.91642411985192,C
EMEA_FUR-SAF-10000593,99.696,0.0020490295372066914,96.91847314938913,C
EMEA_TEC-APP-10004296,99.672,0.002048536270587239,96.92052168565972,C
EU_OFF-FA-10002803,99.63,0.0020476730540031967,96.92256935871373,C
EMEA_OFF-KIT-10002357,99.6,0.0020470564707288806,96.92461641518446,C
Africa_OFF-GRE-10003316,99.54,0.002045823304180249,96.92666223848865,C
Africa_OFF-OIC-10000189,99.45,0.002043973554357301,96.928706212043,C
US_TEC-AC-10003116,99.4,0.0020429459155667743,96.93074915795856,C
Africa_OFF-SME-10004160,99.36,0.002042123804534353,96.93279128176309,C
EU_OFF-SU-10004446,99.36,0.002042123804534353,96.93483340556762,C
APAC_OFF-EN-10004469,99.24,0.0020396574714370893,96.93687306303906,C
LATAM_OFF-SU-10004711,99.072,0.0020362046051009206,96.93890926764416,C
LATAM_OFF-SU-10003749,99.04,0.0020355469162749835,96.94094481456044,C
EU_OFF-EN-10001991,99.0,0.002034724805242562,96.94297953936568,C
Africa_OFF-CAM-10001191,99.0,0.002034724805242562,96.94501426417092,C
LATAM_TEC-MA-10003909,98.96,0.002033902694210141,96.94704816686513,C
LATAM_OFF-PA-10003573,98.952,0.002033738272003657,96.94908190513713,C
US_FUR-FU-10004671,98.952,0.002033738272003657,96.95111564340914,C
Africa_OFF-EAT-10003338,98.88,0.0020322584721452984,96.95314790188128,C
EU_TEC-MA-10003856,98.88,0.0020322584721452984,96.95518016035342,C
LATAM_OFF-FA-10001029,98.88,0.0020322584721452984,96.95721241882556,C
APAC_FUR-CH-10002045,98.88,0.0020322584721452984,96.9592446772977,C
EMEA_OFF-KIT-10004732,98.85,0.0020316418888709823,96.96127631918658,C
LATAM_FUR-BO-10001201,98.808,0.0020307786722869405,96.96330709785887,C
LATAM_OFF-EN-10002725,98.76,0.0020297921390480347,96.96533688999793,C
Africa_TEC-NOK-10003341,98.74799999999999,0.002029545505738308,96.96736643550366,C
LATAM_OFF-ST-10003952,98.736,0.0020292988724285818,96.96939573437609,C
US_TEC-PH-10000148,98.72399999999999,0.0020290522391188553,96.97142478661522,C
EMEA_OFF-ACM-10001112,98.64,0.002027325805950771,96.97345211242117,C
APAC_OFF-EN-10004453,98.64,0.002027325805950771,96.97547943822713,C
US_OFF-PA-10003172,98.49600000000001,0.0020243662062340547,96.97750380443335,C
US_OFF-PA-10000061,98.49600000000001,0.0020243662062340547,96.97952817063958,C
LATAM_OFF-AR-10001402,98.436,0.002023133039685423,96.98155130367927,C
Africa_OFF-AVE-10003549,98.4,0.002022393139756244,96.98357369681902,C
APAC_OFF-EN-10002808,98.352,0.002021406606517338,96.98559510342554,C
EU_OFF-BI-10002047,98.34,0.002021159973207612,96.98761626339875,C
EU_OFF-LA-10003084,98.33999999999999,0.0020211599732076115,96.98963742337196,C
LATAM_OFF-FA-10004410,98.28,0.0020199268066589796,96.99165735017861,C
US_OFF-ST-10003722,98.21,0.0020184881123522427,96.99367583829097,C
LATAM_OFF-LA-10002650,98.192,0.002018118162387653,96.99569395645335,C
APAC_OFF-AR-10000540,98.172,0.0020177071068714423,96.99771166356022,C
APAC_OFF-AR-10003592,98.154,0.0020173371569068527,96.99972900071712,C
APAC_OFF-LA-10000271,98.136,0.0020169672069422634,97.00174596792407,C
LATAM_OFF-PA-10000194,98.112,0.002016473940322811,97.0037624418644,C
APAC_OFF-LA-10001548,98.08500000000001,0.002015919015375927,97.00577836087977,C
EMEA_TEC-HP -10002095,98.052,0.002015240773774179,97.00779360165355,C
LATAM_OFF-AR-10001271,98.04,0.0020149941404644526,97.00980859579401,C
LATAM_OFF-EN-10004820,98.0,0.0020141720294320313,97.01182276782345,C
EMEA_OFF-HOO-10001448,97.92,0.002012527807367189,97.01383529563081,C
APAC_OFF-BI-10002533,97.92,0.002012527807367189,97.01584782343818,C
LATAM_OFF-LA-10004370,97.92,0.002012527807367189,97.01786035124555,C
EMEA_OFF-AVE-10004308,97.92,0.002012527807367189,97.01987287905291,C
LATAM_OFF-LA-10000633,97.9,0.002012116751850978,97.02188499580477,C
Africa_OFF-SME-10001745,97.86,0.002011294640818557,97.02389629044559,C
LATAM_OFF-SU-10001891,97.75999999999999,0.0020092393632375038,97.02590552980882,C
LATAM_OFF-FA-10002085,97.74,0.002008828307721293,97.02791435811655,C
APAC_OFF-LA-10002875,97.68,0.0020075951411726613,97.02992195325773,C
APAC_OFF-BI-10003633,97.68,0.0020075951411726613,97.0319295483989,C
EU_OFF-FA-10004140,97.65,0.0020069785578983456,97.03393652695681,C
LATAM_OFF-AR-10004961,97.6,0.0020059509191078188,97.03594247787592,C
LATAM_OFF-LA-10001701,97.58,0.002005539863591608,97.03794801773951,C
US_OFF-AP-10000390,97.568,0.0020052932302818817,97.03995331096979,C
EMEA_FUR-RUB-10001717,97.56,0.0020051288080753975,97.04195843977787,C
APAC_FUR-FU-10004811,97.56,0.0020051288080753975,97.04396356858595,C
APAC_OFF-SU-10003717,97.50359999999999,0.0020039696315196837,97.04596753821747,C
EU_OFF-FA-10000010,97.41,0.002002045891703818,97.04796958410917,C
LATAM_FUR-FU-10001008,97.336,0.0020005249862938388,97.04997010909547,C
LATAM_OFF-EN-10004995,97.32,0.00200019614188087,97.05197030523735,C
EMEA_OFF-SAN-10004420,97.32,0.00200019614188087,97.05397050137923,C
APAC_TEC-MA-10000473,97.2345,0.00199843887954907,97.05596894025878,C
LATAM_OFF-BI-10001304,97.2,0.0019977298087836062,97.05796667006756,C
US_OFF-PA-10000520,97.2,0.0019977298087836062,97.05996439987634,C
Africa_OFF-HOO-10003338,97.17,0.0019971132255092905,97.06196151310185,C
US_FUR-FU-10004053,97.15199999999999,0.001996743275544701,97.06395825637739,C
Africa_OFF-GLO-10001127,97.104,0.0019957567423057954,97.0659540131197,C
EMEA_OFF-ENE-10001356,97.02,0.001994030309137711,97.06794804342883,C
APAC_OFF-FA-10003437,96.9,0.0019915639760404473,97.06993960740486,C
LATAM_TEC-AC-10003105,96.896,0.001991481764937205,97.0719310891698,C
EMEA_OFF-SAN-10001237,96.84,0.0019903308094918154,97.07392141997929,C
EMEA_OFF-ELD-10003038,96.84,0.0019903308094918154,97.07591175078878,C
EU_OFF-SU-10002611,96.831,0.0019901458345095205,97.07790189662329,C
LATAM_OFF-FA-10003605,96.8,0.001989508698459394,97.07989140532175,C
EMEA_OFF-GRE-10002738,96.78,0.0019890976429431835,97.0818805029647,C
EU_OFF-FA-10003717,96.75,0.0019884810596688673,97.08386898402436,C
APAC_OFF-AR-10001602,96.66,0.0019866313098459197,97.08585561533421,C
EMEA_OFF-AVE-10003740,96.6,0.0019853981432972874,97.0878410134775,C
EU_OFF-AP-10000818,96.6,0.0019853981432972874,97.08982641162079,C
EMEA_OFF-BIC-10002270,96.57,0.001984781560022972,97.09181119318082,C
Africa_OFF-BIC-10002270,96.57,0.001984781560022972,97.09379597474084,C
LATAM_OFF-EN-10003559,96.48,0.001982931810200024,97.09577890655105,C
EU_FUR-CH-10004536,96.42,0.0019816986436513927,97.0977606051947,C
LATAM_OFF-AR-10001622,96.12,0.0019755328109082333,97.0997361380056,C
LATAM_OFF-EN-10003352,96.096,0.0019750395442887803,97.10171117754989,C
APAC_OFF-FA-10002617,96.08760000000001,0.001974866900971972,97.10368604445085,C
APAC_OFF-LA-10002020,96.075,0.0019746079359967595,97.10566065238685,C
US_OFF-ST-10004507,96.03999999999999,0.0019738885888433903,97.1076345409757,C
Canada_OFF-ELD-10000124,96.0,0.001973066477810969,97.10960760745351,C
US_TEC-MA-10003183,95.994,0.001972943161156106,97.11158055061466,C
US_TEC-PH-10001644,95.968,0.0019724087889850324,97.11355295940365,C
US_FUR-FU-10002554,95.96,0.001972244366778548,97.11552520377043,C
US_TEC-PH-10000702,95.904,0.0019710934113331582,97.11749629718176,C
Africa_OFF-KLE-10000527,95.847,0.001969921903111958,97.11946621908487,C
LATAM_OFF-AR-10002440,95.76,0.001968133811616442,97.12143435289649,C
LATAM_OFF-SU-10002849,95.75999999999999,0.0019681338116164415,97.1234024867081,C
EU_OFF-PA-10001650,95.739,0.0019677022033244207,97.12537018891143,C
APAC_TEC-AC-10001463,95.64,0.001965667478519178,97.12733585638995,C
EU_TEC-AC-10003334,95.64,0.001965667478519178,97.12930152386846,C
APAC_OFF-EN-10004424,95.64,0.001965667478519178,97.13126719134698,C
APAC_OFF-EN-10000224,95.565,0.0019641260203333883,97.13323131736732,C
EMEA_OFF-CUI-10004428,95.55,0.00196381772869623,97.13519513509601,C
LATAM_OFF-AR-10001752,95.52,0.0019632011454219144,97.13715833624143,C
Africa_TEC-CAN-10000030,95.517,0.001963139487094483,97.13912147572852,C
LATAM_OFF-LA-10001800,95.50800000000001,0.001962954512112188,97.14108443024062,C
APAC_OFF-EN-10003619,95.4954,0.0019626955471369755,97.14304712578776,C
APAC_OFF-SU-10004077,95.49,0.0019625845621475987,97.14500971034991,C
EU_OFF-SU-10000695,95.325,0.001959193354138861,97.14696890370405,C
EMEA_OFF-SAN-10001074,95.28,0.001958268479227387,97.14892717218328,C
Canada_FUR-ELD-10003828,95.28,0.001958268479227387,97.1508854406625,C
EMEA_OFF-IBI-10002637,95.256,0.0019577752126079344,97.15284321587511,C
APAC_OFF-EN-10004526,95.2425,0.001957497750134492,97.15480071362525,C
Africa_OFF-GRE-10002561,95.16,0.001955802146130123,97.15675651577138,C
APAC_TEC-AC-10003776,95.1336,0.0019552595528487256,97.15871177532422,C
Africa_OFF-SME-10001652,95.1,0.0019545689795814913,97.1606663443038,C
US_OFF-ST-10000419,95.06,0.0019537468685490705,97.16262009117236,C
APAC_OFF-SU-10004008,95.04,0.00195333581303286,97.16457342698538,C
US_OFF-LA-10004093,95.03,0.0019531302852747543,97.16652655727066,C
LATAM_OFF-PA-10000036,95.004,0.0019525959131036807,97.16847915318377,C
US_OFF-PA-10000659,94.928,0.00195103390214208,97.17043018708591,C
APAC_TEC-AC-10000588,94.896,0.0019503762133161434,97.17238056329923,C
APAC_OFF-AR-10002111,94.83840000000001,0.0019491923734294568,97.17432975567266,C
EU_OFF-LA-10001284,94.77,0.0019477865635640162,97.17627754223622,C
APAC_OFF-AR-10002897,94.752,0.001947416613599427,97.17822495884982,C
US_OFF-BI-10001078,94.688,0.001946101235947553,97.18017106008577,C
EMEA_OFF-CAR-10002931,94.62,0.0019447036471924367,97.18211576373297,C
LATAM_OFF-FA-10001761,94.6,0.001944292591676226,97.18406005632464,C
LATAM_OFF-FA-10003496,94.56,0.001943470480643805,97.18600352680528,C
Africa_OFF-CAR-10002375,94.5,0.001942237314095173,97.18794576411938,C
Africa_FUR-RUB-10001484,94.38,0.0019397709809979092,97.18988553510037,C
EMEA_FUR-ELD-10000335,94.38,0.0019397709809979092,97.19182530608137,C
EMEA_FUR-RUB-10001484,94.38,0.0019397709809979092,97.19376507706237,C
EU_FUR-FU-10003970,94.38,0.0019397709809979092,97.19570484804336,C
LATAM_FUR-BO-10002309,94.3,0.0019381267589330666,97.19764297480229,C
EU_OFF-LA-10003969,94.23,0.0019366880646263297,97.19957966286692,C
LATAM_OFF-AR-10000314,94.22,0.0019364825368682244,97.20151614540379,C
LATAM_OFF-ST-10000290,94.208,0.001936235903558498,97.20345238130734,C
LATAM_FUR-FU-10002800,94.19200000000001,0.0019359070591455294,97.20538828836649,C
LATAM_OFF-EN-10002396,94.164,0.0019353315814228346,97.20732361994791,C
LATAM_TEC-AC-10001246,94.128,0.0019345916814936556,97.2092582116294,C
EU_OFF-SU-10003357,94.08,0.00193360514825475,97.21119181677766,C
EU_OFF-SU-10001808,94.02,0.0019323719817061179,97.21312418875937,C
US_TEC-AC-10000991,93.98,0.0019315498706736968,97.21505573863004,C
EU_OFF-PA-10004343,93.96,0.0019311388151574862,97.2169868774452,C
US_OFF-PA-10004911,93.80000000000001,0.0019278503710278014,97.21891472781623,C
EMEA_OFF-FEL-10001343,93.75,0.0019268227322372746,97.22084155054847,C
US_OFF-BI-10004828,93.744,0.0019266994155824116,97.22276824996405,C
APAC_OFF-PA-10000026,93.708,0.0019259595156532322,97.22469420947971,C
EMEA_OFF-WIL-10002787,93.66,0.001924972982414327,97.22661918246212,C
EMEA_OFF-GLO-10004430,93.612,0.0019239864491754214,97.22854316891129,C
Africa_OFF-WIL-10000777,93.555,0.0019228149409542213,97.23046598385224,C
EMEA_OFF-KLE-10000228,93.54,0.0019225066493170633,97.23238849050156,C
EU_OFF-PA-10004589,93.51,0.0019218900660427475,97.2343103805676,C
EMEA_OFF-SAN-10002323,93.48,0.0019212734827684316,97.23623165405037,C
Africa_OFF-STA-10003956,93.465,0.0019209651911312735,97.2381526192415,C
LATAM_OFF-AR-10000082,93.392,0.0019194648384971045,97.24007208408,C
US_OFF-PA-10000249,93.328,0.0019181494608452308,97.24199023354085,C
US_OFF-PA-10001001,93.248,0.0019165052387803882,97.24390673877963,C
LATAM_OFF-FA-10003885,93.22399999999999,0.001916011972160935,97.24582275075178,C
Africa_OFF-EAT-10004979,93.18,0.0019151076500252724,97.2477378584018,C
LATAM_FUR-FU-10000488,93.12,0.0019138744834766403,97.24965173288528,C
Africa_OFF-TEN-10000894,93.0,0.0019114081503793766,97.25156314103566,C
EMEA_OFF-TEN-10000894,93.0,0.0019114081503793766,97.25347454918604,C
US_OFF-BI-10001575,92.94,0.0019101749838307445,97.25538472416987,C
US_OFF-AR-10003373,92.94,0.0019101749838307445,97.2572948991537,C
EMEA_OFF-TEN-10002817,92.88,0.0019089418172821128,97.25920384097098,C
APAC_TEC-MA-10002055,92.82,0.0019077086507334807,97.26111154962172,C
APAC_OFF-SU-10003671,92.64,0.0019040091510875853,97.2630155587728,C
EU_OFF-SU-10003758,92.64,0.0019040091510875853,97.2649195679239,C
EMEA_OFF-AVE-10004556,92.538,0.0019019127679549112,97.26682148069185,C
APAC_FUR-FU-10001129,92.5275,0.0019016969638089008,97.26872317765566,C
APAC_OFF-SU-10003527,92.52,0.0019015428179903215,97.27062472047365,C
Africa_TEC-EPS-10004111,92.502,0.001901172868025732,97.27252589334168,C
US_OFF-PA-10002464,92.48,0.0019007207069579005,97.27442661404864,C
EMEA_OFF-CAM-10002611,92.46,0.0019003096514416899,97.27632692370008,C
EU_OFF-EN-10004759,92.46,0.0019003096514416899,97.27822723335153,C
APAC_OFF-PA-10004326,92.4,0.0018990764848930582,97.28012630983642,C
EU_OFF-LA-10004020,92.4,0.0018990764848930582,97.28202538632131,C
Africa_OFF-KLE-10000552,92.34,0.001897843318344426,97.28392322963965,C
EU_OFF-SU-10003343,92.34,0.001897843318344426,97.285821072958,C
US_FUR-FU-10001196,92.32,0.0018974322628282155,97.28771850522082,C
LATAM_OFF-BI-10002937,92.30000000000001,0.001897021207312005,97.28961552642814,C
EU_OFF-LA-10004332,92.25,0.0018959935685214785,97.29151151999666,C
US_OFF-AP-10003278,92.202,0.0018950070352825729,97.29340652703195,C
APAC_TEC-MA-10003178,92.1825,0.0018946062561542676,97.2953011332881,C
LATAM_OFF-EN-10004211,92.12,0.0018933217076661092,97.29719445499578,C
LATAM_OFF-AR-10003077,92.10000000000001,0.001892910652149899,97.29908736564792,C
APAC_OFF-FA-10000263,91.98,0.0018904443190526352,97.30097780996698,C
APAC_OFF-BI-10004185,91.98,0.0018904443190526352,97.30286825428604,C
US_OFF-PA-10004530,91.84,0.0018875669304391609,97.30475582121647,C
Africa_FUR-OFF-10001798,91.71,0.0018848950695837913,97.30664071628605,C
EMEA_OFF-CAM-10002159,91.62,0.001883045319760844,97.30852376160581,C
Africa_OFF-SAN-10003687,91.5,0.0018805789866635802,97.31040434059247,C
Africa_OFF-XER-10003901,91.44,0.001879345820114948,97.31228368641258,C
EU_OFF-BI-10001249,91.25999999999999,0.0018756463204690525,97.31415933273306,C
Africa_OFF-BOS-10003478,91.179,0.0018739815456284,97.31603331427868,C
EMEA_TEC-NOK-10003341,91.152,0.0018734266206815154,97.31790674089936,C
LATAM_OFF-BI-10001183,91.1,0.0018723578763393677,97.3197790987757,C
APAC_OFF-ST-10000287,91.086,0.00187207013747802,97.32165116891318,C
LATAM_OFF-SU-10003683,91.08,0.0018719468208231573,97.323523115734,C
LATAM_FUR-BO-10003103,91.04,0.001871124709790736,97.3253942404438,C
US_FUR-FU-10002501,91.008,0.001870467020964799,97.32726470746476,C
US_FUR-BO-10001567,90.882,0.0018678773712126721,97.32913258483597,C
Africa_OFF-BIC-10003680,90.864,0.0018675074212480827,97.33100009225723,C
APAC_OFF-ST-10004325,90.86070000000001,0.001867439597087908,97.33286753185432,C
APAC_TEC-AC-10001611,90.84,0.0018670141546286297,97.33473454600895,C
EMEA_OFF-AVE-10000608,90.828,0.0018667675213189035,97.33660131353027,C
US_FUR-CH-10004626,90.801,0.001866212596372019,97.33846752612664,C
EMEA_OFF-CAR-10002054,90.78000000000002,0.001865780988079998,97.34033330711472,C
US_OFF-PA-10001870,90.72,0.001864547821531366,97.34219785493624,C
US_OFF-AP-10004785,90.64,0.0018629035994665237,97.34406075853572,C
EU_OFF-BI-10003152,90.63,0.001862698071708418,97.34592345660742,C
EU_OFF-SU-10001980,90.63,0.001862698071708418,97.34778615467913,C
APAC_OFF-LA-10001803,90.552,0.001861094955195197,97.34964724963432,C
LATAM_OFF-ST-10003648,90.52799999999999,0.0018606016885757439,97.35150785132289,C
LATAM_OFF-LA-10002354,90.524,0.001860519477472502,97.35336837080037,C
LATAM_OFF-LA-10004538,90.52,0.00186043726636926,97.35522880806674,C
EU_OFF-AR-10002852,90.48,0.0018596151553368385,97.35708842322208,C
EU_OFF-ST-10004409,90.465,0.0018593068636996806,97.35894773008577,C
APAC_TEC-MA-10002389,90.4617,0.001859239039539506,97.3608069691253,C
Africa_OFF-ACC-10000808,90.36,0.001857148822239575,97.36266411794755,C
LATAM_OFF-EN-10004956,90.32,0.0018563267112071534,97.36452044465875,C
LATAM_FUR-CH-10004338,90.3,0.001855915655690943,97.36637636031445,C
EMEA_OFF-FIS-10000670,90.24,0.0018546824891423111,97.36823104280359,C
Canada_OFF-BRE-10001343,90.24,0.0018546824891423111,97.37008572529272,C
APAC_OFF-SU-10002002,90.24,0.0018546824891423111,97.37194040778186,C
APAC_OFF-BI-10004483,90.2286,0.0018544481874980712,97.37379485596936,C
EMEA_OFF-EAT-10001933,90.18,0.0018534493225936793,97.37564830529196,C
EU_OFF-FA-10001680,90.17999999999999,0.001853449322593679,97.37750175461456,C
APAC_TEC-MA-10001991,90.072,0.001851229622806142,97.37935298423736,C
LATAM_OFF-PA-10002767,90.0,0.0018497498229477838,97.38120273406031,C
US_TEC-PH-10000376,89.91,0.0018479000731248358,97.38305063413344,C
US_OFF-AR-10003696,89.908,0.0018478589675732147,97.38489849310102,C
LATAM_OFF-LA-10004034,89.888,0.0018474479120570045,97.38674594101307,C
LATAM_TEC-AC-10001951,89.76,0.0018448171567532563,97.38859075816983,C
APAC_FUR-FU-10001933,89.7354,0.0018443115584683171,97.3904350697283,C
EMEA_TEC-CIS-10002544,89.73,0.0018442005734789404,97.39227927030177,C
LATAM_OFF-PA-10003513,89.64,0.0018423508236559926,97.39412162112542,C
EMEA_OFF-IBI-10000099,89.64,0.0018423508236559926,97.39596397194907,C
APAC_OFF-ST-10001534,89.4906,0.0018392802389498994,97.39780325218803,C
APAC_TEC-PH-10004800,89.46,0.001838651324010097,97.39964190351203,C
US_OFF-PA-10001800,89.424,0.001837911424080918,97.40147981493611,C
LATAM_OFF-BI-10001191,89.324,0.0018358561464998648,97.40331567108261,C
EU_OFF-PA-10002369,89.28,0.0018349518243642015,97.40515062290697,C
LATAM_OFF-BI-10000963,89.232,0.001833965291125296,97.4069845881981,C
US_FUR-FU-10003464,89.232,0.001833965291125296,97.40881855348923,C
US_OFF-ST-10000352,89.22,0.0018337186578155696,97.41065227214705,C
LATAM_OFF-BI-10000814,89.2,0.001833307602299359,97.41248557974934,C
EMEA_OFF-ACM-10003978,89.16,0.0018324854912669377,97.41431806524061,C
LATAM_OFF-SU-10002983,89.16,0.0018324854912669377,97.41615055073187,C
APAC_OFF-ST-10001743,89.16,0.0018324854912669377,97.41798303622313,C
Africa_OFF-BIN-10003327,89.13300000000001,0.0018319305663200536,97.41981496678946,C
Africa_FUR-TEN-10002448,89.04,0.0018300191581696742,97.42164498594762,C
EU_OFF-FA-10002071,89.03999999999999,0.001830019158169674,97.42347500510579,C
US_OFF-BI-10003638,89.00999999999999,0.0018294025748953578,97.42530440768068,C
APAC_OFF-EN-10002048,88.884,0.0018268129251432313,97.42713122060583,C
LATAM_OFF-FA-10000522,88.828,0.0018256619696978417,97.42895688257553,C
Africa_OFF-STA-10004327,88.8,0.0018250864919751465,97.43078196906751,C
US_TEC-PH-10004348,88.752,0.001824099958736241,97.43260606902625,C
APAC_OFF-BI-10001293,88.74,0.0018238533254265148,97.43442992235168,C
EU_OFF-SU-10000782,88.68,0.0018226201588778831,97.43625254251056,C
LATAM_FUR-FU-10000060,88.572,0.0018204004590903456,97.43807294296965,C
EMEA_OFF-ACM-10000777,88.56,0.0018201538257806194,97.43989309679543,C
EU_OFF-AR-10003031,88.44,0.0018176874926833556,97.44171078428812,C
EMEA_TEC-CIS-10003676,88.44,0.0018176874926833556,97.44352847178081,C
APAC_OFF-SU-10004938,88.404,0.0018169475927541762,97.44534541937357,C
EU_OFF-PA-10000393,88.35,0.0018158377428604076,97.44716125711642,C
Africa_TEC-LOG-10003995,88.26,0.00181398799303746,97.44897524510945,C
APAC_TEC-AC-10001312,88.26,0.00181398799303746,97.45078923310248,C
APAC_FUR-CH-10001317,88.254,0.001813864676382597,97.45260309777886,C
Africa_OFF-TEN-10002065,88.224,0.0018132480931082808,97.45441634587198,C
LATAM_OFF-BI-10001892,88.2,0.001812754826488828,97.45622910069847,C
Africa_FUR-SAF-10002616,88.2,0.001812754826488828,97.45804185552495,C
EU_FUR-FU-10001063,88.19999999999999,0.0018127548264888277,97.45985461035144,C
LATAM_OFF-BI-10004200,88.19200000000001,0.0018125904042823441,97.46166720075573,C
EU_OFF-BI-10004007,88.11,0.0018109050766658803,97.4634781058324,C
US_OFF-BI-10002931,88.074,0.001810165176736701,97.46528827100913,C
APAC_OFF-BI-10001096,88.0215,0.0018090861560066483,97.46709735716513,C
Africa_FUR-DEF-10000720,88.02,0.0018090553268429327,97.46890641249198,C
EMEA_FUR-SAF-10004664,87.96,0.0018078221602943006,97.47071423465226,C
APAC_OFF-SU-10003355,87.96,0.0018078221602943006,97.47252205681255,C
LATAM_OFF-AR-10003291,87.936,0.001807328893674848,97.47432938570623,C
LATAM_OFF-BI-10002062,87.912,0.0018068356270553951,97.47613622133328,C
APAC_FUR-FU-10001098,87.9,0.001806588993745669,97.47794281032702,C
EU_FUR-FU-10002655,87.9,0.001806588993745669,97.47974939932077,C
EMEA_OFF-FIS-10004915,87.84,0.0018053558271970372,97.48155475514797,C
Canada_OFF-AME-10002956,87.84,0.0018053558271970372,97.48336011097517,C
LATAM_OFF-EN-10000940,87.84,0.0018053558271970372,97.48516546680237,C
US_OFF-PA-10004082,87.78,0.0018041226606484051,97.48696958946302,C
EMEA_OFF-BOS-10000363,87.66,0.0018016563275511414,97.48877124579057,C
LATAM_OFF-SU-10003474,87.624,0.0018009164276219622,97.4905721622182,C
EU_FUR-FU-10003986,87.6,0.0018004231610025093,97.4923725853792,C
US_OFF-AP-10001563,87.444,0.0017972169279760666,97.49416980230718,C
LATAM_OFF-BI-10000769,87.4,0.0017963126058404034,97.49596611491302,C
LATAM_OFF-BI-10004980,87.4,0.0017963126058404034,97.49776242751885,C
US_OFF-AR-10003156,87.376,0.0017958193392209507,97.49955824685807,C
EU_OFF-EN-10000053,87.36,0.0017954904948079822,97.50135373735289,C
LATAM_OFF-PA-10000320,87.36,0.0017954904948079822,97.5031492278477,C
APAC_OFF-LA-10003444,87.36,0.0017954904948079822,97.50494471834251,C
EU_OFF-LA-10004280,87.237,0.0017929625033832868,97.5067376808459,C
APAC_FUR-FU-10001078,87.156,0.0017912977285426338,97.50852897857445,C
EMEA_OFF-WIL-10000146,87.156,0.0017912977285426338,97.51032027630299,C
EU_OFF-EN-10003834,87.075,0.0017896329537019809,97.5121099092567,C
Africa_OFF-SAN-10001295,87.03,0.0017887080787905069,97.51389861733549,C
EMEA_OFF-SME-10002250,87.0,0.001788091495516191,97.515686708831,C
APAC_OFF-AR-10001134,86.94,0.0017868583289675592,97.51747356715997,C
LATAM_TEC-AC-10001705,86.94,0.0017868583289675592,97.51926042548894,C
EMEA_TEC-OKI-10002752,86.85,0.0017850085791446112,97.52104543406809,C
EMEA_TEC-LOG-10003539,86.688,0.0017816790294633053,97.52282711309755,C
LATAM_OFF-EN-10003577,86.604,0.0017799525962952207,97.52460706569384,C
Africa_OFF-STI-10000305,86.562,0.0017790893797111783,97.52638615507355,C
Africa_OFF-IBI-10000440,86.526,0.001778349479781999,97.52816450455333,C
Africa_OFF-HAR-10003659,86.4,0.0017757598300298725,97.52994026438336,C
Africa_OFF-ROG-10000332,86.4,0.0017757598300298725,97.53171602421338,C
EMEA_OFF-BIC-10004826,86.352,0.001774773296790967,97.53349079751017,C
US_OFF-PA-10000174,86.352,0.001774773296790967,97.53526557080696,C
EMEA_OFF-ELD-10004625,86.346,0.0017746499801361037,97.53704022078709,C
EMEA_OFF-AVE-10000357,86.346,0.0017746499801361037,97.53881487076723,C
EMEA_OFF-WIL-10003933,86.292,0.0017735401302423352,97.54058841089747,C
Africa_OFF-STO-10004779,86.22,0.0017720603303839767,97.54236047122785,C
US_OFF-SU-10004782,86.19,0.001771443747109661,97.54413191497495,C
EU_OFF-BI-10001544,86.184,0.0017713204304547977,97.5459032354054,C
APAC_OFF-BI-10003646,86.13,0.001770210580561029,97.54767344598596,C
EU_TEC-MA-10004198,86.115,0.001769902288923871,97.54944334827489,C
Africa_TEC-MOT-10004111,86.112,0.0017698406305964394,97.55121318890549,C
EMEA_OFF-KLE-10001699,86.03999999999999,0.0017683608307380813,97.55298154973623,C
LATAM_OFF-PA-10000705,86.016,0.0017678675641186288,97.55474941730034,C
APAC_OFF-PA-10004648,85.9872,0.0017672756441752854,97.55651669294451,C
LATAM_OFF-FA-10002491,85.956,0.0017666343975699967,97.55828332734208,C
APAC_OFF-BI-10001645,85.9548,0.0017666097342390241,97.56004993707631,C
APAC_OFF-BI-10002446,85.932,0.001766141130950544,97.56181607820727,C
LATAM_OFF-SU-10004480,85.92,0.0017658944976408175,97.56358197270491,C
EU_OFF-LA-10002996,85.92,0.0017658944976408175,97.56534786720255,C
LATAM_OFF-EN-10000812,85.8,0.0017634281645435537,97.56711129536708,C
EMEA_FUR-HON-10000191,85.75200000000001,0.0017624416313046485,97.56887373699838,C
Africa_FUR-DAN-10002631,85.68,0.0017609618314462904,97.57063469882983,C
APAC_OFF-LA-10002493,85.68,0.0017609618314462904,97.57239566066129,C
APAC_OFF-BI-10001286,85.6641,0.0017606350423109028,97.5741562957036,C
LATAM_OFF-FA-10002084,85.652,0.0017603863537235954,97.57591668205733,C
LATAM_OFF-ST-10002176,85.62,0.0017597286648976583,97.57767641072222,C
LATAM_FUR-FU-10003112,85.608,0.0017594820315879319,97.5794358927538,C
US_FUR-FU-10000246,85.53999999999999,0.0017580844428328156,97.58119397719663,C
LATAM_OFF-AP-10002753,85.536,0.0017580022317295737,97.58295197942836,C
APAC_OFF-LA-10002107,85.428,0.0017557825319420362,97.5847077619603,C
Africa_OFF-BOS-10000350,85.32,0.0017535628321544987,97.58646132479245,C
APAC_OFF-EN-10002007,85.272,0.0017525762989155935,97.58821390109136,C
Africa_OFF-BIN-10000837,85.25999999999999,0.001752329665605867,97.58996623075697,C
APAC_OFF-BI-10002627,85.239,0.0017518980573138462,97.59171812881428,C
EMEA_OFF-AME-10002557,85.19999999999999,0.001751096499057235,97.59346922531334,C
US_OFF-PA-10002246,85.14,0.0017498633325086033,97.59521908864585,C
EMEA_FUR-TEN-10003552,85.104,0.0017491234325794245,97.59696821207842,C
APAC_OFF-AR-10000249,85.05000000000001,0.0017480135826856559,97.59871622566111,C
APAC_OFF-SU-10004696,85.041,0.0017478286077033608,97.60046405426881,C
EMEA_TEC-PAN-10004279,84.96,0.0017461638328627078,97.60221021810167,C
EMEA_TEC-ENE-10002254,84.96,0.0017461638328627078,97.60395638193454,C
US_TEC-AC-10001542,84.952,0.0017459994106562237,97.6057023813452,C
US_TEC-PH-10001536,84.95,0.0017459583051046025,97.6074483396503,C
US_OFF-BI-10003712,84.943,0.0017458144356739288,97.60919415408598,C
LATAM_FUR-FU-10004019,84.84,0.001743697499765444,97.61093785158575,C
US_TEC-PH-10003800,84.784,0.0017425465443200545,97.61268039813007,C
EMEA_OFF-KIT-10001899,84.75,0.0017418477499424965,97.61442224588001,C
APAC_OFF-LA-10000635,84.72749999999999,0.0017413853124867591,97.61616363119249,C
Africa_FUR-NOV-10000222,84.72,0.0017412311666681803,97.61790486235915,C
US_OFF-BI-10000050,84.68,0.0017404090556357593,97.6196452714148,C
LATAM_OFF-FA-10000455,84.672,0.0017402446334292747,97.62138551604822,C
LATAM_OFF-BI-10001927,84.672,0.0017402446334292747,97.62312576068165,C
APAC_OFF-LA-10002086,84.672,0.0017402446334292747,97.62486600531507,C
EMEA_TEC-KON-10000302,84.6,0.0017387648335709166,97.62660477014865,C
LATAM_OFF-LA-10002063,84.6,0.0017387648335709166,97.62834353498222,C
Africa_FUR-NOV-10002911,84.48,0.0017362985004736532,97.6300798334827,C
Africa_OFF-STI-10003234,84.3,0.0017325990008277574,97.63181243248353,C
Africa_TEC-BEL-10001971,84.3,0.0017325990008277574,97.63354503148436,C
LATAM_FUR-FU-10004598,84.3,0.0017325990008277574,97.63527763048519,C
LATAM_FUR-CH-10002226,84.256,0.001731694678692094,97.63700932516389,C
Africa_OFF-STA-10002654,84.25200000000001,0.0017316124675888522,97.63874093763148,C
US_OFF-PA-10004735,84.24000000000001,0.0017313658342791257,97.64047230346576,C
EU_OFF-LA-10001831,84.24,0.0017313658342791253,97.64220366930003,C
LATAM_OFF-FA-10000447,84.24,0.0017313658342791253,97.6439350351343,C
APAC_OFF-PA-10000382,84.24,0.0017313658342791253,97.64566640096858,C
LATAM_OFF-AR-10004215,84.192,0.00173037930104022,97.64739678026962,C
APAC_OFF-BI-10004700,84.1617,0.0017297565519331611,97.64912653682156,C
LATAM_OFF-PA-10000867,84.1,0.0017284884456656513,97.65085502526722,C
US_OFF-PA-10003673,84.072,0.0017279129679429563,97.65258293823516,C
LATAM_OFF-PA-10002418,84.0,0.0017264331680845982,97.65430937140324,C
APAC_OFF-ST-10000884,83.952,0.0017254466348456926,97.6560348180381,C
LATAM_OFF-SU-10004110,83.94800000000001,0.001725364423742451,97.65776018246184,C
US_OFF-BI-10004308,83.92,0.001724788946019756,97.65948497140786,C
LATAM_OFF-ST-10002546,83.916,0.0017247067349165134,97.66120967814278,C
APAC_OFF-PA-10000302,83.88,0.0017239668349873344,97.66293364497777,C
EU_OFF-BI-10004644,83.82,0.0017227336684387026,97.66465637864621,C
LATAM_OFF-LA-10002334,83.82,0.0017227336684387026,97.66637911231466,C
Canada_OFF-BIN-10004563,83.78999999999999,0.0017221170851643864,97.66810122939982,C
LATAM_OFF-BI-10002080,83.764,0.001721582712993313,97.66982281211281,C
APAC_OFF-SU-10000496,83.6976,0.0017202180086794935,97.6715430301215,C
US_OFF-PA-10002195,83.688,0.0017200207020317125,97.67326305082354,C
Africa_OFF-HOO-10003269,83.64,0.001719034168792807,97.67498208499232,C
APAC_OFF-AR-10001329,83.6052,0.0017183189321946003,97.67670040392451,C
US_OFF-ST-10002182,83.56,0.0017173899467279646,97.67841779387125,C
EMEA_TEC-ENE-10003801,83.46,0.0017153346691469113,97.68013312854039,C
Africa_TEC-ENE-10004192,83.46,0.0017153346691469113,97.68184846320953,C
EU_OFF-SU-10001125,83.34,0.0017128683360496477,97.68356133154558,C
APAC_FUR-FU-10001452,83.22,0.001710402002952384,97.68527173354853,C
LATAM_OFF-LA-10002895,83.16,0.001709168836403752,97.68698090238493,C
LATAM_OFF-AR-10000503,83.08,0.0017075246143389096,97.68868842699926,C
EMEA_OFF-HOO-10000638,83.07,0.0017073190865808043,97.69039574608584,C
US_OFF-PA-10004451,82.944,0.0017047294368286777,97.69210047552266,C
US_OFF-PA-10003349,82.944,0.0017047294368286777,97.69380520495949,C
US_FUR-FU-10004973,82.896,0.001703742903589772,97.69550894786308,C
LATAM_OFF-ST-10004631,82.88,0.0017034140591768035,97.69721236192225,C
EU_OFF-FA-10004344,82.8,0.001701769837111961,97.69891413175937,C
US_OFF-BI-10001617,82.72,0.0017001256150471187,97.70061425737441,C
EU_FUR-CH-10003794,82.704,0.0016997967706341498,97.70231405414505,C
US_FUR-FU-10004845,82.64,0.001698481392982276,97.70401253553803,C
APAC_OFF-FA-10002058,82.602,0.0016977003875014761,97.70571023592552,C
Africa_TEC-MOT-10002689,82.59,0.0016974537541917497,97.70740768967971,C
EU_OFF-AP-10003210,82.56,0.0016968371709174335,97.70910452685062,C
EU_OFF-LA-10003591,82.56,0.0016968371709174335,97.71080136402153,C
Africa_OFF-BIC-10002942,82.56,0.0016968371709174335,97.71249820119245,C
APAC_OFF-SU-10002306,82.4568,0.0016947161244537869,97.7141929173169,C
US_OFF-SU-10004498,82.432,0.0016942064156136856,97.7158871237325,C
EU_OFF-EN-10003360,82.38,0.0016931376712715379,97.71758026140377,C
LATAM_OFF-PA-10001972,82.32,0.0016919045047229062,97.71927216590849,C
APAC_TEC-PH-10003772,82.161,0.0016886366133690319,97.72096080252186,C
APAC_OFF-LA-10002139,82.13040000000001,0.0016880076984292296,97.72264881022029,C
EU_OFF-LA-10003390,82.08,0.0016869718385283787,97.72433578205882,C
LATAM_OFF-PA-10002818,82.08,0.0016869718385283787,97.72602275389734,C
EMEA_OFF-AVE-10001750,81.99,0.0016851220887054309,97.72770787598604,C
LATAM_OFF-EN-10001861,81.96,0.001684505505431115,97.72939238149148,C
US_FUR-BO-10002853,81.94,0.0016840944499149045,97.73107647594139,C
US_OFF-AP-10000252,81.9,0.0016832723388824833,97.73275974828027,C
APAC_OFF-BI-10003879,81.9,0.0016832723388824833,97.73444302061915,C
Africa_OFF-GLO-10000485,81.9,0.0016832723388824833,97.73612629295803,C
Africa_OFF-ACC-10002220,81.744,0.0016800661058560405,97.7378063590639,C
US_OFF-BI-10003981,81.72,0.0016795728392365876,97.73948593190313,C
Canada_TEC-BEL-10003177,81.69,0.0016789562559622717,97.74116488815909,C
APAC_OFF-BI-10001067,81.6816,0.0016787836126454633,97.74284367177174,C
US_OFF-PA-10001972,81.648,0.0016780930393782293,97.74452176481111,C
US_OFF-PA-10003848,81.648,0.0016780930393782293,97.74619985785048,C
US_FUR-FU-10000820,81.55199999999999,0.0016761199729004184,97.74787597782338,C
EMEA_OFF-STO-10003342,81.54,0.0016758733395906922,97.74955185116298,C
US_OFF-AP-10002222,81.49799999999999,0.0016750101230066496,97.75122686128599,C
APAC_TEC-AC-10002756,81.48,0.0016746401730420603,97.75290150145902,C
APAC_OFF-EN-10002090,81.46170000000001,0.0016742640572447276,97.75457576551626,C
EU_OFF-BI-10001055,81.405,0.0016730987148562706,97.75624886423113,C
APAC_OFF-AR-10000465,81.375,0.0016724821315819544,97.7579213463627,C
APAC_OFF-PA-10003938,81.324,0.0016714339400156172,97.75959278030273,C
US_OFF-BI-10000088,81.252,0.001669954140157259,97.76126273444288,C
Africa_OFF-STI-10000388,81.24,0.0016697075068475328,97.76293244194973,C
EMEA_OFF-STI-10000388,81.24,0.0016697075068475328,97.76460214945658,C
EU_OFF-SU-10000877,81.18,0.0016684743402989011,97.76627062379687,C
APAC_OFF-LA-10004430,81.1725,0.0016683201944803219,97.76793894399135,C
Africa_TEC-MOT-10001950,81.03,0.0016653914239273212,97.76960433541528,C
LATAM_TEC-AC-10002749,81.0,0.0016647748406530053,97.77126911025593,C
EU_TEC-AC-10000397,81.0,0.0016647748406530053,97.77293388509658,C
LATAM_TEC-AC-10001197,80.952,0.0016637883074140998,97.77459767340399,C
LATAM_OFF-EN-10000315,80.928,0.0016632950407946471,97.77626096844479,C
APAC_OFF-EN-10004977,80.8806,0.001662320839221228,97.777923289284,C
US_OFF-ST-10002562,80.668,0.0016579513190839092,97.7795812406031,C
Africa_TEC-ENE-10000895,80.58,0.0016561426748125823,97.78123738327791,C
EMEA_TEC-CIS-10001877,80.46,0.0016536763417153186,97.78289105961963,C
Africa_TEC-CIS-10001877,80.46,0.0016536763417153186,97.78454473596135,C
APAC_OFF-BI-10002558,80.4,0.001652443175166687,97.78619717913651,C
APAC_OFF-AR-10001043,80.3964,0.0016523691851737688,97.78784954832169,C
APAC_OFF-SU-10003897,80.35199999999999,0.0016514566419277813,97.78950100496361,C
EMEA_FUR-HAR-10004726,80.304,0.0016504701086888758,97.7911514750723,C
LATAM_OFF-EN-10004100,80.1,0.0016462773424235273,97.79279775241471,C
LATAM_OFF-EN-10002490,80.1,0.0016462773424235273,97.79444402975713,C
US_OFF-PA-10000587,80.08,0.0016458662869073169,97.79608989604404,C
LATAM_OFF-LA-10004777,80.0,0.0016442220648424746,97.79773411810888,C
US_TEC-AC-10001998,79.96,0.0016433999538100533,97.79937751806268,C
EMEA_OFF-NOV-10000141,79.92,0.0016425778427776319,97.80102009590546,C
EMEA_OFF-STO-10004503,79.92,0.0016425778427776319,97.80266267374823,C
LATAM_OFF-ST-10000880,79.9,0.0016421667872614214,97.8043048405355,C
US_FUR-FU-10000448,79.9,0.0016421667872614214,97.80594700732276,C
EU_OFF-AR-10001462,79.80000000000001,0.0016401115096803685,97.80758711883244,C
EMEA_FUR-TEN-10004549,79.80000000000001,0.0016401115096803685,97.80922723034213,C
EU_OFF-FA-10003836,79.80000000000001,0.0016401115096803685,97.81086734185182,C
US_FUR-FU-10000397,79.76,0.001639289398647947,97.81250663125047,C
EMEA_TEC-MOT-10000851,79.74,0.0016388783431317364,97.8141455095936,C
EMEA_OFF-EAT-10002068,79.74,0.0016388783431317364,97.81578438793673,C
LATAM_OFF-EN-10002096,79.68,0.0016376451765831048,97.81742203311332,C
US_OFF-PA-10003893,79.608,0.0016361653767247462,97.81905819849004,C
US_OFF-AP-10001303,79.6,0.001636000954518262,97.82069419944456,C
LATAM_OFF-FA-10002286,79.52,0.0016343567324534195,97.82232855617701,C
Africa_TEC-BEL-10004162,79.5,0.001633945676937209,97.82396250185396,C
LATAM_TEC-AC-10001696,79.5,0.001633945676937209,97.8255964475309,C
US_OFF-ST-10000615,79.44999999999999,0.0016329180381466821,97.82722936556904,C
US_OFF-EN-10003134,79.42399999999999,0.0016323836659756083,97.82886174923502,C
LATAM_OFF-EN-10003472,79.4,0.0016318903993561558,97.83049363963437,C
Africa_OFF-STA-10004484,79.38,0.0016314793438399451,97.83212511897821,C
Africa_TEC-EPS-10001651,79.38,0.0016314793438399451,97.83375659832205,C
Africa_OFF-KLE-10002869,79.38,0.0016314793438399451,97.8353880776659,C
APAC_OFF-FA-10003962,79.3569,0.001631004574718722,97.83701908224062,C
EU_OFF-ST-10000355,79.305,0.0016299378856541554,97.83864902012627,C
LATAM_OFF-AR-10001879,79.296,0.0016297529106718606,97.84027877303694,C
LATAM_OFF-SU-10001476,79.296,0.0016297529106718606,97.84190852594762,C
APAC_FUR-FU-10002848,79.29,0.0016296295940169978,97.84353815554164,C
Canada_TEC-SAN-10001899,79.29,0.0016296295940169978,97.84516778513566,C
EU_OFF-BI-10003281,79.2,0.0016277798441940497,97.84679556497986,C
EMEA_OFF-IBI-10000080,79.2,0.0016277798441940497,97.84842334482406,C
EMEA_OFF-ACM-10003591,79.16399999999999,0.0016270399442648706,97.85005038476832,C
EU_FUR-FU-10000432,79.128,0.0016263000443356916,97.85167668481266,C
US_FUR-FU-10003798,79.12,0.0016261356221292074,97.85330282043479,C
EU_OFF-ST-10004296,79.068,0.0016250668777870595,97.85492788731258,C
US_OFF-BI-10004817,79.068,0.0016250668777870595,97.85655295419038,C
US_FUR-FU-10002088,79.024,0.0016241625556513964,97.85817711674603,C
EU_OFF-LA-10000648,78.84,0.0016203808449022589,97.85979749759093,C
US_OFF-ST-10003641,78.8,0.0016195587338698372,97.8614170563248,C
EMEA_OFF-XER-10003203,78.75,0.0016185310950793108,97.86303558741987,C
EU_OFF-EN-10000673,78.75,0.0016185310950793108,97.86465411851495,C
LATAM_OFF-EN-10001443,78.72,0.0016179145118049947,97.86627203302676,C
US_OFF-LA-10001771,78.684,0.001617174611875816,97.86788920763864,C
US_TEC-MA-10003173,78.66,0.001616681345256363,97.8695058889839,C
EMEA_OFF-KIT-10000624,78.624,0.0016159414453271838,97.87112183042922,C
APAC_OFF-AR-10000762,78.57,0.001614831595433415,97.87273666202465,C
LATAM_OFF-EN-10000761,78.5,0.001613392901126678,97.87435005492577,C
EMEA_TEC-EPS-10004171,78.408,0.001611502045752109,97.87596155697152,C
EU_OFF-BI-10001507,78.33,0.0016098989292388879,97.87757145590076,C
APAC_OFF-BI-10001967,78.3255,0.0016098064417477405,97.87918126234251,C
LATAM_OFF-EN-10004935,78.3,0.0016092823459645717,97.88079054468848,C
LATAM_OFF-EN-10000139,78.3,0.0016092823459645717,97.88239982703445,C
EU_OFF-AR-10000953,78.12,0.0016055828463186763,97.88400540988077,C
Africa_OFF-FIS-10003234,78.0,0.0016031165132214125,97.885608526394,C
LATAM_OFF-FA-10003799,78.0,0.0016031165132214125,97.88721164290722,C
EU_TEC-AC-10003711,77.94,0.0016018833466727805,97.88881352625388,C
LATAM_OFF-SU-10001683,77.76,0.0015981838470268855,97.8904117101009,C
APAC_FUR-FU-10000256,77.715,0.0015972589721154114,97.89200896907302,C
EU_OFF-FA-10001892,77.64,0.0015957175139296213,97.89360468658695,C
US_OFF-BI-10003007,77.56,0.001594073291864779,97.89519875987882,C
Africa_OFF-ELD-10001832,77.52000000000001,0.001593251180832358,97.89679201105966,C
EU_OFF-BI-10000563,77.52,0.0015932511808323575,97.8983852622405,C
Africa_OFF-BRE-10004933,77.46,0.0015920180142837258,97.89997728025477,C
EMEA_OFF-KLE-10002340,77.424,0.0015912781143545469,97.90156855836914,C
Africa_OFF-AVE-10004556,77.274,0.0015881951979829672,97.90315675356712,C
APAC_OFF-SU-10004848,77.1705,0.001586067985686577,97.9047428215528,C
APAC_OFF-EN-10003422,77.16,0.0015858521815405667,97.90632867373434,C
US_OFF-BI-10003305,77.142,0.0015854822315759772,97.90791415596591,C
LATAM_TEC-AC-10001013,77.04,0.001583385848443303,97.90949754181436,C
EU_OFF-PA-10000301,76.95,0.0015815360986203553,97.91107907791299,C
EMEA_OFF-BIC-10001823,76.944,0.001581412781965492,97.91266049069495,C
APAC_OFF-SU-10004434,76.8924,0.0015803522587336683,97.91424084295367,C
EMEA_OFF-ADV-10000177,76.86,0.001579686348797407,97.91582052930247,C
EU_OFF-AP-10004665,76.788,0.0015782065489390491,97.9173987358514,C
US_OFF-PA-10004327,76.64,0.0015751647381190906,97.91897390058952,C
EMEA_OFF-STA-10003803,76.608,0.0015745070492931535,97.92054840763882,C
Africa_OFF-BOS-10004262,76.56,0.0015735205160542479,97.92212192815488,C
US_OFF-AR-10003179,76.524,0.0015727806161250691,97.92369470877101,C
EMEA_OFF-TEN-10001129,76.524,0.0015727806161250691,97.92526748938714,C
US_OFF-AR-10003478,76.51599999999999,0.0015726161939185845,97.92684010558106,C
EMEA_TEC-BRO-10001852,76.452,0.0015713008162667106,97.92841140639733,C
EMEA_OFF-STA-10003908,76.44,0.0015710541829569843,97.92998246058029,C
Africa_OFF-ACM-10003510,76.32000000000001,0.0015685878498597208,97.93155104843015,C
US_OFF-PA-10000791,76.32,0.0015685878498597206,97.93311963628001,C
APAC_OFF-SU-10000954,76.32,0.0015685878498597206,97.93468822412987,C
Canada_OFF-KLE-10004112,76.26,0.0015673546833110887,97.93625557881319,C
APAC_OFF-LA-10002319,76.257,0.001567293024983657,97.93782287183818,C
US_OFF-EN-10000483,76.25,0.0015671491555529834,97.93939002099373,C
APAC_OFF-EN-10002985,76.23,0.0015667381000367732,97.94095675909377,C
EU_OFF-EN-10000274,76.2,0.001566121516762457,97.94252288061053,C
APAC_TEC-AC-10004904,76.2,0.001566121516762457,97.94408900212728,C
APAC_TEC-AC-10003451,76.1808,0.001565726903466895,97.94565472903075,C
Africa_OFF-ELD-10004324,76.176,0.0015656282501430043,97.9472203572809,C
EMEA_OFF-FIS-10001591,76.14,0.001564888350213825,97.94878524563111,C
LATAM_OFF-AP-10001565,76.08,0.0015636551836651932,97.95034890081477,C
Africa_OFF-AVE-10004159,76.08,0.0015636551836651932,97.95191255599843,C
APAC_OFF-BI-10004440,75.92670000000001,0.001560504443133439,97.95347306044157,C
LATAM_OFF-PA-10003664,75.92,0.0015603667395355082,97.9550334271811,C
LATAM_OFF-AP-10003400,75.92,0.0015603667395355082,97.95659379392065,C
APAC_OFF-EN-10002434,75.87,0.0015593391007449819,97.9581531330214,C
LATAM_OFF-EN-10001047,75.76,0.0015570782954058234,97.9597102113168,C
LATAM_OFF-AR-10004012,75.6,0.0015537898512761384,97.96126400116808,C
Africa_FUR-RUB-10003699,75.6,0.0015537898512761384,97.96281779101935,C
LATAM_OFF-FA-10001175,75.6,0.0015537898512761384,97.96437158087062,C
EU_OFF-LA-10002324,75.6,0.0015537898512761384,97.96592537072189,C
US_TEC-PH-10003589,75.55799999999999,0.0015529266346920958,97.96747829735658,C
EMEA_OFF-BOS-10000577,75.48,0.0015513235181788747,97.96902962087476,C
LATAM_FUR-FU-10001692,75.44,0.0015505014071464532,97.97058012228192,C
EU_FUR-FU-10000605,75.36,0.001548857185081611,97.972128979467,C
US_FUR-FU-10004091,75.36,0.001548857185081611,97.97367783665209,C
US_OFF-AP-10002350,75.36,0.001548857185081611,97.97522669383717,C
LATAM_OFF-LA-10002868,75.24000000000001,0.0015463908519843474,97.97677308468916,C
APAC_OFF-EN-10003512,75.24,0.0015463908519843471,97.97831947554114,C
US_OFF-LA-10002762,75.18,0.0015451576854357153,97.97986463322658,C
LATAM_OFF-PA-10003492,75.164,0.001544828841022747,97.9814094620676,C
LATAM_OFF-PA-10001004,75.136,0.001544253363300052,97.98295371543091,C
Africa_OFF-BRE-10000448,75.132,0.00154417115219681,97.9844978865831,C
EMEA_OFF-STA-10004163,75.072,0.001542937985648178,97.98604082456875,C
US_OFF-PA-10001950,75.06,0.0015426913523384517,97.98758351592109,C
APAC_OFF-BI-10000518,75.057,0.00154262969401102,97.9891261456151,C
APAC_OFF-EN-10004144,75.03299999999999,0.0015421364273915672,97.99066828204249,C
LATAM_FUR-FU-10001765,74.97,0.001540841602515504,97.99220912364501,C
EU_OFF-LA-10000508,74.97,0.001540841602515504,97.99374996524753,C
EMEA_OFF-SAN-10004426,74.952,0.0015404716525509142,97.99529043690008,C
US_OFF-BI-10001036,74.94800000000001,0.0015403894414476726,97.99683082634152,C
EMEA_OFF-BRE-10001378,74.85,0.0015383752694182401,97.99836920161094,C
APAC_OFF-PA-10000030,74.7942,0.0015372284245280126,97.99990643003547,C
APAC_FUR-CH-10003336,74.772,0.0015367721529050188,98.00144320218837,C
LATAM_OFF-AR-10002346,74.676,0.001534799086427208,98.0029780012748,C
Africa_TEC-NOK-10003034,74.664,0.0015345524531174815,98.00451255372792,C
EMEA_TEC-MOT-10002260,74.61,0.0015334426032237126,98.00604599633114,C
APAC_OFF-ST-10000701,74.592,0.0015330726532591231,98.0075790689844,C
Africa_TEC-STA-10001407,74.52,0.001531592853400765,98.0091106618378,C
EMEA_TEC-SAM-10002682,74.49,0.0015309762701264489,98.01064163810793,C
Canada_FUR-HAR-10002632,74.49,0.0015309762701264489,98.01217261437806,C
EU_FUR-CH-10003355,74.49,0.0015309762701264489,98.01370359064819,C
Africa_FUR-HAR-10002632,74.49,0.0015309762701264489,98.01523456691832,C
US_OFF-EN-10004773,74.352,0.0015281399870645958,98.01676270690538,C
LATAM_OFF-FA-10004186,74.292,0.001526906820515964,98.0182896137259,C
APAC_OFF-BI-10000168,74.271,0.0015264752122239426,98.01981608893813,C
US_OFF-BI-10001634,74.256,0.001526166920586785,98.02134225585871,C
EMEA_TEC-EPS-10001323,74.256,0.001526166920586785,98.0228684227793,C
EMEA_TEC-STA-10000546,74.22,0.0015254270206576058,98.02439384979995,C
EMEA_OFF-HON-10004014,74.16,0.0015241938541089737,98.02591804365406,C
LATAM_OFF-LA-10004799,74.16,0.0015241938541089737,98.02744223750817,C
Africa_OFF-SAN-10003285,74.16,0.0015241938541089737,98.02896643136228,C
US_OFF-BI-10001097,74.137,0.0015237211402653315,98.03049015250254,C
US_OFF-ST-10000918,74.12,0.0015233717430765527,98.03201352424561,C
APAC_OFF-LA-10000869,74.106,0.001523084004215205,98.03353660824983,C
LATAM_FUR-FU-10000885,74.1,0.0015229606875603418,98.0350595689374,C
Africa_OFF-STO-10003802,74.09400000000001,0.001522837370905479,98.0365824063083,C
Africa_TEC-LOG-10003254,73.95,0.0015198777711887624,98.03810228407949,C
EU_OFF-SU-10003924,73.926,0.0015193845045693097,98.03962166858406,C
LATAM_OFF-EN-10003425,73.92,0.0015192611879144464,98.04114092977197,C
US_OFF-PA-10002036,73.872,0.0015182746546755408,98.04265920442664,C
US_OFF-PA-10000304,73.872,0.0015182746546755408,98.04417747908131,C
US_OFF-AR-10003903,73.74600000000001,0.0015156850049234142,98.04569316408623,C
APAC_OFF-ST-10001458,73.656,0.0015138352551004664,98.04720699934133,C
APAC_OFF-FA-10003980,73.623,0.0015131570134987189,98.04872015635483,C
APAC_OFF-BI-10004224,73.59,0.0015124787718969713,98.05023263512673,C
EU_FUR-FU-10000913,73.494,0.0015105057054191602,98.05174314083216,C
EU_OFF-LA-10001676,73.44,0.0015093958555253916,98.05325253668768,C
Africa_OFF-JIF-10002184,73.44,0.0015093958555253916,98.0547619325432,C
EU_OFF-EN-10001854,73.44,0.0015093958555253916,98.05627132839872,C
APAC_OFF-AP-10002497,73.44,0.0015093958555253916,98.05778072425424,C
EU_FUR-BO-10000120,73.41,0.0015087792722510754,98.0592895035265,C
US_OFF-AP-10000027,73.33200000000001,0.0015071761557378543,98.06079667968224,C
US_OFF-ST-10004258,73.26,0.0015056963558794962,98.06230237603812,C
EU_OFF-LA-10000356,73.25999999999999,0.0015056963558794957,98.063808072394,C
EMEA_FUR-IKE-10003796,73.224,0.0015049564559503168,98.06531302884994,C
Africa_OFF-XER-10000566,73.224,0.0015049564559503168,98.06681798530589,C
Africa_TEC-NOK-10003560,73.2,0.0015044631893308643,98.06832244849522,C
EU_TEC-PH-10003549,73.2,0.0015044631893308643,98.06982691168456,C
EMEA_TEC-SAM-10003891,73.2,0.0015044631893308643,98.07133137487389,C
LATAM_OFF-EN-10004742,73.152,0.0015034766560919587,98.07283485152999,C
US_OFF-LA-10001934,73.1,0.001502407911749811,98.07433725944173,C
Africa_TEC-STA-10003081,72.93,0.0014989139398620208,98.07583617338159,C
EU_OFF-SU-10001813,72.864,0.0014975574566585257,98.07733373083825,C
EMEA_TEC-CIS-10002598,72.828,0.0014968175567293468,98.07883054839498,C
EMEA_OFF-ADV-10004030,72.75,0.0014952144402161252,98.08032576283519,C
APAC_OFF-FA-10002156,72.75,0.0014952144402161252,98.0818209772754,C
EMEA_TEC-MEM-10000649,72.672,0.0014936113237029038,98.08331458859911,C
LATAM_OFF-BI-10004275,72.64,0.0014929536348769667,98.08480754223399,C
LATAM_OFF-SU-10002521,72.64,0.0014929536348769667,98.08630049586887,C
LATAM_OFF-FA-10003499,72.64,0.0014929536348769667,98.08779344950375,C
US_OFF-BI-10000778,72.588,0.001491884890534819,98.08928533439429,C
EU_FUR-BO-10001834,72.48,0.001489665190747282,98.09077499958504,C
EMEA_FUR-RUB-10001310,72.45,0.001489048607472966,98.0922640481925,C
EU_OFF-SU-10003209,72.44999999999999,0.0014890486074729658,98.09375309679997,C
APAC_OFF-SU-10003629,72.4245,0.0014885245116897973,98.09524162131166,C
US_TEC-AC-10002331,72.372,0.0014874454909597446,98.09672906680262,C
Africa_OFF-STA-10001895,72.24000000000001,0.0014847325245527546,98.09821379932718,C
EU_OFF-AR-10000066,72.15,0.0014828827747298066,98.09969668210191,C
LATAM_OFF-LA-10003422,72.072,0.0014812796582165855,98.10117796176013,C
LATAM_OFF-ST-10004190,72.0,0.0014797998583582271,98.10265776161849,C
Africa_TEC-SHA-10002034,72.0,0.0014797998583582271,98.10413756147685,C
LATAM_OFF-BI-10004053,72.0,0.0014797998583582271,98.1056173613352,C
EMEA_OFF-ROG-10000332,72.0,0.0014797998583582271,98.10709716119356,C
EU_OFF-BI-10004712,72.0,0.0014797998583582271,98.10857696105192,C
US_TEC-PH-10001819,71.984,0.0014794710139452584,98.11005643206587,C
US_TEC-MA-10003329,71.976,0.0014793065917387742,98.11153573865761,C
US_TEC-PH-10000004,71.952,0.0014788133251193215,98.11301455198273,C
LATAM_OFF-SU-10002670,71.94,0.001478566691809595,98.11449311867455,C
EMEA_TEC-MOT-10004682,71.85,0.0014767169419866474,98.11596983561653,C
Africa_OFF-CAR-10003030,71.832,0.0014763469920220577,98.11744618260855,C
LATAM_FUR-FU-10004427,71.75999999999999,0.0014748671921636994,98.1189210498007,C
LATAM_OFF-PA-10003718,71.67999999999999,0.001473222970098857,98.12039427277081,C
EMEA_TEC-STA-10000699,71.67,0.0014730174423407518,98.12186729021315,C
APAC_OFF-AR-10003890,71.64,0.0014724008590664358,98.12333969107222,C
EMEA_OFF-AVE-10004708,71.604,0.0014716609591372569,98.12481135203136,C
US_OFF-AR-10002399,71.56800000000001,0.001470921059208078,98.12628227309057,C
APAC_OFF-AR-10003023,71.52,0.001469934525969172,98.12775220761654,C
LATAM_OFF-AR-10001609,71.52,0.001469934525969172,98.12922214214251,C
LATAM_OFF-FA-10003891,71.48400000000001,0.0014691946260399931,98.13069133676855,C
LATAM_OFF-AR-10000399,71.4,0.0014674681928719085,98.13215880496142,C
Africa_OFF-HAR-10002083,71.4,0.0014674681928719085,98.13362627315429,C
Africa_OFF-BIC-10003654,71.39999999999999,0.0014674681928719083,98.13509374134716,C
EMEA_OFF-GRE-10002561,71.37,0.0014668516095975926,98.13656059295676,C
Africa_OFF-BIN-10003023,71.36999999999999,0.0014668516095975924,98.13802744456635,C
EU_TEC-AC-10000097,71.34,0.0014662350263232767,98.13949367959268,C
EU_OFF-ST-10000520,71.316,0.0014657417597038237,98.14095942135238,C
US_FUR-FU-10003832,71.288,0.001465166281981129,98.14242458763435,C
Africa_OFF-HON-10000966,71.28,0.0014650018597746448,98.14388958949412,C
US_OFF-PA-10002262,71.28,0.0014650018597746448,98.1453545913539,C
APAC_FUR-FU-10004797,71.232,0.0014640153265357394,98.14681860668043,C
EU_TEC-AC-10000510,71.172,0.0014627821599871073,98.14828138884042,C
APAC_OFF-FA-10001072,71.136,0.0014620422600579283,98.14974343110048,C
EU_FUR-CH-10002152,71.1,0.001461302360128749,98.1512047334606,C
EMEA_FUR-HAR-10002328,71.076,0.0014608090935092964,98.15266554255412,C
EU_OFF-LA-10003217,71.04,0.0014600691935801175,98.1541256117477,C
LATAM_OFF-FA-10000099,71.04,0.0014600691935801175,98.15558568094129,C
APAC_OFF-FA-10001309,71.0205,0.001459668414451812,98.15704534935574,C
EMEA_OFF-BIN-10000711,70.98,0.0014588360270314856,98.15850418538277,C
US_OFF-ST-10003058,70.95,0.0014582194437571696,98.15996240482653,C
EU_OFF-BI-10001119,70.92,0.0014576028604828537,98.16142000768701,C
Africa_OFF-BIN-10004512,70.818,0.0014555064773501794,98.16287551416437,C
APAC_OFF-FA-10000581,70.707,0.0014532251192352105,98.1643287392836,C
LATAM_OFF-FA-10003058,70.668,0.0014524235609786,98.16578116284458,C
LATAM_OFF-ST-10003470,70.652,0.0014520947165656312,98.16723325756115,C
EU_OFF-FA-10000571,70.65,0.0014520536110140102,98.16868531117217,C
EU_OFF-EN-10000648,70.65,0.0014520536110140102,98.17013736478319,C
EMEA_OFF-KRA-10002406,70.644,0.0014519302943591472,98.17158929507755,C
Africa_OFF-ACC-10004871,70.596,0.0014509437611202416,98.17304023883867,C
LATAM_FUR-CH-10000171,70.56,0.0014502038611910624,98.17449044269986,C
US_FUR-FU-10000672,70.56,0.0014502038611910624,98.17594064656106,C
APAC_OFF-SU-10002911,70.4052,0.001447022291495592,98.17738766885256,C
LATAM_FUR-FU-10003283,70.392,0.0014467509948548932,98.17883441984742,C
LATAM_OFF-FA-10002453,70.356,0.001446011094925714,98.18028043094235,C
EU_FUR-FU-10000039,70.263,0.0014440996867753349,98.18172453062913,C
US_OFF-ST-10003638,70.26,0.0014440380284479032,98.18316856865758,C
US_FUR-FU-10001867,70.224,0.0014432981285187243,98.1846118667861,C
LATAM_OFF-SU-10003665,70.22399999999999,0.0014432981285187239,98.18605516491462,C
US_OFF-BI-10004970,70.21,0.0014430103896573765,98.18749817530428,C
US_OFF-LA-10002475,70.17599999999999,0.0014423115952798184,98.18894048689957,C
APAC_OFF-AR-10003253,70.128,0.001441325062040913,98.19038181196161,C
APAC_FUR-FU-10000628,70.0848,0.0014404371821258983,98.19182224914374,C
LATAM_OFF-EN-10002348,70.0,0.001438694306737165,98.19326094345048,C
US_OFF-PA-10000295,69.98400000000001,0.001438365462324197,98.1946993089128,C
US_TEC-AC-10002335,69.98,0.0014382832512209545,98.19613759216402,C
APAC_OFF-LA-10001191,69.93900000000001,0.0014374405874127227,98.19757503275143,C
APAC_OFF-LA-10002765,69.915,0.0014369473207932703,98.19901198007223,C
US_FUR-FU-10002456,69.888,0.0014363923958463857,98.20044837246807,C
LATAM_OFF-SU-10001892,69.78,0.0014341726960588484,98.20188254516414,C
Africa_OFF-STA-10001791,69.732,0.0014331861628199428,98.20331573132695,C
APAC_OFF-BI-10000928,69.6204,0.0014308924730394878,98.20474662379999,C
US_FUR-FU-10000010,69.58,0.0014300621408967421,98.20617668594089,C
Africa_OFF-KLE-10004771,69.55199999999999,0.0014294866631740471,98.20760617260406,C
APAC_FUR-CH-10002793,69.516,0.0014287467632448684,98.2090349193673,C
APAC_OFF-AP-10000510,69.498,0.0014283768132802787,98.21046329618058,C
US_OFF-AP-10002670,69.48,0.001428006863315689,98.2118913030439,C
US_OFF-PA-10002986,69.472,0.0014278424411092046,98.213319145485,C
APAC_OFF-PA-10002373,69.255,0.0014233824887583194,98.21474252797375,C
Africa_OFF-HAM-10003368,69.18,0.0014218410305725298,98.21616436900433,C
APAC_OFF-LA-10000370,69.174,0.0014217177139176666,98.21758608671826,C
EMEA_TEC-MEM-10004782,69.15,0.001421224447298214,98.21900731116556,C
LATAM_FUR-FU-10003886,69.12,0.001420607864023898,98.22042791902958,C
LATAM_OFF-AR-10002335,69.04,0.0014189636419590557,98.22184688267153,C
EMEA_TEC-HP -10004082,69.012,0.0014183881642363606,98.22326527083577,C
LATAM_OFF-LA-10000934,69.0,0.0014181415309266342,98.22468341236669,C
Africa_OFF-STO-10004841,68.985,0.0014178332392894763,98.22610124560597,C
APAC_FUR-CH-10000666,68.868,0.0014154285645196442,98.22751667417049,C
LATAM_OFF-BI-10001613,68.8,0.001414030975764528,98.22893070514625,C
LATAM_OFF-FA-10003734,68.76,0.0014132088647321069,98.23034391401099,C
LATAM_OFF-LA-10002469,68.76,0.0014132088647321069,98.23175712287572,C
US_OFF-BI-10003476,68.76,0.0014132088647321069,98.23317033174045,C
EU_OFF-ST-10002608,68.736,0.0014127155981126542,98.23458304733856,C
APAC_OFF-SU-10000789,68.6565,0.0014110816524357166,98.235994128991,C
US_OFF-PA-10001215,68.64,0.001410742531634843,98.23740487152263,C
US_OFF-PA-10002606,68.64,0.001410742531634843,98.23881561405426,C
LATAM_OFF-BI-10000051,68.56,0.0014090983095700006,98.24022471236383,C
EU_OFF-FA-10001054,68.55,0.0014088927818118953,98.24163360514564,C
LATAM_OFF-AR-10000468,68.544,0.001408769465157032,98.2430423746108,C
LATAM_OFF-PA-10000872,68.46000000000001,0.0014070430319889477,98.24444941764278,C
EMEA_OFF-WIL-10000979,68.46,0.0014070430319889475,98.24585646067477,C
LATAM_OFF-LA-10004749,68.4,0.0014058098654403156,98.24726227054022,C
EMEA_FUR-OFF-10003713,68.31,0.001403960115617368,98.24866623065584,C
APAC_OFF-PA-10004498,68.28,0.0014033435323430518,98.25006957418819,C
LATAM_OFF-AR-10001812,68.208,0.0014018637324846937,98.25147143792067,C
US_OFF-AP-10003266,68.126,0.0014001784048682303,98.25287161632554,C
US_OFF-PA-10004665,68.12,0.001400055088213367,98.25427167141375,C
LATAM_OFF-LA-10000760,68.112,0.0013998906660068827,98.25567156207975,C
EMEA_OFF-ELI-10001812,68.08200000000001,0.0013992740827325672,98.25707083616248,C
EMEA_TEC-SAM-10001935,68.07,0.0013990274494228403,98.25846986361191,C
EU_OFF-LA-10000379,68.04,0.0013984108661485245,98.25986827447805,C
EMEA_TEC-EPS-10000689,67.98,0.0013971776995998927,98.26126545217765,C
EMEA_TEC-NOK-10004541,67.98,0.0013971776995998927,98.26266262987725,C
Africa_OFF-STO-10003342,67.95,0.0013965611163255767,98.26405919099358,C
LATAM_OFF-PA-10004241,67.92,0.0013959445330512608,98.26545513552662,C
EU_OFF-PA-10000878,67.92,0.0013959445330512608,98.26685108005967,C
Africa_OFF-ELD-10002578,67.914,0.0013958212163963978,98.26824690127606,C
LATAM_OFF-PA-10000091,67.9,0.0013955334775350504,98.26964243475359,C
LATAM_OFF-AR-10000974,67.86,0.001394711366502629,98.2710371461201,C
US_TEC-PH-10000149,67.83,0.001394094783228313,98.27243124090332,C
EU_FUR-FU-10000267,67.788,0.0013932315666442708,98.27382447246995,C
US_OFF-ST-10000675,67.78,0.0013930671444377864,98.27521753961439,C
Africa_OFF-HON-10000172,67.68,0.0013910118668567335,98.27660855148125,C
LATAM_FUR-CH-10004783,67.608,0.0013895320669983753,98.27799808354824,C
US_OFF-AR-10004685,67.598,0.0013893265392402698,98.27938741008748,C
LATAM_OFF-PA-10004016,67.56,0.0013885455337594697,98.28077595562124,C
Africa_OFF-GRE-10002555,67.488,0.0013870657339011116,98.28216302135513,C
US_FUR-FU-10001290,67.36,0.0013844349785973634,98.28354745633374,C
EU_OFF-BI-10000115,67.32,0.0013836128675649422,98.2849310692013,C
US_OFF-PA-10001892,67.232,0.0013818042232936155,98.2863128734246,C
EMEA_FUR-SAF-10004525,67.176,0.001380653267848226,98.28769352669245,C
US_OFF-ST-10000885,67.15,0.001380118895677152,98.28907364558813,C
EMEA_OFF-AVE-10000894,67.14,0.0013799133679190468,98.29045355895605,C
APAC_OFF-LA-10004112,67.14,0.0013799133679190468,98.29183347232396,C
APAC_OFF-LA-10001672,66.96,0.0013762138682731511,98.29320968619223,C
EMEA_OFF-HOO-10002715,66.93,0.0013755972849988354,98.29458528347723,C
Africa_OFF-FIS-10000063,66.852,0.0013739941684856138,98.29595927764572,C
EMEA_OFF-ACM-10000277,66.84,0.0013737475351758876,98.29733302518089,C
APAC_OFF-PA-10003350,66.744,0.0013717744686980763,98.29870479964958,C
Africa_OFF-BIC-10003800,66.723,0.0013713428604060554,98.30007614251,C
LATAM_OFF-EN-10004525,66.612,0.0013690615022910863,98.30144520401228,C
EMEA_OFF-STA-10004327,66.6,0.0013688148689813598,98.30281401888126,C
Africa_OFF-IBI-10000080,66.52799999999999,0.0013673350691230015,98.30418135395038,C
EU_OFF-PA-10003956,66.48,0.0013663485358840965,98.30554770248627,C
EMEA_OFF-SME-10001853,66.46199999999999,0.0013659785859195064,98.30691368107219,C
APAC_OFF-LA-10002674,66.45,0.0013657319526097804,98.30827941302479,C
EU_OFF-LA-10004122,66.45,0.0013657319526097804,98.3096451449774,C
Africa_TEC-NOK-10001058,66.42,0.0013651153693354644,98.31101026034673,C
EMEA_TEC-NOK-10001058,66.42,0.0013651153693354644,98.31237537571607,C
EMEA_OFF-CAR-10004886,66.384,0.0013643754694062852,98.31373975118548,C
LATAM_OFF-PA-10003301,66.36,0.0013638822027868325,98.31510363338826,C
LATAM_FUR-BO-10004238,66.352,0.0013637177805803484,98.31646735116884,C
LATAM_OFF-FA-10004942,66.3,0.0013626490362382007,98.31783000020508,C
Africa_OFF-IBI-10004855,66.15,0.0013595661198666212,98.31918956632495,C
US_OFF-BI-10003274,66.068,0.0013578807922501573,98.3205474471172,C
APAC_OFF-EN-10003508,66.06450000000001,0.0013578088575348208,98.32190525597474,C
APAC_OFF-ST-10002074,66.0,0.0013564832034950415,98.32326173917824,C
US_TEC-PH-10002115,65.99,0.0013562776757369362,98.32461801685398,C
APAC_OFF-FA-10000136,65.988,0.001356236570185315,98.32597425342416,C
LATAM_OFF-FA-10003004,65.96000000000001,0.0013556610924626204,98.32732991451662,C
US_FUR-FU-10001861,65.96000000000001,0.0013556610924626204,98.32868557560909,C
APAC_OFF-SU-10003343,65.93520000000001,0.0013551513836225194,98.3300407269927,C
APAC_TEC-PH-10002070,65.934,0.0013551267202915464,98.331395853713,C
Africa_OFF-BIN-10000711,65.91,0.0013546334536720934,98.33275048716668,C
EMEA_OFF-STO-10001173,65.88,0.0013540168703977777,98.33410450403707,C
EU_OFF-LA-10000157,65.88,0.0013540168703977777,98.33545852090747,C
Africa_FUR-OFF-10001661,65.82,0.0013527837038491456,98.33681130461132,C
EMEA_FUR-OFF-10001661,65.82,0.0013527837038491456,98.33816408831517,C
Africa_OFF-KRA-10002170,65.76,0.0013515505373005142,98.33951563885246,C
LATAM_OFF-LA-10000236,65.564,0.0013475221932416498,98.3408631610457,C
US_TEC-AC-10002857,65.56,0.001347439982138408,98.34221060102784,C
EMEA_OFF-IBI-10000440,65.55,0.0013472344543803024,98.34355783548223,C
LATAM_FUR-FU-10003622,65.52,0.0013466178711059864,98.34490445335334,C
APAC_OFF-LA-10001658,65.511,0.0013464328961236916,98.34625088624946,C
EMEA_TEC-STA-10003925,65.448,0.001345138071247628,98.34759602432071,C
LATAM_OFF-EN-10003999,65.44,0.0013449736490411441,98.34894099796975,C
EMEA_OFF-TEN-10003211,65.394,0.0013440282213538599,98.3502850261911,C
APAC_OFF-FA-10002459,65.3931,0.0013440097238556303,98.35162903591495,C
US_OFF-AP-10002082,65.34,0.0013429183714600912,98.35297195428642,C
APAC_OFF-ST-10003274,65.31,0.001342301788185775,98.3543142560746,C
APAC_OFF-EN-10000776,65.23259999999999,0.0013407110033380398,98.35565496707794,C
Africa_TEC-SAM-10004851,65.22,0.0013404520383628272,98.3569954191163,C
LATAM_FUR-FU-10002630,65.16,0.0013392188718141954,98.35833463798812,C
LATAM_FUR-CH-10000677,65.136,0.0013387256051947427,98.35967336359332,C
Africa_TEC-NOK-10001844,65.13,0.0013386022885398794,98.36101196588186,C
APAC_OFF-AR-10003448,65.01,0.0013361359554426159,98.3623481018373,C
EU_OFF-BI-10001717,65.01,0.0013361359554426159,98.36368423779274,C
US_TEC-PH-10002365,64.972,0.0013353549499618156,98.3650195927427,C
US_FUR-FU-10000193,64.96,0.001335108316652089,98.36635470105935,C
Africa_OFF-AVE-10002892,64.929,0.001334471180601963,98.36768917223995,C
Africa_FUR-ADV-10004159,64.89,0.0013336696223453521,98.36902284186229,C
LATAM_OFF-SU-10003236,64.848,0.0013328064057613097,98.37035564826805,C
EMEA_OFF-CAR-10003030,64.824,0.001332313139141857,98.37168796140719,C
EMEA_TEC-MOT-10001950,64.824,0.001332313139141857,98.37302027454633,C
US_FUR-FU-10002268,64.812,0.0013320665058321308,98.37435234105217,C
US_OFF-AR-10001374,64.80000000000001,0.0013318198725224045,98.37568416092469,C
EU_OFF-FA-10001520,64.8,0.0013318198725224043,98.37701598079721,C
US_OFF-PA-10002787,64.8,0.0013318198725224043,98.37834780066973,C
EMEA_OFF-CAM-10000497,64.8,0.0013318198725224043,98.37967962054225,C
US_OFF-PA-10003363,64.8,0.0013318198725224043,98.38101144041477,C
US_FUR-CH-10000225,64.784,0.001331491028109436,98.38234293144288,C
LATAM_OFF-AP-10001067,64.78,0.0013314088170061937,98.38367434025989,C
US_OFF-PA-10000501,64.704,0.0013298468060445932,98.38500418706593,C
LATAM_OFF-FA-10000038,64.7,0.0013297645949413512,98.38633395166087,C
LATAM_OFF-PA-10004385,64.656,0.0013288602728056878,98.38766281193368,C
LATAM_TEC-MA-10002729,64.638,0.0013284903228410984,98.38899130225653,C
LATAM_OFF-FA-10001228,64.6,0.001327709317360298,98.3903190115739,C
EMEA_OFF-ROG-10001818,64.512,0.0013259006730889714,98.39164491224699,C
APAC_OFF-LA-10000108,64.5,0.0013256540397792451,98.39297056628676,C
APAC_OFF-FA-10004813,64.467,0.0013249757981774976,98.39429554208495,C
LATAM_TEC-CO-10001271,64.44416,0.001324506372777985,98.39562004845773,C
US_FUR-FU-10004351,64.28399999999999,0.0013212146402041703,98.39694126309793,C
APAC_FUR-FU-10002292,64.2546,0.0013206103885953406,98.39826187348652,C
Africa_FUR-DEF-10000065,64.242,0.0013203514236201281,98.39958222491013,C
EU_OFF-EN-10004597,64.17,0.0013188716237617698,98.4009010965339,C
US_OFF-BI-10001098,64.14,0.0013182550404874538,98.40221935157439,C
US_OFF-BI-10003707,64.092,0.0013172685072485484,98.40353662008164,C
EMEA_OFF-ADV-10002299,64.08,0.001317021873938822,98.40485364195558,C
LATAM_OFF-FA-10004587,64.08,0.001317021873938822,98.40617066382953,C
Africa_OFF-HON-10001706,64.08,0.001317021873938822,98.40748768570347,C
EMEA_FUR-RUB-10000958,64.056,0.0013165286073193692,98.40880421431079,C
APAC_OFF-EN-10001528,64.008,0.0013155420740804636,98.41011975638487,C
APAC_OFF-SU-10000175,63.9975,0.0013153262699344532,98.4114350826548,C
EU_OFF-ST-10002800,63.99,0.0013151721241158743,98.41275025477893,C
LATAM_OFF-BI-10000232,63.9,0.0013133223742929263,98.41406357715321,C
APAC_OFF-BI-10002734,63.9,0.0013133223742929263,98.4153768995275,C
US_OFF-ST-10002352,63.84,0.0013120892077442946,98.41668898873525,C
EMEA_FUR-NOV-10002333,63.84,0.0013120892077442946,98.41800107794299,C
Africa_OFF-STO-10002449,63.84,0.0013120892077442946,98.41931316715073,C
US_OFF-SU-10000946,63.84,0.0013120892077442946,98.42062525635848,C
EU_OFF-ST-10004702,63.798,0.0013112259911602525,98.42193648234964,C
US_FUR-CH-10002961,63.686,0.0013089240802694729,98.4232454064299,C
US_OFF-BI-10001072,63.672,0.0013086363414081253,98.4245540427713,C
LATAM_TEC-CO-10004570,63.64848,0.0013081529401210617,98.42586219571143,C
US_FUR-FU-10001935,63.64,0.0013079786525821884,98.42717017436401,C
US_OFF-AR-10000716,63.611999999999995,0.0013074031748594934,98.42847757753887,C
LATAM_OFF-BI-10000542,63.512,0.0013053478972784405,98.42978292543614,C
US_TEC-PH-10000307,63.51,0.0013053067917268195,98.43108823222786,C
APAC_OFF-LA-10002465,63.504,0.0013051834750719563,98.43239341570293,C
Africa_OFF-WIL-10003933,63.449999999999996,0.0013040736251781874,98.43369748932811,C
Africa_OFF-ACC-10002343,63.24,0.001299757542257976,98.43499724687037,C
Africa_OFF-ROG-10000191,63.207,0.0012990793006562285,98.43629632617102,C
APAC_OFF-PA-10003906,63.20400000000001,0.001299017642328797,98.43759534381334,C
LATAM_OFF-FA-10003144,63.2,0.0012989354312255548,98.43889427924456,C
EU_OFF-FA-10004339,63.18,0.0012985243757093442,98.44019280362028,C
APAC_OFF-PA-10000588,63.072,0.0012963046759218069,98.4414891082962,C
APAC_OFF-FA-10000974,63.045,0.0012957497509749226,98.44278485804718,C
EU_OFF-SU-10003277,63.0,0.0012948248760634485,98.44407968292325,C
LATAM_OFF-SU-10004091,63.0,0.0012948248760634485,98.44537450779931,C
Africa_OFF-SAN-10002441,63.0,0.0012948248760634485,98.44666933267538,C
EU_FUR-FU-10000287,63.0,0.0012948248760634485,98.44796415755145,C
LATAM_OFF-ST-10002122,63.0,0.0012948248760634485,98.44925898242752,C
US_OFF-EN-10002986,62.96,0.0012940027650310275,98.45055298519256,C
US_OFF-BI-10001116,62.832,0.0012913720097272794,98.45184435720229,C
LATAM_OFF-AR-10003551,62.831999999999994,0.0012913720097272794,98.45313572921202,C
APAC_OFF-LA-10003338,62.7615,0.0012899230390326368,98.45442565225106,C
Africa_OFF-CAR-10002931,62.7,0.0012886590433202894,98.45571431129439,C
US_OFF-BI-10002824,62.663999999999994,0.0012879191433911102,98.45700223043778,C
US_OFF-EN-10001099,62.592,0.001286439343532752,98.45828866978131,C
APAC_OFF-PA-10002073,62.46,0.0012837263771257618,98.45957239615844,C
APAC_OFF-AR-10002364,62.4195,0.0012828939897054355,98.46085529014815,C
EMEA_OFF-GRE-10000216,62.4,0.00128249321057713,98.46213778335873,C
EMEA_OFF-SME-10000520,62.4,0.00128249321057713,98.46342027656931,C
US_OFF-AR-10001446,62.37,0.001281876627302814,98.46470215319661,C
US_OFF-LA-10001641,62.37,0.001281876627302814,98.46598402982391,C
APAC_OFF-PA-10003020,62.3322,0.001281099732377176,98.4672651295563,C
APAC_OFF-ST-10000378,62.28,0.0012800268774798664,98.46854515643378,C
EU_OFF-FA-10000191,62.28,0.0012800268774798664,98.46982518331126,C
EMEA_OFF-CAR-10003373,62.244,0.0012792869775506872,98.47110447028881,C
EU_OFF-FA-10001348,62.099999999999994,0.0012763273778339706,98.47238079766664,C
US_OFF-LA-10002043,62.099999999999994,0.0012763273778339706,98.47365712504448,C
LATAM_OFF-BI-10004428,62.019999999999996,0.0012746831557691283,98.47493180820025,C
US_OFF-PA-10002319,62.016,0.0012746009446658862,98.47620640914492,C
US_OFF-FA-10002780,61.983999999999995,0.001273943255839949,98.47748035240076,C
US_TEC-AC-10001101,61.872,0.0012716413449491697,98.4787519937457,C
Africa_OFF-BRE-10000493,61.86,0.0012713947116394432,98.48002338845734,C
LATAM_OFF-SU-10001421,61.848,0.001271148078329717,98.48129453653567,C
Africa_OFF-FEL-10004974,61.824,0.0012706548117102643,98.48256519134738,C
APAC_TEC-AC-10001745,61.8,0.0012701615450908114,98.48383535289247,C
US_OFF-PA-10000349,61.751999999999995,0.001269175011851906,98.48510452790433,C
EMEA_OFF-ELD-10002578,61.74,0.0012689283785421797,98.48637345628286,C
APAC_OFF-FA-10004684,61.695,0.0012680035036307057,98.48764145978649,C
LATAM_OFF-EN-10002710,61.632000000000005,0.0012667086787546424,98.48890816846524,C
APAC_OFF-EN-10002263,61.632,0.0012667086787546422,98.490174877144,C
Africa_OFF-IBI-10001123,61.62,0.001266462045444916,98.49144133918945,C
APAC_OFF-ST-10004841,61.56,0.001265228878896284,98.49270656806834,C
Africa_OFF-ENE-10004401,61.56,0.001265228878896284,98.49397179694724,C
EU_OFF-BI-10003124,61.56,0.001265228878896284,98.49523702582613,C
APAC_OFF-FA-10001339,61.56,0.001265228878896284,98.49650225470502,C
US_OFF-BI-10003669,61.56,0.001265228878896284,98.49776748358391,C
EU_TEC-AC-10003763,61.56,0.001265228878896284,98.4990327124628,C
Africa_OFF-EAT-10004908,61.47,0.0012633791290733362,98.50029609159188,C
EU_OFF-EN-10003392,61.47,0.0012633791290733362,98.50155947072095,C
APAC_OFF-EN-10000561,61.344,0.0012607894793212095,98.50282026020027,C
Canada_OFF-BRE-10003081,61.29,0.0012596796294274408,98.5040799398297,C
US_FUR-FU-10001424,61.11,0.0012559801297815452,98.50533591995948,C
APAC_OFF-LA-10003435,61.11,0.0012559801297815452,98.50659190008926,C
EU_OFF-EN-10001852,61.08,0.0012553635465072292,98.50784726363577,C
LATAM_OFF-EN-10004903,61.08,0.0012553635465072292,98.50910262718227,C
LATAM_OFF-EN-10001870,61.04,0.001254541435474808,98.51035716861774,C
Africa_TEC-LOG-10002262,61.02,0.0012541303799585974,98.5116112989977,C
APAC_OFF-SU-10000484,61.019999999999996,0.0012541303799585974,98.51286542937767,C
APAC_OFF-AR-10003249,60.948,0.0012526505801002392,98.51411807995777,C
EMEA_OFF-IBI-10002805,60.9,0.0012516640468613336,98.51536974400463,C
Africa_OFF-STA-10000247,60.876,0.0012511707802418809,98.51662091478487,C
Africa_OFF-ROG-10001418,60.75,0.0012485811304897541,98.51786949591535,C
US_FUR-FU-10003849,60.72,0.0012479645472154382,98.51911746046257,C
APAC_OFF-AR-10000091,60.6411,0.0012463429332039873,98.52036380339577,C
Africa_OFF-ACC-10002772,60.480000000000004,0.0012430318810209106,98.52160683527678,C
EMEA_OFF-ACM-10000570,60.42,0.0012417987144722788,98.52284863399126,C
APAC_OFF-EN-10004486,60.404399999999995,0.0012414780911696344,98.52409011208243,C
Africa_OFF-TEN-10002817,60.372,0.0012408121812333734,98.52533092426367,C
US_OFF-PA-10000246,60.36,0.001240565547923647,98.52657148981159,C
APAC_TEC-MA-10003349,60.336,0.0012400722813041942,98.5278115620929,C
EU_OFF-EN-10003444,60.3,0.0012393323813750152,98.52905089447427,C
LATAM_FUR-FU-10004460,60.3,0.0012393323813750152,98.53029022685564,C
EU_OFF-BI-10001685,60.21,0.0012374826315520674,98.5315277094872,C
US_OFF-PA-10003651,60.12,0.0012356328817291196,98.53276334236892,C
LATAM_OFF-BI-10001662,60.112,0.0012354684595226354,98.53399881082845,C
US_OFF-AR-10003752,60.06,0.0012343997151804877,98.53523321054364,C
LATAM_FUR-FU-10002751,60.012,0.001233413181941582,98.53646662372557,C
LATAM_OFF-AR-10000185,59.976,0.0012326732820124031,98.53769929700759,C
US_TEC-AC-10003447,59.97,0.0012325499653575399,98.53893184697294,C
Africa_OFF-KRA-10001967,59.94,0.001231933382083224,98.54016378035503,C
US_OFF-AR-10001468,59.904,0.001231193482154045,98.54139497383719,C
US_OFF-PA-10002250,59.873999999999995,0.0012305768988797288,98.54262555073606,C
EMEA_OFF-STI-10002519,59.85,0.0012300836322602761,98.54385563436833,C
LATAM_OFF-SU-10001794,59.84,0.001229878104502171,98.54508551247282,C
Canada_OFF-IBI-10004074,59.82,0.0012294670489859604,98.54631497952181,C
EMEA_FUR-SAF-10002529,59.82,0.0012294670489859604,98.5475444465708,C
EMEA_FUR-SAU-10003188,59.736,0.0012277406158178756,98.54877218718661,C
US_OFF-PA-10003724,59.73,0.0012276172991630124,98.54999980448578,C
Africa_OFF-SAN-10004706,59.64,0.0012257675493400648,98.55122557203512,C
LATAM_OFF-PA-10003981,59.64,0.0012257675493400648,98.55245133958447,C
EU_OFF-PA-10004160,59.64,0.0012257675493400648,98.55367710713381,C
EU_OFF-FA-10000799,59.64,0.0012257675493400648,98.55490287468315,C
Africa_OFF-KLE-10003227,59.616,0.0012252742827206118,98.55612814896587,C
LATAM_OFF-PA-10000081,59.58,0.0012245343827914329,98.55735268334865,C
EMEA_OFF-SAN-10000722,59.58,0.0012245343827914329,98.55857721773144,C
EMEA_OFF-GLO-10001348,59.58,0.0012245343827914329,98.55980175211423,C
APAC_OFF-ST-10004141,59.52,0.0012233012162428012,98.56102505333047,C
Africa_OFF-ELD-10001318,59.517,0.0012232395579153696,98.56224829288838,C
EU_OFF-PA-10001736,59.46,0.0012220680496941691,98.56347036093808,C
LATAM_OFF-PA-10004531,59.46,0.0012220680496941691,98.56469242898778,C
EU_OFF-FA-10003139,59.400000000000006,0.0012208348831455375,98.56591326387093,C
EMEA_FUR-HAR-10002223,59.4,0.0012208348831455372,98.56713409875407,C
EMEA_OFF-GRE-10001059,59.4,0.0012208348831455372,98.56835493363721,C
EMEA_OFF-ELD-10000967,59.364000000000004,0.0012200949832163583,98.56957502862042,C
Africa_TEC-MEM-10000312,59.34,0.0012196017165969056,98.57079463033702,C
Africa_OFF-ACC-10002327,59.34,0.0012196017165969056,98.57201423205362,C
EU_OFF-PA-10004761,59.325,0.0012192934249597475,98.57323352547859,C
Africa_OFF-KIT-10004732,59.31,0.0012189851333225894,98.5744525106119,C
US_FUR-FU-10002597,59.28,0.0012183685500482737,98.57567087916195,C
Africa_OFF-ACC-10004008,59.28,0.0012183685500482737,98.57688924771199,C
EU_OFF-LA-10003290,59.279999999999994,0.0012183685500482735,98.57810761626203,C
Africa_TEC-BEL-10004950,59.25,0.0012177519667739575,98.57932536822881,C
Africa_OFF-AVE-10000909,59.25,0.0012177519667739575,98.58054312019559,C
US_OFF-BI-10000279,59.245000000000005,0.0012176492028949052,98.58176076939849,C
Africa_OFF-ACM-10002816,59.22,0.0012171353834996418,98.58297790478198,C
EU_TEC-AC-10004811,59.22,0.0012171353834996418,98.58419504016548,C
LATAM_OFF-LA-10003271,59.2,0.0012167243279834312,98.58541176449347,C
EMEA_OFF-ACC-10002849,59.16,0.0012159022169510097,98.58662766671043,C
US_OFF-BI-10002557,59.14999999999999,0.0012156966891929044,98.58784336339961,C
LATAM_FUR-CH-10004219,59.136,0.0012154089503315572,98.58905877234994,C
Africa_OFF-BOS-10003160,59.1,0.001214669050402378,98.59027344140034,C
APAC_OFF-FA-10000838,59.1,0.001214669050402378,98.59148811045074,C
LATAM_OFF-FA-10000563,59.05200000000001,0.0012136825171634726,98.5927017929679,C
APAC_OFF-BI-10004486,58.98,0.0012122027173051143,98.59391399568521,C
EU_OFF-FA-10001026,58.968,0.001211956083995388,98.5951259517692,C
Africa_OFF-KIT-10000624,58.968,0.001211956083995388,98.5963379078532,C
US_FUR-FU-10000221,58.928,0.0012111339729629666,98.59754904182616,C
APAC_OFF-FA-10004606,58.924800000000005,0.001211068204080373,98.59876011003024,C
US_OFF-AR-10003158,58.903999999999996,0.0012106407063435139,98.59997075073659,C
EMEA_FUR-NOV-10003257,58.83,0.0012091198009335346,98.60117987053752,C
EMEA_TEC-ENE-10002686,58.83,0.0012091198009335346,98.60238899033845,C
Africa_TEC-ENE-10002686,58.83,0.0012091198009335346,98.60359811013939,C
APAC_TEC-AC-10002568,58.83,0.0012091198009335346,98.60480722994032,C
EMEA_OFF-SAN-10004232,58.824000000000005,0.0012089964842786716,98.6060162264246,C
Africa_TEC-MEM-10000582,58.8,0.0012085032176592187,98.60722472964225,C
US_FUR-FU-10001379,58.784,0.0012081743732462503,98.6084329040155,C
LATAM_OFF-LA-10003594,58.751999999999995,0.0012075166844203132,98.60964042069992,C
APAC_OFF-FA-10003604,58.7412,0.0012072947144415595,98.61084771541437,C
EMEA_OFF-AVE-10004909,58.74,0.001207270051110587,98.61205498546548,C
LATAM_FUR-FU-10004960,58.716,0.001206776784491134,98.61326176224996,C
US_FUR-FU-10000521,58.68,0.001206036884561955,98.61446779913453,C
APAC_OFF-AR-10000539,58.608,0.0012045570847035968,98.61567235621924,C
Africa_FUR-NOV-10000669,58.59,0.0012041871347390073,98.61687654335397,C
LATAM_OFF-BI-10000070,58.56,0.0012035705514646913,98.61808011390544,C
US_OFF-BI-10001757,58.548,0.0012033239181549649,98.6192834378236,C
APAC_FUR-FU-10003336,58.536,0.0012030772848452386,98.62048651510844,C
Africa_FUR-ELD-10000857,58.536,0.0012030772848452386,98.62168959239328,C
US_OFF-BI-10001308,58.404,0.0012003643184382484,98.62288995671172,C
APAC_OFF-AR-10004116,58.392,0.0012001176851285222,98.62409007439685,C
US_OFF-ST-10000321,58.386,0.001199994368473659,98.62529006876532,C
US_OFF-FA-10003112,58.385999999999996,0.001199994368473659,98.6264900631338,C
EMEA_FUR-SAU-10004137,58.374,0.0011997477351639327,98.62768981086896,C
EMEA_OFF-FEL-10003785,58.32,0.0011986378852701638,98.62888844875422,C
Africa_OFF-FEL-10003785,58.32,0.0011986378852701638,98.63008708663949,C
Africa_OFF-FEL-10002837,58.146,0.0011950617022791316,98.63128214834177,C
Africa_OFF-NOV-10000787,58.13999999999999,0.0011949383856242682,98.63247708672739,C
EMEA_TEC-LOG-10001434,58.128,0.001194691752314542,98.63367177847971,C
APAC_OFF-ST-10004972,58.104,0.0011941984856950892,98.6348659769654,C
US_OFF-FA-10000134,58.1,0.0011941162745918471,98.63606009323999,C
LATAM_OFF-BI-10003472,58.08,0.0011937052190756365,98.63725379845907,C
EMEA_OFF-CAM-10003933,58.050000000000004,0.0011930886358013206,98.63844688709487,C
LATAM_FUR-CH-10003696,58.04,0.001192883108043215,98.63963977020292,C
APAC_OFF-LA-10004756,57.996,0.001191978785907552,98.64083174898883,C
APAC_OFF-ST-10002714,57.996,0.001191978785907552,98.64202372777474,C
LATAM_OFF-AR-10002564,57.96,0.0011912388859783728,98.64321496666072,C
LATAM_OFF-LA-10003515,57.959999999999994,0.0011912388859783725,98.6444062055467,C
EU_OFF-SU-10001992,57.900000000000006,0.001190005719429741,98.64559621126614,C
APAC_OFF-ST-10002538,57.84,0.0011887725528811092,98.64678498381902,C
US_OFF-LA-10004853,57.768,0.0011872927530227509,98.64797227657203,C
APAC_OFF-SU-10004249,57.708,0.0011860595864741188,98.64915833615851,C
EU_OFF-SU-10002131,57.69,0.0011856896365095293,98.65034402579502,C
LATAM_OFF-BI-10000821,57.663999999999994,0.0011851552643384554,98.65152918105936,C
EU_OFF-LA-10004050,57.644999999999996,0.0011847647615980553,98.65271394582096,C
EMEA_OFF-CAR-10004408,57.599999999999994,0.0011838398866865815,98.65389778570766,C
US_OFF-EN-10004386,57.576,0.0011833466200671288,98.65508113232772,C
APAC_OFF-BI-10002684,57.469500000000004,0.0011811577494433073,98.65626229007717,C
US_TEC-PH-10004833,57.36,0.0011789072204920542,98.65744119729766,C
LATAM_OFF-SU-10001923,57.36,0.0011789072204920542,98.65862010451815,C
US_OFF-AR-10003514,57.312,0.0011779206872531488,98.6597980252054,C
LATAM_OFF-AR-10004594,57.28,0.0011772629984272119,98.66097528820383,C
Africa_OFF-SME-10000018,57.27,0.0011770574706691064,98.6621523456745,C
EU_OFF-FA-10002652,57.255,0.0011767491790319485,98.66332909485354,C
LATAM_OFF-BI-10004470,57.24,0.0011764408873947904,98.66450553574093,C
EMEA_OFF-ACC-10004182,57.216,0.0011759476207753377,98.66568148336171,C
APAC_FUR-CH-10001191,57.168,0.001174961087536432,98.66685644444925,C
EMEA_OFF-KLE-10001644,57.162,0.001174837770881569,98.66803128222013,C
US_OFF-AR-10003560,57.152,0.0011746322431234637,98.66920591446325,C
EU_OFF-PA-10004746,57.024,0.0011720014878197158,98.67037791595106,C
EMEA_OFF-ENE-10002922,57.0,0.0011715082212002631,98.67154942417227,C
EMEA_TEC-HEW-10001558,56.988,0.0011712615878905366,98.67272068576015,C
EU_OFF-EN-10003271,56.943,0.0011703367129790626,98.67389102247313,C
EMEA_OFF-FEL-10002658,56.91,0.0011696584713773153,98.67506068094451,C
APAC_OFF-FA-10002791,56.855999999999995,0.0011685486214835466,98.67622922956599,C
LATAM_OFF-ST-10004160,56.832,0.001168055354864094,98.67739728492086,C
EMEA_OFF-IBI-10004074,56.829,0.0011679936965366623,98.6785652786174,C
Canada_OFF-BOS-10002073,56.82,0.0011678087215543675,98.67973308733896,C
Africa_OFF-STI-10001171,56.76,0.0011665755550057356,98.68089966289396,C
EU_OFF-PA-10000423,56.76,0.0011665755550057356,98.68206623844897,C
Africa_FUR-ELD-10000038,56.73,0.0011659589717314196,98.6832321974207,C
EMEA_FUR-ELD-10000038,56.73,0.0011659589717314196,98.68439815639242,C
APAC_OFF-BI-10002277,56.7,0.001165342388457104,98.68556349878088,C
US_OFF-SU-10001225,56.672000000000004,0.001164766910734409,98.68672826569161,C
LATAM_TEC-AC-10000152,56.64,0.0011641092219084718,98.68789237491352,C
APAC_TEC-AC-10002130,56.64,0.0011641092219084718,98.68905648413542,C
LATAM_FUR-FU-10003036,56.628,0.0011638625885987456,98.69022034672402,C
LATAM_OFF-BI-10000126,56.6,0.0011632871108760506,98.69138363383489,C
EMEA_OFF-STI-10000144,56.592,0.0011631226886695664,98.69254675652356,C
APAC_OFF-FA-10003893,56.5488,0.0011622348087545517,98.69370899133231,C
LATAM_OFF-EN-10004909,56.532000000000004,0.0011618895221209347,98.69487088085444,C
APAC_OFF-BI-10001312,56.52,0.0011616428888112083,98.69603252374326,C
EMEA_OFF-AME-10004759,56.46,0.0011604097222625764,98.69719293346552,C
LATAM_OFF-EN-10000623,56.46,0.0011604097222625764,98.69835334318778,C
Canada_OFF-AME-10004759,56.46,0.0011604097222625764,98.69951375291004,C
US_OFF-PA-10001838,56.448,0.00116016308895285,98.70067391599899,C
EMEA_OFF-SAN-10002639,56.44799999999999,0.00116016308895285,98.70183407908794,C
LATAM_OFF-LA-10003503,56.4,0.0011591765557139445,98.70299325564366,C
APAC_OFF-AP-10000039,56.349,0.0011581283641476073,98.70415138400782,C
EMEA_TEC-MEM-10000723,56.34,0.0011579433891653126,98.70530932739698,C
APAC_OFF-EN-10001712,56.304,0.0011572034892361337,98.70646653088622,C
LATAM_OFF-EN-10000031,56.24,0.0011558881115842595,98.7076224189978,C
APAC_OFF-PA-10004444,56.214,0.0011553537394131856,98.7087777727372,C
US_OFF-PA-10002245,56.212,0.0011553126338615647,98.70993308537106,C
EMEA_OFF-ADV-10002549,56.16,0.001154243889519417,98.71108732926058,C
US_FUR-FU-10002364,56.088,0.0011527640896610589,98.71224009335025,C
LATAM_OFF-FA-10003985,56.0,0.0011509554453897322,98.71339104879564,C
EU_OFF-FA-10002715,55.980000000000004,0.0011505443898735216,98.71454159318552,C
US_OFF-AR-10000475,55.968,0.0011502977565637951,98.71569189094208,C
EU_OFF-LA-10001188,55.944,0.0011498044899443424,98.71684169543202,C
APAC_OFF-FA-10000248,55.92,0.0011493112233248897,98.71799100665535,C
APAC_OFF-SU-10003332,55.92,0.0011493112233248897,98.71914031787868,C
LATAM_OFF-AR-10003897,55.92,0.0011493112233248897,98.72028962910201,C
APAC_OFF-BI-10002329,55.803,0.0011469065485550573,98.72143653565057,C
LATAM_OFF-FA-10000801,55.8,0.0011468448902276257,98.7225833805408,C
LATAM_OFF-EN-10003850,55.76,0.0011460227791952047,98.72372940332,C
LATAM_OFF-BI-10003579,55.74,0.001145611723678994,98.72487501504366,C
US_OFF-PA-10000289,55.728,0.0011453650903692676,98.72602038013403,C
EU_OFF-LA-10004709,55.69200000000001,0.0011446251904400889,98.72716500532447,C
EU_OFF-AP-10003177,55.65,0.0011437619738560462,98.72830876729832,C
Africa_OFF-BIN-10003089,55.638,0.00114351534054632,98.72945228263886,C
APAC_OFF-AP-10002017,55.6017,0.0011427692747843976,98.73059505191364,C
LATAM_OFF-PA-10001656,55.6,0.0011427343350655199,98.7317377862487,C
Africa_OFF-SAN-10003368,55.5,0.0011406790574844665,98.73287846530619,C
APAC_OFF-AP-10000653,55.3605,0.0011378119452588977,98.73401627725144,C
US_OFF-AR-10001662,55.348000000000006,0.0011375550355612661,98.735153832287,C
LATAM_OFF-FA-10004637,55.2,0.0011345132247413073,98.73628834551174,C
APAC_OFF-EN-10000645,55.0935,0.0011323243541174859,98.73742066986586,C
US_FUR-FU-10002445,54.984,0.0011300738251662328,98.73855074369102,C
Africa_OFF-AVE-10000065,54.912000000000006,0.0011285940253078746,98.73967933771632,C
US_OFF-PA-10003790,54.816,0.0011266209588300636,98.74080595867515,C
US_OFF-LA-10000407,54.78,0.0011258810589008844,98.74193183973405,C
EU_OFF-LA-10003967,54.75,0.0011252644756265685,98.74305710420968,C
Africa_OFF-SME-10003805,54.75,0.0011252644756265685,98.74418236868532,C
APAC_OFF-FA-10000757,54.75,0.0011252644756265685,98.74530763316095,C
US_OFF-AR-10000817,54.72,0.0011246478923522523,98.7464322810533,C
EMEA_TEC-APP-10004464,54.696,0.0011241546257327998,98.74755643567903,C
Canada_OFF-TEN-10001031,54.69,0.0011240313090779366,98.7486804669881,C
EMEA_OFF-ACC-10000307,54.672,0.0011236613591133469,98.74980412834722,C
APAC_OFF-BI-10004179,54.66,0.0011234147258036206,98.75092754307302,C
Africa_OFF-FIS-10002759,54.66,0.0011234147258036206,98.75205095779882,C
LATAM_TEC-PH-10003361,54.636,0.0011229214591841682,98.753173879258,C
EU_OFF-FA-10004657,54.6,0.0011221815592549888,98.75429606081725,C
EMEA_OFF-STO-10003329,54.6,0.0011221815592549888,98.7554182423765,C
LATAM_OFF-AR-10000067,54.544,0.001121030603809599,98.75653927298032,C
US_FUR-FU-10000087,54.528,0.0011207017593966306,98.75765997473971,C
EU_OFF-FA-10000520,54.48,0.001119715226157725,98.75877968996586,C
EMEA_OFF-STO-10004363,54.48,0.001119715226157725,98.75989940519202,C
US_OFF-PA-10000556,54.432,0.0011187286929188196,98.76101813388493,C
EMEA_TEC-MEM-10002280,54.42,0.0011184820596090931,98.76213661594454,C
EMEA_OFF-ADV-10000551,54.36,0.0011172488930604612,98.76325386483761,C
EMEA_OFF-KLE-10004543,54.24,0.0011147825599631977,98.76436864739757,C
APAC_FUR-FU-10000762,54.18899999999999,0.0011137343683968604,98.76548238176598,C
APAC_OFF-EN-10004521,54.18,0.0011135493934145658,98.76659593115939,C
APAC_FUR-CH-10002362,54.18,0.0011135493934145658,98.7677094805528,C
LATAM_OFF-LA-10003583,54.17999999999999,0.0011135493934145658,98.7688230299462,C
EU_OFF-SU-10001592,54.12,0.001112316226865934,98.76993534617307,C
LATAM_OFF-BI-10000188,54.112,0.0011121518046594498,98.77104749797773,C
US_OFF-LA-10000240,54.093999999999994,0.0011117818546948599,98.77215927983242,C
APAC_OFF-LA-10004761,54.054,0.001110959743662439,98.77327023957608,C
LATAM_OFF-FA-10001104,54.0,0.0011098498937686702,98.77438008946984,C
APAC_OFF-EN-10003455,54.0,0.0011098498937686702,98.77548993936361,C
US_OFF-PA-10001994,53.952,0.0011088633605297648,98.77659880272414,C
EMEA_OFF-CAR-10001911,53.862,0.0011070136107068172,98.77770581633484,C
US_OFF-AR-10004999,53.82,0.0011061503941227748,98.77881196672897,C
US_OFF-PA-10002751,53.82,0.0011061503941227748,98.77991811712309,C
LATAM_OFF-FA-10001871,53.8,0.001105739338606564,98.7810238564617,C
EU_OFF-BI-10002193,53.79,0.0011055338108484588,98.78212939027254,C
Africa_OFF-WIL-10000979,53.79,0.0011055338108484588,98.78323492408339,C
APAC_OFF-EN-10000182,53.784,0.0011054104941935956,98.78434033457758,C
EU_OFF-EN-10003069,53.775,0.0011052255192113007,98.78544556009679,C
APAC_OFF-EN-10002540,53.76,0.0011049172275741429,98.78655047732437,C
US_OFF-BI-10001890,53.7,0.001103684061025511,98.78765416138539,C
APAC_OFF-FA-10001957,53.676,0.0011031907944060583,98.7887573521798,C
Africa_OFF-BOS-10000477,53.64,0.0011024508944768791,98.78985980307428,C
EMEA_OFF-SAN-10002441,53.55,0.0011006011446539313,98.79096040421894,C
LATAM_OFF-BI-10002222,53.480000000000004,0.0010991624503471943,98.79205956666928,C
LATAM_OFF-SU-10000573,53.472,0.00109899802814071,98.79315856469742,C
APAC_OFF-BI-10000106,53.472,0.00109899802814071,98.79425756272556,C
US_OFF-SU-10004231,53.46,0.0010987513948309837,98.7953563141204,C
EMEA_OFF-CUI-10001060,53.46,0.0010987513948309837,98.79645506551523,C
EMEA_OFF-ELI-10003277,53.4,0.0010975182282823518,98.79755258374351,C
Africa_FUR-HAR-10002328,53.307,0.0010956068201319724,98.79864819056364,C
EU_OFF-EN-10000694,53.298,0.0010954218451496775,98.79974361240879,C
LATAM_OFF-LA-10000203,53.28,0.001095051895185088,98.80083866430398,C
EU_OFF-PA-10000827,53.28,0.001095051895185088,98.80193371619917,C
EU_OFF-LA-10002159,53.25,0.001094435311910772,98.80302815151109,C
EU_OFF-FA-10003930,53.19,0.0010932021453621402,98.80412135365644,C
APAC_OFF-BI-10001305,53.16,0.0010925855620878243,98.80521393921853,C
Africa_OFF-CAR-10000150,53.16,0.0010925855620878243,98.80630652478062,C
APAC_OFF-EN-10003316,53.136,0.0010920922954683716,98.80739861707609,C
US_TEC-AC-10002018,53.123999999999995,0.001091845662158645,98.80849046273825,C
EMEA_FUR-ADV-10000002,53.04,0.0010901192289905605,98.80958058196724,C
Africa_OFF-XER-10004042,53.04,0.0010901192289905605,98.81067070119623,C
EU_OFF-BI-10003999,53.019,0.0010896876206985394,98.81176038881694,C
EMEA_OFF-AVE-10002102,52.995000000000005,0.0010891943540790867,98.81284958317102,C
EU_OFF-PA-10001323,52.98,0.0010888860624419286,98.81393846923346,C
EU_OFF-SU-10002653,52.92,0.001087652895893297,98.81502612212935,C
EMEA_OFF-CUI-10000203,52.89,0.0010870363126189808,98.81611315844198,C
US_OFF-LA-10004484,52.864000000000004,0.0010865019404479072,98.81719966038243,C
APAC_OFF-ST-10003282,52.86,0.001086419729344665,98.81828608011178,C
Canada_OFF-FEL-10002837,52.86,0.001086419729344665,98.81937249984112,C
Africa_FUR-ADV-10000847,52.86,0.001086419729344665,98.82045891957047,C
EU_OFF-PA-10003796,52.83,0.001085803146070349,98.82154472271654,C
EU_OFF-FA-10002350,52.74,0.0010839533962474013,98.82262867611279,C
APAC_FUR-FU-10001746,52.74,0.0010839533962474013,98.82371262950903,C
APAC_FUR-FU-10003552,52.74,0.0010839533962474013,98.82479658290528,C
US_OFF-EN-10001141,52.704,0.0010832134963182222,98.8258797964016,C
US_OFF-SU-10004661,52.7,0.00108313128521498,98.82696292768681,C
APAC_FUR-FU-10003608,52.65,0.0010821036464244535,98.82804503133323,C
EMEA_OFF-BIN-10001621,52.62,0.0010814870631501376,98.82912651839638,C
Africa_TEC-KON-10003726,52.551,0.001080068921619211,98.830206587318,C
US_OFF-BI-10000069,52.535,0.0010797400772062423,98.8312863273952,C
US_FUR-FU-10004020,52.512,0.0010792673633626003,98.83236559475857,C
LATAM_OFF-EN-10000358,52.5,0.001079020730052874,98.83344461548862,C
EU_OFF-FA-10002600,52.44,0.001077787563504242,98.83452240305212,C
US_OFF-PA-10003036,52.416000000000004,0.0010772942968847894,98.83559969734901,C
APAC_OFF-FA-10003727,52.272,0.0010743346971680728,98.83667403204618,C
EU_OFF-BI-10002738,52.26,0.0010740880638583465,98.83774812011004,C
APAC_OFF-EN-10001029,52.245,0.0010737797722211884,98.83882189988226,C
LATAM_OFF-PA-10003939,52.224,0.0010733481639291671,98.83989524804619,C
EMEA_OFF-BIC-10003800,52.218,0.0010732248472743041,98.84096847289346,C
Africa_OFF-SAN-10004824,52.2,0.0010728548973097146,98.84204132779078,C
APAC_OFF-AR-10000054,52.2,0.0010728548973097146,98.8431141826881,C
US_OFF-FA-10002763,52.14,0.0010716217307610828,98.84418580441886,C
EMEA_TEC-NOK-10001844,52.104,0.0010708818308319036,98.84525668624968,C
LATAM_OFF-LA-10002883,52.096000000000004,0.0010707174086254194,98.84632740365831,C
LATAM_OFF-BI-10002977,52.08,0.0010703885642124509,98.84739779222252,C
APAC_OFF-LA-10002741,52.033500000000004,0.0010694328601372613,98.84846722508266,C
LATAM_OFF-EN-10002559,52.0,0.0010687443421476084,98.8495359694248,C
LATAM_OFF-EN-10002896,52.0,0.0010687443421476084,98.85060471376696,C
EMEA_OFF-FIS-10000063,51.996,0.0010686621310443663,98.851673375898,C
APAC_OFF-PA-10000116,51.9792,0.0010683168444107494,98.85274169274241,C
US_FUR-FU-10001876,51.968,0.0010680866533216715,98.85380977939573,C
Africa_OFF-FIS-10002949,51.948,0.0010676755978054609,98.85487745499354,C
EMEA_FUR-DEF-10000639,51.9,0.0010666890645665552,98.85594414405811,C
US_OFF-BI-10002571,51.896,0.0010666068534633132,98.85701075091158,C
EMEA_FUR-TEN-10003050,51.84,0.0010654558980179236,98.8580762068096,C
US_OFF-PA-10002005,51.84,0.0010654558980179236,98.85914166270761,C
LATAM_OFF-LA-10004312,51.839999999999996,0.0010654558980179234,98.86020711860563,C
Canada_OFF-SAN-10002839,51.78,0.0010642227314692917,98.8612713413371,C
US_OFF-BI-10003910,51.657,0.0010616947400445963,98.86233303607715,C
APAC_TEC-AC-10001592,51.624,0.0010610164984428488,98.86339405257559,C
EMEA_OFF-CUI-10003670,51.6,0.001060523231823396,98.86445457580741,C
EMEA_OFF-CAM-10001177,51.6,0.001060523231823396,98.86551509903924,C
Africa_OFF-CUI-10003670,51.6,0.001060523231823396,98.86657562227107,C
APAC_OFF-EN-10000539,51.552,0.0010595366985844906,98.86763515896966,C
US_OFF-PA-10004996,51.55,0.0010594955930328695,98.86869465456269,C
Africa_OFF-ACM-10004669,51.54,0.0010592900652747642,98.86975394462796,C
APAC_OFF-LA-10001187,51.48,0.0010580568987261323,98.87081200152669,C
APAC_OFF-AR-10001529,51.4176,0.0010567744055155553,98.8718687759322,C
APAC_OFF-LA-10003617,51.3,0.0010543573990802366,98.87292313333128,C
LATAM_OFF-LA-10003437,51.24,0.001053124232531605,98.87397625756381,C
LATAM_TEC-MA-10000888,51.156,0.0010513977993635202,98.87502765536317,C
APAC_OFF-BI-10004986,51.1446,0.0010511634977192802,98.87607881886089,C
US_OFF-LA-10002195,51.128,0.0010508223216408254,98.87712964118253,C
LATAM_OFF-LA-10004239,51.099999999999994,0.0010502468439181306,98.87817988802645,C
APAC_OFF-LA-10003505,51.03,0.0010488081496113934,98.87922869617606,C
APAC_OFF-LA-10002289,50.985,0.0010478832746999194,98.88027657945075,C
LATAM_OFF-PA-10002944,50.967999999999996,0.0010475338775111404,98.88132411332826,C
US_FUR-FU-10002111,50.96,0.0010473694553046562,98.88237148278357,C
US_OFF-AR-10000034,50.88,0.001045725233239814,98.88341720801681,C
APAC_OFF-BI-10003031,50.803200000000004,0.0010441467800575651,98.88446135479687,C
LATAM_OFF-AR-10001029,50.784,0.0010437521667620029,98.88550510696363,C
US_OFF-BI-10003429,50.64,0.0010407925670452864,98.88654589953067,C
EMEA_OFF-AME-10002081,50.616,0.0010402993004258335,98.8875861988311,C
Africa_FUR-DEF-10000349,50.58,0.0010395594004966545,98.8886257582316,C
EMEA_FUR-DEF-10003551,50.52,0.0010383262339480226,98.88966408446555,C
Africa_FUR-ELD-10003695,50.52,0.0010383262339480226,98.8907024106995,C
US_OFF-BI-10004364,50.49,0.0010377096506737067,98.89174012035018,C
LATAM_OFF-LA-10004164,50.46,0.0010370930673993908,98.89277721341757,C
EMEA_OFF-WIL-10000164,50.46,0.0010370930673993908,98.89381430648497,C
Africa_OFF-WIL-10000164,50.46,0.0010370930673993908,98.89485139955237,C
EU_OFF-ST-10002905,50.400000000000006,0.001035859900850759,98.89588725945322,C
EMEA_FUR-ELD-10001413,50.4,0.0010358599008507589,98.89692311935407,C
EMEA_OFF-ACC-10002772,50.4,0.0010358599008507589,98.89795897925492,C
APAC_OFF-LA-10004894,50.355000000000004,0.001034935025939285,98.89899391428087,C
Africa_OFF-AVE-10002311,50.28,0.0010333935677534953,98.90002730784862,C
LATAM_OFF-BI-10000925,50.274,0.001033270251098632,98.90106057809972,C
APAC_OFF-SU-10003483,50.274,0.001033270251098632,98.90209384835082,C
EMEA_FUR-TEN-10000525,50.25,0.0010327769844791792,98.90312662533529,C
US_FUR-FU-10002960,50.239999999999995,0.0010325714567210739,98.90415919679201,C
US_OFF-AR-10000122,50.22,0.0010321604012048632,98.90519135719322,C
APAC_OFF-EN-10002924,50.22,0.0010321604012048632,98.90622351759443,C
LATAM_OFF-BI-10004830,50.22,0.0010321604012048632,98.90725567799564,C
EU_OFF-LA-10004753,50.16,0.0010309272346562314,98.90828660523029,C
Africa_FUR-ELD-10004515,50.16,0.0010309272346562314,98.90931753246494,C
LATAM_OFF-EN-10003560,50.16,0.0010309272346562314,98.91034845969959,C
APAC_OFF-AR-10002236,50.1,0.0010296940681075997,98.9113781537677,C
Africa_OFF-KLE-10001317,50.094,0.0010295707514527365,98.91240772451916,C
APAC_OFF-LA-10003610,50.084999999999994,0.0010293857764704414,98.91343711029563,C
EU_OFF-FA-10004880,50.04,0.0010284609015589678,98.9144655711972,C
EU_TEC-MA-10002267,50.04,0.0010284609015589678,98.91549403209876,C
Africa_FUR-ADV-10004499,50.01,0.0010278443182846519,98.91652187641705,C
Africa_FUR-ADV-10000108,50.01,0.0010278443182846519,98.91754972073534,C
Africa_OFF-STI-10000114,50.004,0.0010277210016297886,98.91857744173697,C
US_TEC-AC-10001383,49.98,0.001027227735010336,98.91960466947198,C
LATAM_OFF-FA-10003123,49.968,0.0010269811017006097,98.92063165057368,C
EU_OFF-FA-10001783,49.95,0.00102661115173602,98.92165826172541,C
APAC_OFF-EN-10004784,49.926,0.0010261178851165673,98.92268437961053,C
US_OFF-PA-10002870,49.92,0.001025994568461704,98.923710374179,C
Africa_OFF-SAN-10001114,49.83,0.0010241448186387562,98.92473451899764,C
LATAM_OFF-ST-10003426,49.824,0.0010240215019838932,98.92575854049963,C
LATAM_OFF-LA-10002848,49.776,0.0010230349687449876,98.92678157546837,C
APAC_OFF-FA-10001187,49.712999999999994,0.001021740143868924,98.92780331561224,C
US_OFF-ST-10003327,49.65,0.0010204453189928608,98.92882376093124,C
EMEA_OFF-JIF-10002454,49.62,0.0010198287357185446,98.92984358966696,C
LATAM_OFF-EN-10004057,49.62,0.0010198287357185446,98.93086341840268,C
US_TEC-PH-10000213,49.616,0.0010197465246153028,98.9318831649273,C
LATAM_OFF-SU-10001133,49.6,0.0010194176802023342,98.9329025826075,C
APAC_OFF-SU-10001697,49.56,0.001018595569169913,98.93392117817666,C
Canada_OFF-STA-10002654,49.56,0.001018595569169913,98.93493977374582,C
Africa_OFF-BIN-10004729,49.5,0.001017362402621281,98.93595713614845,C
EU_OFF-SU-10003509,49.5,0.001017362402621281,98.93697449855107,C
LATAM_OFF-EN-10001616,49.495999999999995,0.0010172801915180388,98.93799177874259,C
EMEA_OFF-ELD-10001293,49.449,0.0010163142110549439,98.93900809295364,C
EMEA_TEC-OKI-10001433,49.44,0.0010161292360726492,98.94002422218972,C
Africa_FUR-SAF-10001949,49.44,0.0010161292360726492,98.9410403514258,C
LATAM_OFF-BI-10000185,49.44,0.0010161292360726492,98.94205648066188,C
LATAM_OFF-PA-10000781,49.44,0.0010161292360726492,98.94307260989795,C
Africa_OFF-SME-10001761,49.41,0.0010155126527983333,98.94408812255075,C
LATAM_OFF-PA-10003395,49.392,0.0010151427028337438,98.9451032652536,C
EU_OFF-LA-10002029,49.349999999999994,0.0010142794862497014,98.94611754473985,C
EMEA_TEC-SAM-10002496,49.332,0.001013909536285112,98.94713145427613,C
Africa_OFF-ACM-10001112,49.32,0.0010136629029753855,98.94814511717911,C
EMEA_OFF-KRA-10000534,49.32,0.0010136629029753855,98.94915878008209,C
LATAM_FUR-CH-10003155,49.296,0.0010131696363559328,98.95017194971844,C
LATAM_OFF-ST-10001513,49.28,0.0010128407919429642,98.95118479051038,C
APAC_OFF-SU-10004575,49.26,0.0010124297364267536,98.9521972202468,C
US_OFF-PA-10004621,49.248000000000005,0.0010121831031170273,98.95320940334992,C
US_OFF-PA-10000552,49.248000000000005,0.0010121831031170273,98.95422158645303,C
LATAM_TEC-AC-10001728,49.248,0.0010121831031170271,98.95523376955614,C
Africa_OFF-CAR-10000202,49.23,0.0010118131531524376,98.9562455827093,C
US_OFF-AR-10000127,49.2,0.001011196569878122,98.95725677927918,C
EU_OFF-EN-10003049,49.2,0.001011196569878122,98.95826797584905,C
LATAM_OFF-BI-10000404,49.14,0.0010099634033294898,98.95927793925239,C
US_OFF-ST-10002444,49.12,0.0010095523478132792,98.9602874916002,C
US_OFF-PA-10004438,49.12,0.0010095523478132792,98.96129704394801,C
LATAM_OFF-LA-10004969,49.104,0.0010092235034003109,98.96230626745141,C
APAC_OFF-PA-10004260,49.056,0.0010082369701614054,98.96331450442158,C
EMEA_TEC-STA-10002650,49.05,0.0010081136535065422,98.96432261807509,C
EU_OFF-PA-10004145,49.02,0.0010074970702322263,98.96533011514532,C
LATAM_OFF-AP-10003800,49.0,0.0010070860147160157,98.96633720116003,C
EMEA_OFF-WIL-10003532,48.96,0.0010062639036835944,98.96734346506372,C
US_OFF-EN-10000461,48.944,0.0010059350592706259,98.96834940012299,C
LATAM_OFF-FA-10001700,48.928,0.0010056062148576573,98.96935500633785,C
APAC_OFF-EN-10004590,48.906,0.0010051540537898257,98.97036016039164,C
LATAM_OFF-ST-10000650,48.9,0.0010050307371349625,98.97136519112877,C
EMEA_OFF-BOS-10001711,48.87,0.0010044141538606466,98.97236960528262,C
APAC_FUR-FU-10000816,48.87,0.0010044141538606466,98.97337401943648,C
EU_OFF-EN-10003511,48.84,0.0010037975705863306,98.97437781700707,C
APAC_FUR-FU-10000394,48.78,0.0010025644040376988,98.9753803814111,C
US_OFF-AP-10003622,48.75,0.001001947820763383,98.97638232923187,C
EU_OFF-FA-10002045,48.72,0.0010013312374890669,98.97738366046936,C
EMEA_TEC-PAN-10004360,48.69,0.001000714654214751,98.97838437512357,C
Africa_OFF-BIC-10002440,48.66,0.001000098070940435,98.97938447319451,C
EU_OFF-SU-10003951,48.63,0.0009994814876661193,98.98038395468218,C
Africa_OFF-BIN-10002236,48.492,0.0009966452046042658,98.98138059988679,C
EMEA_OFF-SME-10002823,48.48,0.0009963985712945394,98.98237699845808,C
Africa_OFF-SME-10002823,48.48,0.0009963985712945394,98.98337339702937,C
APAC_OFF-ST-10004280,48.45,0.0009957819880202236,98.98436917901739,C
EMEA_FUR-ADV-10002889,48.42,0.0009951654047459077,98.98536434442214,C
LATAM_OFF-LA-10003285,48.384,0.0009944255048167285,98.98635876992695,C
APAC_OFF-EN-10000835,48.384,0.0009944255048167285,98.98735319543177,C
EU_OFF-BI-10000267,48.375,0.0009942405298344337,98.9883474359616,C
Canada_OFF-SME-10000018,48.3,0.0009926990716486437,98.98934013503325,C
APAC_OFF-BI-10003012,48.2898,0.0009924894333353765,98.99033262446657,C
EMEA_OFF-IBI-10001494,48.204,0.000990726005170833,98.99132335047175,C
LATAM_OFF-LA-10003140,48.18,0.0009902327385513802,98.99231358321029,C
LATAM_TEC-AC-10003681,48.16,0.0009898216830351695,98.99330340489333,C
Africa_OFF-KRA-10002789,48.06,0.0009877664054541166,98.99429117129878,C
APAC_OFF-FA-10003631,48.0342,0.0009872361438382049,98.99527840744263,C
US_TEC-AC-10002167,48.0,0.0009865332389054845,98.99626494068153,C
LATAM_OFF-SU-10003157,48.0,0.0009865332389054845,98.99725147392043,C
APAC_OFF-BI-10000787,47.952,0.0009855467056665791,98.99823702062609,C
EU_OFF-BI-10001900,47.925,0.0009849917807196948,98.99922201240682,C
EMEA_OFF-IBI-10000779,47.885999999999996,0.000984190222463084,99.00020620262929,C
LATAM_OFF-PA-10004296,47.856,0.0009835736391887683,99.00118977626848,C
Africa_TEC-LOG-10003634,47.82,0.000982833739259589,99.00217261000773,C
LATAM_OFF-SU-10003098,47.82,0.000982833739259589,99.00315544374699,C
Africa_OFF-GLO-10002315,47.82,0.000982833739259589,99.00413827748625,C
EU_FUR-FU-10004049,47.64,0.0009791342396136935,99.00511741172586,C
US_OFF-BI-10001759,47.625,0.0009788259479765356,99.00609623767384,C
APAC_OFF-AR-10001228,47.619,0.0009787026313216724,99.00707494030516,C
Africa_OFF-STA-10002791,47.61,0.0009785176563393775,99.0080534579615,C
APAC_OFF-FA-10002175,47.586,0.0009780243897199248,99.00903148235122,C
APAC_OFF-EN-10004503,47.58,0.0009779010730650616,99.01000938342429,C
EU_OFF-FA-10004359,47.52,0.00097666790651643,99.0109860513308,C
LATAM_OFF-PA-10002671,47.52,0.00097666790651643,99.01196271923732,C
APAC_OFF-FA-10003161,47.52,0.00097666790651643,99.01293938714383,C
Africa_OFF-ELD-10002240,47.49,0.000976051323242114,99.01391543846707,C
EMEA_OFF-CAM-10004338,47.43,0.0009748181566934821,99.01489025662376,C
LATAM_OFF-FA-10004649,47.424,0.0009746948400386189,99.0158649514638,C
Africa_OFF-HAR-10003043,47.4,0.000974201573419166,99.01683915303721,C
US_OFF-PA-10004041,47.36,0.0009733794623867449,99.01781253249959,C
LATAM_OFF-BI-10002483,47.36,0.0009733794623867449,99.01878591196197,C
LATAM_OFF-AP-10003477,47.36,0.0009733794623867449,99.01975929142435,C
Canada_FUR-DEF-10002774,47.34,0.0009729684068705344,99.02073225983122,C
LATAM_OFF-BI-10000490,47.3,0.000972146295838113,99.02170440612706,C
LATAM_OFF-FA-10003929,47.256,0.0009712419737024497,99.02267564810076,C
LATAM_FUR-FU-10000012,47.208,0.0009702554404635442,99.02364590354122,C
Africa_FUR-ELD-10000335,47.19,0.0009698854904989546,99.02461578903173,C
APAC_TEC-AC-10002795,47.1753,0.0009695833646945397,99.02558537239642,C
APAC_OFF-PA-10004335,47.1753,0.0009695833646945397,99.02655495576111,C
US_OFF-FA-10004968,47.124,0.0009685290072954597,99.02752348476841,C
APAC_OFF-AR-10003228,47.0958,0.0009679494190176025,99.02849143418743,C
APAC_TEC-AC-10001608,47.0799,0.0009676226298822152,99.02945905681732,C
US_OFF-BI-10002071,47.06099999999999,0.000967234182419396,99.03042629099974,C
US_FUR-FU-10002157,47.04,0.000966802574127375,99.03139309357387,C
APAC_OFF-PA-10003499,46.98,0.0009655694075787431,99.03235866298145,C
LATAM_OFF-AR-10001813,46.92,0.0009643362410301112,99.03332299922248,C
Africa_OFF-STA-10004163,46.92,0.0009643362410301112,99.0342873354635,C
Africa_OFF-IBI-10001772,46.872,0.0009633497077912058,99.03525068517129,C
Africa_FUR-ADV-10003147,46.8,0.0009618699079328475,99.03621255507923,C
Africa_OFF-CAM-10003605,46.8,0.0009618699079328475,99.03717442498717,C
US_OFF-AR-10001761,46.72,0.0009602256858680051,99.03813465067304,C
Africa_OFF-STO-10001150,46.71,0.0009600201581098998,99.03909467083115,C
LATAM_OFF-PA-10001283,46.704,0.0009598968414550365,99.0400545676726,C
US_OFF-PA-10003729,46.656,0.0009589103082161311,99.04101347798081,C
EMEA_OFF-GLO-10000016,46.62,0.0009581704082869518,99.0419716483891,C
EMEA_OFF-ACM-10003715,46.62,0.0009581704082869518,99.04292981879738,C
LATAM_OFF-EN-10002700,46.592,0.000957594930564257,99.04388741372794,C
APAC_OFF-AR-10003978,46.59,0.0009575538250126362,99.04484496755296,C
APAC_OFF-FA-10000549,46.5552,0.0009568385884144295,99.04580180614137,C
LATAM_OFF-FA-10004626,46.536,0.0009564439751188673,99.04675825011648,C
APAC_OFF-FA-10004659,46.5264,0.0009562466684710864,99.04771449678495,C
EU_OFF-LA-10001170,46.515,0.0009560123668268463,99.04867050915178,C
APAC_OFF-ST-10004703,46.5,0.0009557040751896883,99.04962621322697,C
US_FUR-FU-10001731,46.458,0.000954840858605646,99.05058105408558,C
Africa_OFF-ELI-10000443,46.41,0.0009538543253667404,99.05153490841094,C
Africa_TEC-EPS-10001323,46.41,0.0009538543253667404,99.0524887627363,C
EMEA_TEC-ENE-10003090,46.356,0.0009527444754729719,99.05344150721177,C
Africa_OFF-STI-10001957,46.32,0.0009520045755437926,99.05439351178731,C
Africa_TEC-LOG-10002431,46.32,0.0009520045755437926,99.05534551636285,C
US_OFF-ST-10001414,46.26,0.0009507714089951608,99.05629628777184,C
EU_OFF-SU-10000429,46.26,0.0009507714089951608,99.05724705918084,C
APAC_OFF-ST-10003414,46.248,0.0009505247756854344,99.05819758395653,C
EU_OFF-ST-10001195,46.248,0.0009505247756854344,99.05914810873222,C
LATAM_OFF-FA-10002100,46.2,0.0009495382424465291,99.06009764697467,C
EMEA_OFF-KLE-10000552,46.17,0.000948921659172213,99.06104656863384,C
LATAM_FUR-CH-10004801,46.152,0.0009485517092076235,99.06199512034306,C
LATAM_OFF-FA-10001337,46.112,0.0009477295981752022,99.06294284994124,C
APAC_OFF-SU-10001488,46.02,0.0009458387428006335,99.06388868868403,C
LATAM_OFF-ST-10002605,45.919999999999995,0.0009437834652195802,99.06483247214925,C
US_OFF-PA-10002615,45.864000000000004,0.0009426325097741906,99.06577510465902,C
EMEA_TEC-ENE-10000995,45.84,0.000942139243154738,99.06671724390218,C
Africa_OFF-KRA-10002828,45.78,0.0009409060766061059,99.06765814997878,C
EMEA_OFF-SAN-10003687,45.75,0.0009402894933317901,99.06859843947211,C
US_OFF-PA-10001952,45.68,0.0009388507990250529,99.06953729027114,C
US_OFF-PA-10004569,45.660000000000004,0.0009384397435088424,99.07047573001465,C
APAC_OFF-EN-10000387,45.63,0.0009378231602345263,99.07141355317488,C
APAC_OFF-BI-10004436,45.629999999999995,0.0009378231602345262,99.0723513763351,C
EU_OFF-LA-10002974,45.6,0.0009372065769602105,99.07328858291207,C
LATAM_OFF-LA-10001471,45.6,0.0009372065769602105,99.07422578948903,C
APAC_FUR-FU-10001254,45.576,0.0009367133103407577,99.07516250279937,C
EMEA_OFF-AVE-10004312,45.576,0.0009367133103407577,99.07609921610971,C
US_OFF-PA-10000726,45.55,0.0009361789381696838,99.07703539504789,C
LATAM_OFF-PA-10002328,45.5,0.0009351512993791573,99.07797054634726,C
US_OFF-AR-10002656,45.424,0.0009335892884175571,99.07890413563568,C
US_OFF-PA-10004983,45.36,0.000932273910765683,99.07983640954644,C
US_OFF-PA-10002689,45.36,0.000932273910765683,99.08076868345721,C
EU_OFF-LA-10002490,45.36,0.000932273910765683,99.08170095736797,C
Africa_TEC-LOG-10003079,45.312,0.0009312873775267776,99.0826322447455,C
US_OFF-BI-10000145,45.24,0.0009298075776684192,99.08356205232316,C
EMEA_OFF-STA-10000054,45.24,0.0009298075776684192,99.08449185990082,C
LATAM_OFF-BI-10001422,45.216,0.0009293143110489666,99.08542117421187,C
EMEA_OFF-CAR-10000150,45.18599999999999,0.0009286977277746505,99.08634987193965,C
LATAM_FUR-CH-10003180,45.184,0.0009286566222230295,99.08727852856187,C
Africa_OFF-KRA-10000695,45.18,0.0009285744111197875,99.08820710297299,C
EMEA_OFF-AVE-10002892,45.168,0.000928327777810061,99.0891354307508,C
EU_OFF-BI-10000620,45.15,0.0009279578278454715,99.09006338857864,C
Africa_OFF-HAR-10004816,45.12,0.0009273412445711556,99.09099072982322,C
EU_OFF-SU-10001909,45.12,0.0009273412445711556,99.0919180710678,C
APAC_OFF-SU-10003592,45.117,0.000927279586243724,99.09284535065404,C
EMEA_OFF-ELI-10003179,45.06,0.0009261080780225238,99.09377145873206,C
EU_OFF-PA-10003027,45.0,0.0009248749114738919,99.09469633364354,C
APAC_OFF-LA-10002851,45.0,0.0009248749114738919,99.09562120855502,C
LATAM_OFF-FA-10000700,45.0,0.0009248749114738919,99.09654608346649,C
EU_OFF-LA-10000039,45.0,0.0009248749114738919,99.09747095837797,C
APAC_OFF-LA-10000095,44.982,0.0009245049615093023,99.09839546333947,C
EMEA_OFF-BOS-10001348,44.982,0.0009245049615093023,99.09931996830097,C
Africa_OFF-XER-10003495,44.97,0.0009242583281995759,99.10024422662917,C
APAC_OFF-AR-10003085,44.94,0.0009236417449252599,99.10116786837409,C
Africa_OFF-STA-10001112,44.94,0.0009236417449252599,99.10209151011901,C
EU_OFF-AR-10003521,44.91,0.0009230251616509441,99.10301453528066,C
LATAM_OFF-FA-10002353,44.9,0.0009228196338928387,99.10393735491456,C
APAC_OFF-FA-10003615,44.8806,0.0009224209100421144,99.10485977582461,C
Africa_OFF-XER-10000641,44.88,0.0009224085783766282,99.10578218440298,C
EU_FUR-FU-10004483,44.856,0.0009219153117571753,99.10670409971475,C
EU_FUR-FU-10000072,44.856,0.0009219153117571753,99.10762601502651,C
US_OFF-ST-10004634,44.84,0.000921586467344207,99.10854760149385,C
US_OFF-PA-10002586,44.82,0.0009211754118279963,99.10946877690569,C
EMEA_TEC-EPS-10001341,44.82,0.0009211754118279963,99.11038995231752,C
EU_OFF-EN-10003087,44.82,0.0009211754118279963,99.11131112772935,C
EMEA_OFF-ENE-10001906,44.82,0.0009211754118279963,99.11223230314118,C
Africa_TEC-STA-10001232,44.784,0.0009204355118988171,99.11315273865308,C
US_TEC-PH-10002350,44.784,0.0009204355118988171,99.11407317416499,C
APAC_OFF-BI-10003188,44.76,0.0009199422452793645,99.11499311641026,C
LATAM_OFF-FA-10002163,44.736,0.0009194489786599116,99.11591256538892,C
Africa_OFF-STA-10004885,44.7,0.0009187090787307326,99.11683127446766,C
US_OFF-BI-10003708,44.7,0.0009187090787307326,99.11774998354639,C
LATAM_OFF-SU-10000388,44.7,0.0009187090787307326,99.11866869262512,C
APAC_OFF-PA-10002370,44.6463,0.000917605394669707,99.1195862980198,C
Africa_OFF-GRE-10000320,44.64,0.0009174759121821007,99.12050377393199,C
LATAM_FUR-CH-10004642,44.624,0.0009171470677691323,99.12142092099975,C
US_OFF-PA-10000533,44.472,0.0009140230458459315,99.1223349440456,C
US_FUR-FU-10001918,44.462,0.0009138175180878264,99.12324876156369,C
US_FUR-FU-10002030,44.46,0.0009137764125362052,99.12416253797622,C
LATAM_OFF-LA-10001038,44.400000000000006,0.0009125432459875733,99.1250750812222,C
EU_OFF-LA-10004285,44.4,0.0009125432459875732,99.1259876244682,C
EU_OFF-SU-10003229,44.37,0.0009119266627132574,99.1268995511309,C
EMEA_OFF-STI-10003510,44.37,0.0009119266627132574,99.12781147779361,C
US_OFF-PA-10004733,44.352000000000004,0.0009115567127486679,99.12872303450636,C
APAC_OFF-EN-10001823,44.352,0.0009115567127486677,99.12963459121912,C
EU_OFF-EN-10003904,44.28,0.0009100769128903097,99.130544668132,C
EMEA_OFF-ACC-10002343,44.268,0.0009098302795805832,99.13145449841159,C
Africa_OFF-ELD-10002207,44.226,0.0009089670629965409,99.13236346547458,C
APAC_OFF-EN-10004649,44.202,0.0009084737963770881,99.13327193927095,C
APAC_OFF-LA-10003236,44.1408,0.0009072159664974837,99.13417915523745,C
EU_TEC-AC-10001564,44.13,0.00090699399651873,99.13508614923397,C
EMEA_FUR-ELD-10003802,44.112,0.0009066240465541404,99.13599277328052,C
US_OFF-LA-10001317,44.1,0.000906377413244414,99.13689915069376,C
Africa_TEC-CAN-10002843,44.037,0.0009050825883683505,99.13780423328214,C
US_TEC-AC-10000199,44.03,0.000904938718937677,99.13870917200107,C
US_OFF-BI-10000829,44.001999999999995,0.0009043632412149818,99.13961353524229,C
US_OFF-BI-10000138,43.992,0.0009041577134568766,99.14051769295575,C
EU_OFF-PA-10003884,43.98,0.0009039110801471503,99.1414216040359,C
Africa_OFF-ACM-10003591,43.98,0.0009039110801471503,99.14232551511604,C
LATAM_OFF-PA-10001761,43.98,0.0009039110801471503,99.14322942619619,C
EMEA_FUR-DEF-10000384,43.95,0.0009032944968728345,99.14413272069307,C
Africa_OFF-ADV-10000177,43.92,0.0009026779135985186,99.14503539860667,C
LATAM_OFF-FA-10004946,43.92,0.0009026779135985186,99.14593807652027,C
EU_OFF-EN-10001147,43.92,0.0009026779135985186,99.14684075443387,C
US_OFF-AR-10004456,43.92,0.0009026779135985186,99.14774343234747,C
EMEA_OFF-ACC-10001028,43.92,0.0009026779135985186,99.14864611026107,C
EMEA_FUR-TEN-10004388,43.89,0.0009020613303242026,99.14954817159139,C
EU_FUR-FU-10002017,43.86,0.0009014447470498865,99.15044961633843,C
Canada_FUR-RUB-10001094,43.86,0.0009014447470498865,99.15135106108548,C
US_OFF-BI-10003355,43.824,0.0009007048471207075,99.1522517659326,C
US_OFF-PA-10001526,43.824,0.0009007048471207075,99.15315247077973,C
APAC_OFF-LA-10001669,43.8,0.0009002115805012546,99.15405268236023,C
US_OFF-AR-10004752,43.788000000000004,0.0008999649471915284,99.15495264730743,C
Africa_FUR-BUS-10004121,43.767,0.0008995333388995074,99.15585218064632,C
EU_OFF-ST-10001858,43.752,0.0008992250472623493,99.15675140569358,C
Canada_OFF-STO-10003604,43.68,0.0008977452474039911,99.15764915094098,C
US_OFF-PA-10000130,43.656,0.0008972519807845383,99.15854640292177,C
Africa_FUR-ADV-10004971,43.65,0.000897128664129675,99.15944353158591,C
LATAM_OFF-FA-10003464,43.596000000000004,0.0008960188142359065,99.16033955040014,C
US_OFF-BI-10002982,43.584,0.0008957721809261802,99.16123532258106,C
EU_OFF-FA-10002393,43.56,0.0008952789143067273,99.16213060149538,C
LATAM_OFF-SU-10003040,43.56,0.0008952789143067273,99.16302588040969,C
Africa_OFF-SME-10004256,43.56,0.0008952789143067273,99.163921159324,C
US_OFF-AR-10001149,43.512,0.0008942923810678218,99.16481545170507,C
LATAM_OFF-LA-10001019,43.44,0.0008928125812094636,99.16570826428628,C
APAC_OFF-SU-10004373,43.38,0.0008915794146608319,99.16659984370094,C
US_FUR-FU-10002885,43.38,0.0008915794146608319,99.16749142311559,C
EMEA_OFF-FEL-10000998,43.362,0.0008912094646962422,99.16838263258029,C
EMEA_OFF-IBI-10004959,43.344,0.0008908395147316526,99.16927347209503,C
US_OFF-AP-10002998,43.32,0.0008903462481122,99.17016381834314,C
EMEA_OFF-ELI-10001351,43.29,0.000889729664837884,99.17105354800798,C
Africa_TEC-HEW-10004652,43.281,0.0008895446898555891,99.17194309269783,C
US_OFF-ST-10004946,43.28,0.0008895241370797787,99.17283261683491,C
APAC_FUR-FU-10004995,43.254,0.0008889897649087047,99.17372160659981,C
EU_OFF-LA-10002995,43.2,0.0008878799150149363,99.17460948651483,C
EU_OFF-EN-10002065,43.2,0.0008878799150149363,99.17549736642984,C
APAC_OFF-FA-10004298,43.2,0.0008878799150149363,99.17638524634485,C
APAC_OFF-SU-10001840,43.164,0.0008871400150857572,99.17727238635993,C
EMEA_OFF-JIF-10004450,43.164,0.0008871400150857572,99.17815952637501,C
EMEA_OFF-STA-10001636,43.146,0.0008867700651211676,99.17904629644013,C
EMEA_OFF-IBI-10001123,43.134,0.0008865234318114412,99.17993281987195,C
APAC_OFF-ST-10002250,43.128,0.0008864001151565779,99.18081921998711,C
LATAM_OFF-AR-10001338,43.128,0.0008864001151565779,99.18170562010228,C
EU_OFF-FA-10000429,43.11,0.0008860301651919883,99.18259165026747,C
APAC_OFF-ST-10003606,43.092,0.0008856602152273989,99.1834773104827,C
APAC_OFF-ST-10003578,43.08,0.0008854135819176725,99.18436272406461,C
APAC_OFF-FA-10001297,43.08,0.0008854135819176725,99.18524813764652,C
EMEA_TEC-ENE-10003125,43.02,0.0008841804153690406,99.1861323180619,C
US_OFF-FA-10001843,42.978,0.0008833171987849983,99.18701563526068,C
LATAM_OFF-SU-10004446,42.96,0.0008829472488204088,99.1878985825095,C
EMEA_OFF-ELD-10003181,42.96,0.0008829472488204088,99.18878152975833,C
EMEA_OFF-AME-10002949,42.96,0.0008829472488204088,99.18966447700716,C
APAC_FUR-FU-10004730,42.9516,0.0008827746055036002,99.19054725161266,C
APAC_TEC-AC-10003889,42.93,0.0008823306655460929,99.1914295822782,C
Africa_OFF-HON-10004621,42.84,0.0008804809157231452,99.19231006319393,C
EU_OFF-AR-10001176,42.84,0.0008804809157231452,99.19319054410965,C
US_OFF-BI-10002706,42.839999999999996,0.000880480915723145,99.19407102502538,C
US_OFF-BI-10000948,42.81,0.0008798643324488292,99.19495088935783,C
US_OFF-BI-10000216,42.801,0.0008796793574665343,99.1958305687153,C
US_OFF-PA-10004610,42.800000000000004,0.000879658804690724,99.19671022751999,C
US_OFF-EN-10004459,42.784,0.0008793299602777553,99.19758955748027,C
US_OFF-AR-10004691,42.76,0.0008788366936583026,99.19846839417393,C
Africa_OFF-ELI-10003277,42.72,0.0008780145826258812,99.19934640875655,C
APAC_OFF-LA-10004918,42.705,0.0008777062909887234,99.20022411504755,C
EMEA_OFF-ACC-10004692,42.672,0.0008770280493869758,99.20110114309693,C
EMEA_OFF-GRE-10001521,42.66,0.0008767814160772493,99.20197792451302,C
Canada_OFF-HAM-10003628,42.66,0.0008767814160772493,99.2028547059291,C
US_OFF-AR-10003651,42.64,0.0008763703605610388,99.20373107628966,C
US_OFF-BI-10002215,42.599999999999994,0.0008755482495286175,99.20460662453918,C
Africa_OFF-OIC-10000855,42.57,0.0008749316662543016,99.20548155620544,C
LATAM_OFF-PA-10001085,42.48,0.0008730819164313539,99.20635463812188,C
EU_OFF-FA-10004997,42.48,0.0008730819164313539,99.20722772003832,C
APAC_OFF-PA-10002416,42.408,0.0008716021165729957,99.2080993221549,C
US_OFF-BI-10000756,42.4,0.0008714376943665114,99.20897075984927,C
LATAM_FUR-FU-10002104,42.384,0.000871108849953543,99.20984186869921,C
LATAM_OFF-BI-10001275,42.370000000000005,0.0008708211110921957,99.21071268981031,C
EU_OFF-LA-10003795,42.336,0.0008701223167146373,99.21158281212702,C
EU_FUR-CH-10003248,42.309,0.0008695673917677531,99.2124523795188,C
EU_OFF-LA-10001265,42.3,0.0008693824167854583,99.21332176193557,C
Africa_OFF-SAN-10001094,42.24,0.0008681492502368266,99.21418991118581,C
EMEA_OFF-SAN-10001094,42.24,0.0008681492502368266,99.21505806043605,C
EMEA_TEC-BEL-10001971,42.15,0.0008662995004138787,99.21592435993647,C
US_OFF-EN-10002312,42.141999999999996,0.0008661350782073944,99.21679049501468,C
EU_OFF-FA-10002264,42.12,0.0008656829171395626,99.21765617793181,C
LATAM_OFF-BI-10003324,42.12,0.0008656829171395626,99.21852186084895,C
Africa_OFF-ACC-10004281,42.12,0.0008656829171395626,99.21938754376609,C
APAC_OFF-PA-10000070,42.0714,0.0008646840522351709,99.22025222781832,C
LATAM_OFF-ST-10000711,42.048,0.0008642031172812046,99.22111643093561,C
LATAM_OFF-PA-10000420,42.024,0.0008637098506617518,99.22198014078627,C
US_OFF-PA-10001307,42.0,0.0008632165840422991,99.22284335737031,C
APAC_OFF-EN-10002491,42.0,0.0008632165840422991,99.22370657395435,C
US_OFF-AP-10002287,41.952,0.0008622300508033935,99.22456880400514,C
LATAM_OFF-BI-10000280,41.94,0.0008619834174936672,99.22543078742264,C
US_TEC-PH-10001300,41.9,0.0008611613064612459,99.2262919487291,C
US_OFF-AR-10001221,41.86,0.0008603391954288247,99.22715228792453,C
US_OFF-PA-10001184,41.86,0.0008603391954288247,99.22801262711995,C
APAC_OFF-FA-10003819,41.85,0.0008601336676707195,99.22887276078762,C
APAC_OFF-ST-10002618,41.796,0.0008590238177769506,99.2297317846054,C
Africa_FUR-HAR-10002546,41.742,0.000857913967883182,99.23058969857328,C
EMEA_OFF-CAM-10001249,41.7,0.0008570507512991399,99.23144674932458,C
Africa_OFF-STO-10001671,41.658,0.0008561875347150975,99.23230293685928,C
APAC_OFF-FA-10001521,41.6142,0.0008552873231345962,99.23315822418242,C
US_FUR-FU-10001617,41.6,0.0008549954737180867,99.23401321965613,C
LATAM_OFF-BI-10003856,41.58,0.000854584418201876,99.23486780407434,C
EMEA_OFF-IBI-10003191,41.535,0.0008536595432904021,99.23572146361764,C
LATAM_OFF-FA-10002526,41.52,0.0008533512516532443,99.23657481486929,C
EMEA_TEC-ENE-10004236,41.52,0.0008533512516532443,99.23742816612094,C
EMEA_OFF-JIF-10003842,41.496,0.0008528579850337915,99.23828102410597,C
EU_OFF-SU-10003629,41.49,0.0008527346683789283,99.23913375877436,C
APAC_OFF-SU-10004762,41.49,0.0008527346683789283,99.23998649344274,C
Africa_OFF-CAR-10004886,41.49,0.0008527346683789283,99.24083922811113,C
US_OFF-LA-10002312,41.44,0.0008517070295884018,99.24169093514071,C
US_OFF-SU-10004261,41.376,0.0008503916519365277,99.24254132679265,C
Africa_TEC-SAM-10000765,41.364,0.0008501450186268013,99.24339147181128,C
LATAM_OFF-LA-10001484,41.3,0.0008488296409749273,99.24424030145225,C
Africa_OFF-NOV-10000512,41.28,0.0008484185854587168,99.24508872003771,C
EU_OFF-FA-10002506,41.25,0.0008478020021844009,99.2459365220399,C
US_OFF-PA-10002659,41.236,0.0008475142633230535,99.24678403630323,C
APAC_OFF-ST-10000327,41.2344,0.0008474813788817567,99.24763151768211,C
US_TEC-PH-10004006,41.22,0.000847185418910085,99.24847870310101,C
US_OFF-PA-10002479,41.184,0.0008464455189809059,99.24932514861999,C
EU_OFF-BI-10004554,41.144999999999996,0.000845643960724295,99.25017079258072,C
EMEA_OFF-ADV-10004274,41.13,0.0008453356690871372,99.2510161282498,C
LATAM_OFF-SU-10004771,41.12,0.0008451301413290318,99.25186125839113,C
US_OFF-AR-10000634,41.088,0.000844472452503095,99.25270573084363,C
APAC_OFF-BI-10003166,41.04,0.0008434859192641893,99.25354921676289,C
US_OFF-SU-10004737,41.04,0.0008434859192641893,99.25439270268215,C
APAC_FUR-FU-10004907,41.04,0.0008434859192641893,99.25523618860142,C
US_OFF-BI-10002827,40.922,0.0008410606917185466,99.25607724929313,C
LATAM_OFF-PA-10003556,40.92,0.0008410195861669257,99.25691826887929,C
Africa_TEC-BEL-10000681,40.92,0.0008410195861669257,99.25775928846545,C
APAC_OFF-SU-10002750,40.86,0.0008397864196182938,99.25859907488507,C
US_OFF-PA-10003016,40.82,0.0008389643085858727,99.25943803919365,C
EU_OFF-FA-10001359,40.77,0.0008379366697953461,99.26027597586345,C
US_OFF-SU-10004115,40.712,0.0008367446087983354,99.26111272047225,C
EMEA_TEC-BEL-10002516,40.71,0.0008367035032467142,99.26194942397551,C
EMEA_OFF-ACM-10003510,40.704,0.0008365801865918511,99.2627860041621,C
US_TEC-PH-10000169,40.68,0.0008360869199723983,99.26362209108207,C
Africa_OFF-WIL-10000390,40.656,0.0008355936533529455,99.26445768473542,C
LATAM_OFF-LA-10004495,40.599999999999994,0.0008344426979075557,99.26529212743333,C
US_OFF-PA-10003845,40.46,0.0008315653092940814,99.26612369274262,C
LATAM_OFF-BI-10001089,40.44,0.0008311542537778708,99.2669548469964,C
EMEA_OFF-HON-10001204,40.416,0.0008306609871584182,99.26778550798356,C
Africa_OFF-BIC-10001458,40.38,0.0008299210872292391,99.26861542907079,C
LATAM_OFF-BI-10002594,40.368,0.0008296744539195126,99.26944510352472,C
APAC_TEC-MA-10001296,40.338,0.0008290578706451968,99.27027416139536,C
EMEA_OFF-ACC-10001703,40.326,0.0008288112373354703,99.2711029726327,C
Africa_OFF-FEL-10000070,40.32,0.0008286879206806072,99.27193166055338,C
EMEA_OFF-GLO-10001567,40.32,0.0008286879206806072,99.27276034847405,C
EU_OFF-LA-10001075,40.32,0.0008286879206806072,99.27358903639472,C
APAC_OFF-LA-10003807,40.32,0.0008286879206806072,99.2744177243154,C
EU_OFF-BI-10000121,40.32,0.0008286879206806072,99.27524641223607,C
Africa_OFF-HON-10004800,40.284,0.0008279480207514279,99.27607436025683,C
US_OFF-PA-10002259,40.284,0.0008279480207514279,99.27690230827758,C
Africa_OFF-TEN-10004270,40.248,0.0008272081208222489,99.27772951639841,C
APAC_OFF-AR-10002260,40.2426,0.0008270971358328721,99.27855661353425,C
APAC_OFF-AR-10001117,40.2,0.0008262215875833434,99.27938283512184,C
US_FUR-FU-10002671,40.2,0.0008262215875833434,99.28020905670942,C
Africa_OFF-HOO-10002715,40.158,0.0008253583709993012,99.28103441508043,C
LATAM_OFF-EN-10000606,40.02,0.0008225220879374479,99.28185693716837,C
LATAM_OFF-BI-10003400,40.0,0.0008221110324212373,99.28267904820079,C
US_FUR-FU-10001057,39.98,0.0008216999769050267,99.2835007481777,C
EMEA_OFF-BIN-10004569,39.816,0.0008183293216720996,99.28431907749938,C
EMEA_TEC-SAN-10001738,39.81,0.0008182060050172363,99.2851372835044,C
EU_OFF-FA-10000227,39.78,0.0008175894217429205,99.28595487292614,C
US_OFF-EN-10001990,39.76,0.0008171783662267098,99.28677205129237,C
LATAM_OFF-SU-10004904,39.72,0.0008163562551942886,99.28758840754757,C
EU_OFF-FA-10001052,39.69,0.0008157396719199726,99.2884041472195,C
EU_OFF-ST-10001597,39.672,0.000815369721955383,99.28921951694144,C
LATAM_OFF-ST-10001372,39.672,0.000815369721955383,99.29003488666339,C
US_OFF-AR-10004587,39.66,0.0008151230886456565,99.29085000975203,C
US_OFF-BI-10004826,39.624,0.0008143831887164777,99.29166439294075,C
Africa_OFF-ENE-10003274,39.6,0.0008138899220970249,99.29247828286285,C
APAC_OFF-EN-10003853,39.6,0.0008138899220970249,99.29329217278494,C
EMEA_OFF-CAR-10000319,39.552,0.0008129033888581193,99.2941050761738,C
EU_OFF-EN-10000142,39.528,0.0008124101222386666,99.29491748629604,C
EU_OFF-PA-10002356,39.51,0.0008120401722740769,99.29572952646832,C
LATAM_OFF-SU-10003162,39.48,0.0008114235889997611,99.29654095005732,C
APAC_OFF-EN-10001621,39.48,0.0008114235889997611,99.29735237364632,C
EMEA_OFF-STI-10003148,39.45,0.0008108070057254453,99.29816318065204,C
Africa_OFF-STO-10002708,39.42,0.0008101904224511294,99.2989733710745,C
EU_OFF-PA-10004990,39.42,0.0008101904224511294,99.29978356149695,C
US_OFF-AR-10003045,39.396,0.0008096971558316766,99.30059325865278,C
Africa_OFF-CAR-10002031,39.39,0.0008095738391768134,99.30140283249196,C
Africa_OFF-FEL-10002399,39.36,0.0008089572559024973,99.30221178974786,C
Africa_OFF-CUI-10002314,39.36,0.0008089572559024973,99.30302074700376,C
LATAM_OFF-BI-10001199,39.336,0.0008084639892830447,99.30382921099304,C
APAC_OFF-EN-10004840,39.312,0.0008079707226635919,99.3046371817157,C
US_OFF-PA-10003256,39.236000000000004,0.0008064087117019916,99.3054435904274,C
Africa_TEC-APP-10004584,39.222,0.0008061209728406442,99.30624971140024,C
Africa_TEC-SAM-10004384,39.186,0.0008053810729114651,99.30705509247315,C
EU_OFF-LA-10000536,39.15,0.0008046411729822859,99.30785973364613,C
LATAM_FUR-FU-10002698,39.144,0.0008045178563274226,99.30866425150245,C
APAC_TEC-PH-10001084,39.132,0.0008042712230176963,99.30946852272547,C
EMEA_OFF-ROG-10002682,39.12,0.00080402458970797,99.31027254731518,C
EMEA_OFF-BIN-10004563,39.102000000000004,0.0008036546397433806,99.31107620195492,C
APAC_OFF-FA-10003266,39.096,0.0008035313230885172,99.311879733278,C
EMEA_OFF-BIN-10004512,39.072,0.0008030380564690646,99.31268277133448,C
EMEA_OFF-JIF-10000556,39.072,0.0008030380564690646,99.31348580939095,C
US_OFF-ST-10002957,39.072,0.0008030380564690646,99.31428884744743,C
EMEA_OFF-ADV-10000331,39.06,0.0008027914231593382,99.31509163887058,C
Africa_TEC-HP -10000081,39.042,0.0008024214731947486,99.31589406034378,C
US_OFF-BI-10003314,39.042,0.0008024214731947486,99.31669648181698,C
APAC_OFF-BI-10002792,39.0267,0.0008021070157248475,99.3174985888327,C
LATAM_FUR-FU-10003150,39.024,0.0008020515232301591,99.31830064035593,C
EU_OFF-SU-10002785,39.0,0.0008015582566107063,99.31910219861254,C
LATAM_OFF-LA-10001294,39.0,0.0008015582566107063,99.31990375686915,C
LATAM_TEC-PH-10001095,38.992,0.000801393834404222,99.32070515070356,C
EU_OFF-FA-10000154,38.961,0.0008007566983540956,99.32150590740191,C
US_OFF-AP-10001626,38.9,0.0007995029790296532,99.32230541038095,C
US_OFF-PA-10000788,38.88,0.0007990919235134427,99.32310450230446,C
US_OFF-PA-10003797,38.88,0.0007990919235134427,99.32390359422797,C
US_OFF-PA-10001934,38.88,0.0007990919235134427,99.32470268615148,C
US_OFF-PA-10000019,38.88,0.0007990919235134427,99.325501778075,C
US_OFF-PA-10004255,38.879999999999995,0.0007990919235134425,99.3263008699985,C
EU_OFF-LA-10001194,38.85,0.0007984753402391267,99.32709934533874,C
Africa_OFF-ENE-10000199,38.844,0.0007983520235842635,99.32789769736232,C
EMEA_OFF-ACC-10001281,38.76,0.0007966255904161788,99.32869432295273,C
EU_TEC-AC-10002530,38.718,0.0007957623738321367,99.32949008532655,C
US_OFF-AR-10004757,38.704,0.0007954746349707893,99.33028555996152,C
Africa_OFF-IBI-10001951,38.7,0.0007953924238675471,99.33108095238539,C
US_OFF-FA-10000624,38.664,0.0007946525239383678,99.33187560490933,C
Africa_OFF-SAN-10001128,38.658,0.0007945292072835047,99.33267013411661,C
LATAM_OFF-LA-10000970,38.64,0.0007941592573189152,99.33346429337394,C
US_OFF-BI-10004140,38.614000000000004,0.0007936248851478415,99.33425791825908,C
Canada_OFF-GLO-10002982,38.55,0.0007923095074959673,99.33505022776659,C
APAC_OFF-ST-10004897,38.5452,0.0007922108541720768,99.33584243862076,C
Africa_TEC-BEL-10003896,38.52,0.0007916929242216514,99.33663413154498,C
Africa_TEC-SAN-10002254,38.52,0.0007916929242216514,99.33742582446921,C
Africa_OFF-BIC-10004976,38.492999999999995,0.000791137999274767,99.33821696246848,C
Africa_FUR-HAR-10001144,38.466,0.0007905830743278828,99.33900754554281,C
Africa_OFF-ACC-10002849,38.454,0.0007903364410181564,99.33979788198383,C
APAC_OFF-AR-10000058,38.4345,0.0007899356618898509,99.34058781764571,C
LATAM_OFF-EN-10004470,38.4,0.0007892265911243877,99.34137704423684,C
Africa_OFF-GRE-10000328,38.364,0.0007884866911952085,99.34216553092803,C
EMEA_OFF-WIL-10002772,38.336999999999996,0.0007879317662483243,99.34295346269428,C
Africa_OFF-IBI-10002486,38.313,0.0007874384996288716,99.34374090119391,C
US_OFF-SU-10004290,38.304,0.0007872535246465767,99.34452815471856,C
US_OFF-AP-10004249,38.303999999999995,0.0007872535246465766,99.34531540824321,C
US_OFF-LA-10003223,38.298,0.0007871302079917136,99.3461025384512,C
LATAM_OFF-EN-10003111,38.28,0.0007867602580271239,99.34688929870923,C
Africa_OFF-BIN-10001274,38.208,0.0007852804581687657,99.3476745791674,C
EU_FUR-FU-10000718,38.16,0.0007842939249298603,99.34845887309233,C
Africa_OFF-CAM-10003488,38.16,0.0007842939249298603,99.34924316701725,C
LATAM_FUR-TA-10003371,38.144,0.0007839650805168918,99.35002713209776,C
EMEA_TEC-ENE-10004520,38.1,0.0007830607583812285,99.35081019285614,C
EMEA_OFF-SME-10004160,38.087999999999994,0.0007828141250715019,99.35159300698122,C
US_FUR-FU-10001756,38.08,0.0007826497028650179,99.35237565668409,C
Africa_OFF-CUI-10002413,38.04,0.0007818275918325966,99.35315748427593,C
LATAM_FUR-FU-10003237,38.04,0.0007818275918325966,99.35393931186776,C
APAC_OFF-LA-10001383,38.04,0.0007818275918325966,99.3547211394596,C
EMEA_OFF-HON-10004698,38.016000000000005,0.000781334325213144,99.35550247378481,C
LATAM_OFF-SU-10001506,38.016,0.0007813343252131438,99.35628380811002,C
Africa_OFF-STO-10001239,37.92,0.0007793612587353329,99.35706316936876,C
US_FUR-FU-10001037,37.92,0.0007793612587353329,99.3578425306275,C
US_OFF-AR-10001166,37.9,0.0007789502032191222,99.3586214808307,C
EU_OFF-LA-10002805,37.89,0.000778744675461017,99.35940022550616,C
APAC_FUR-FU-10000669,37.872,0.0007783747254964274,99.36017860023166,C
EMEA_FUR-DEF-10002774,37.872,0.0007783747254964274,99.36095697495716,C
Africa_OFF-SAN-10004339,37.86,0.000778128092186701,99.36173510304936,C
EU_OFF-AR-10000176,37.86,0.000778128092186701,99.36251323114155,C
APAC_OFF-LA-10001764,37.8504,0.00077793078553892,99.3632911619271,C
EU_FUR-FU-10001194,37.8,0.0007768949256380692,99.36406805685273,C
US_OFF-LA-10003766,37.8,0.0007768949256380692,99.36484495177837,C
Africa_TEC-SHA-10002696,37.755,0.0007759700507265953,99.36562092182909,C
US_OFF-ST-10001590,37.744,0.0007757439701926794,99.36639666579929,C
Africa_OFF-AVE-10004827,37.719,0.0007752301507974162,99.36717189595008,C
APAC_OFF-FA-10001126,37.716,0.0007751684924699846,99.36794706444255,C
Africa_OFF-STO-10000753,37.71,0.0007750451758151214,99.36872210961836,C
US_OFF-SU-10001664,37.708,0.0007750040702635003,99.36949711368862,C
APAC_OFF-AR-10004138,37.668,0.000774181959231079,99.37027129564785,C
LATAM_OFF-EN-10001538,37.62,0.0007731954259921736,99.37104449107385,C
LATAM_OFF-SU-10001500,37.62,0.0007731954259921736,99.37181768649984,C
EMEA_OFF-ENE-10003549,37.608,0.0007729487926824471,99.37259063529253,C
EMEA_OFF-STI-10001955,37.59,0.0007725788427178576,99.37336321413524,C
EMEA_OFF-KRA-10004876,37.536,0.000771468992824089,99.37413468312806,C
US_OFF-BI-10000301,37.526,0.0007712634650659839,99.37490594659313,C
APAC_OFF-PA-10003808,37.476,0.0007702358262754571,99.37567618241941,C
Africa_OFF-WIL-10000604,37.44,0.0007694959263462779,99.37644567834576,C
US_OFF-PA-10002947,37.408,0.000768838237520341,99.37721451658328,C
US_FUR-FU-10002685,37.4,0.0007686738153138567,99.3779831903986,C
EMEA_OFF-AME-10002652,37.38,0.0007682627597976463,99.37875145315839,C
US_OFF-BI-10001031,37.38,0.0007682627597976463,99.37951971591818,C
LATAM_OFF-EN-10004568,37.296,0.0007665363266295616,99.3802862522448,C
APAC_OFF-FA-10002635,37.26,0.0007657964267003825,99.3810520486715,C
US_OFF-EN-10003072,37.248000000000005,0.0007655497933906563,99.38181759846489,C
US_OFF-BI-10003655,37.239999999999995,0.0007653853711841718,99.38258298383607,C
LATAM_OFF-FA-10002358,37.2,0.0007645632601517507,99.38334754709622,C
APAC_OFF-PA-10002461,37.2,0.0007645632601517507,99.38411211035637,C
LATAM_OFF-LA-10002731,37.152,0.0007635767269128451,99.38487568708328,C
EMEA_OFF-ELI-10003004,37.008,0.0007606171271961287,99.38563630421048,C
APAC_OFF-BI-10003919,36.972,0.0007598772272669496,99.38639618143775,C
LATAM_OFF-LA-10003982,36.96,0.0007596305939572232,99.38715581203171,C
US_OFF-PA-10004248,36.96,0.0007596305939572232,99.38791544262567,C
US_FUR-FU-10001706,36.96,0.0007596305939572232,99.38867507321963,C
APAC_TEC-AC-10004696,36.936,0.0007591373273377704,99.38943421054697,C
LATAM_TEC-AC-10004801,36.936,0.0007591373273377704,99.3901933478743,C
EMEA_OFF-GLO-10004223,36.900000000000006,0.0007583974274085914,99.3909517453017,C
US_OFF-LA-10000443,36.9,0.0007583974274085913,99.39171014272911,C
US_OFF-BI-10000320,36.9,0.0007583974274085913,99.39246854015651,C
Africa_FUR-DAN-10001462,36.882,0.0007580274774440017,99.39322656763396,C
APAC_OFF-FA-10001563,36.7473,0.0007552590185423234,99.3939818266525,C
US_OFF-ST-10001627,36.744,0.0007551911943821485,99.3947370178469,C
US_TEC-PH-10001870,36.738,0.0007550678777272853,99.39549208572463,C
EU_OFF-LA-10001738,36.72,0.0007546979277626958,99.39624678365239,C
EMEA_OFF-JIF-10002184,36.72,0.0007546979277626958,99.39700148158015,C
EMEA_FUR-OFF-10001798,36.684,0.0007539580278335166,99.39775543960798,C
EU_OFF-FA-10003789,36.6,0.0007522315946654321,99.39850767120264,C
EU_OFF-SU-10003535,36.51,0.0007503818448424842,99.39925805304748,C
US_OFF-BI-10002949,36.48,0.0007497652615681683,99.40000781830905,C
LATAM_OFF-FA-10004516,36.403999999999996,0.000748203250606568,99.40075602155966,C
LATAM_OFF-BI-10003112,36.4,0.0007481210395033258,99.40150414259917,C
APAC_OFF-PA-10002585,36.36,0.0007472989284709046,99.40225144152764,C
EU_OFF-BI-10000042,36.3,0.0007460657619222727,99.40299750728956,C
APAC_OFF-LA-10000590,36.288,0.0007458191286125463,99.40374332641817,C
US_OFF-PA-10001937,36.288,0.0007458191286125463,99.40448914554678,C
EU_OFF-BI-10000844,36.24,0.000744832595373641,99.40523397814215,C
EMEA_OFF-SAN-10002020,36.24,0.000744832595373641,99.40597881073752,C
LATAM_OFF-ST-10003729,36.224,0.0007445037509606723,99.40672331448849,C
LATAM_OFF-LA-10000073,36.2,0.0007440104843412197,99.40746732497283,C
EU_OFF-LA-10004148,36.153,0.0007430445038781248,99.4082103694767,C
US_OFF-AR-10000246,36.14,0.0007427773177925878,99.4089531467945,C
US_OFF-AR-10004817,36.120000000000005,0.0007423662622763773,99.40969551305677,C
US_OFF-SU-10000432,36.088,0.0007417085734504403,99.41043722163023,C
EMEA_FUR-ADV-10002632,36.072,0.0007413797290374718,99.41117860135927,C
LATAM_OFF-AR-10004132,36.024,0.0007403931957985663,99.41191899455507,C
APAC_OFF-EN-10000383,36.0,0.0007398999291791136,99.41265889448424,C
Africa_OFF-JIF-10004450,35.97,0.0007392833459047975,99.41339817783015,C
US_OFF-PA-10004239,35.952,0.000738913395940208,99.41413709122608,C
EMEA_OFF-STA-10003027,35.928,0.0007384201293207552,99.4148755113554,C
Africa_OFF-WIL-10001069,35.910000000000004,0.0007380501793561658,99.41561356153476,C
EU_OFF-FA-10002308,35.91,0.0007380501793561656,99.4163516117141,C
APAC_FUR-CH-10000689,35.892,0.0007376802293915762,99.4170892919435,C
APAC_OFF-PA-10000527,35.892,0.0007376802293915762,99.41782697217289,C
LATAM_OFF-SU-10003019,35.88,0.0007374335960818499,99.41856440576898,C
APAC_OFF-PA-10000824,35.856,0.0007369403294623971,99.41930134609844,C
APAC_OFF-FA-10002177,35.802,0.0007358304795686284,99.420037176578,C
LATAM_OFF-EN-10000127,35.8,0.0007357893740170073,99.42077296595203,C
LATAM_OFF-LA-10003459,35.8,0.0007357893740170073,99.42150875532604,C
LATAM_OFF-PA-10001456,35.76,0.000734967262984586,99.42224372258903,C
LATAM_OFF-FA-10002427,35.76,0.000734967262984586,99.42297868985202,C
EU_OFF-PA-10002396,35.76,0.000734967262984586,99.423713657115,C
US_OFF-FA-10001561,35.752,0.0007348028407781019,99.42444845995578,C
APAC_OFF-PA-10001259,35.64,0.0007325009298873224,99.42518096088567,C
LATAM_OFF-PA-10002522,35.64,0.0007325009298873224,99.42591346181555,C
US_OFF-BI-10002393,35.587999999999994,0.0007314321855451747,99.4266448940011,C
APAC_OFF-LA-10000784,35.568,0.0007310211300289642,99.42737591513112,C
Canada_OFF-AVE-10000909,35.55,0.0007306511800643745,99.42810656631119,C
APAC_OFF-LA-10000114,35.532,0.000730281230099785,99.42883684754129,C
Africa_OFF-SME-10004926,35.52,0.0007300345967900587,99.42956688213808,C
LATAM_OFF-BI-10002296,35.52,0.0007300345967900587,99.43029691673486,C
EU_OFF-LA-10002651,35.445,0.0007284931386042689,99.43102540987347,C
APAC_OFF-LA-10000861,35.397,0.0007275066053653632,99.43175291647884,C
LATAM_OFF-BI-10004142,35.376000000000005,0.0007270749970733424,99.43247999147592,C
LATAM_OFF-AR-10000812,35.2,0.0007234577085306888,99.43320344918445,C
US_OFF-PA-10001745,35.2,0.0007234577085306888,99.43392690689298,C
EU_OFF-LA-10001915,35.19,0.0007232521807725834,99.43465015907375,C
Africa_OFF-AVE-10003504,35.19,0.0007232521807725834,99.43537341125453,C
Africa_OFF-WIL-10001979,35.145,0.0007223273058611096,99.4360957385604,C
US_OFF-BI-10003460,35.04,0.0007201692644010038,99.4368159078248,C
Africa_OFF-HON-10001102,35.04,0.0007201692644010038,99.43753607708919,C
EMEA_OFF-AVE-10004404,35.01,0.0007195526811266878,99.43825562977032,C
EMEA_OFF-AME-10000870,34.98,0.0007189360978523718,99.43897456586818,C
EMEA_OFF-FIS-10004787,34.92,0.0007177029313037401,99.43969226879948,C
LATAM_OFF-AR-10004454,34.92,0.0007177029313037401,99.44040997173077,C
Africa_OFF-ACC-10000233,34.845,0.0007161614731179503,99.4411261332039,C
US_OFF-BI-10002954,34.732,0.0007138390094513602,99.44183997221334,C
US_OFF-AR-10001860,34.7,0.0007131813206254234,99.44255315353396,C
EMEA_OFF-STA-10002654,34.692,0.0007130168984189391,99.44326617043238,C
LATAM_OFF-EN-10001109,34.68,0.0007127702651092126,99.44397894069749,C
US_OFF-LA-10000452,34.65,0.0007121536818348967,99.44469109437932,C
APAC_OFF-PA-10004187,34.6302,0.0007117467368738483,99.44540284111619,C
EMEA_OFF-AME-10001489,34.566,0.0007104272486668122,99.44611326836485,C
EU_OFF-LA-10001633,34.56,0.000710303932011949,99.44682357229686,C
US_OFF-BI-10004099,34.56,0.000710303932011949,99.44753387622887,C
US_OFF-BI-10001153,34.54,0.0007098928764957383,99.44824376910537,C
EU_OFF-SU-10001886,34.5,0.0007090707654633171,99.44895283987084,C
EU_OFF-FA-10003818,34.44,0.0007078375989146852,99.44966067746975,C
Africa_OFF-EAT-10004696,34.437,0.0007077759405872536,99.45036845341033,C
LATAM_OFF-AP-10000615,34.428,0.0007075909656049589,99.45107604437594,C
US_OFF-PA-10000477,34.38,0.0007066044323660534,99.4517826488083,C
EMEA_OFF-ACC-10001285,34.32,0.0007053712658174215,99.45248802007413,C
LATAM_OFF-ST-10001869,34.3,0.0007049602103012108,99.45319298028443,C
EMEA_OFF-ELI-10004597,34.29,0.0007047546825431056,99.45389773496697,C
US_OFF-PA-10000350,34.24,0.0007037270437525792,99.45460146201073,C
Canada_OFF-CAR-10003373,34.2,0.0007029049327201578,99.45530436694345,C
EMEA_OFF-BOS-10000350,34.128,0.0007014251328617996,99.45600579207631,C
APAC_OFF-LA-10001312,34.128,0.0007014251328617996,99.45670721720917,C
EU_OFF-LA-10003278,34.11,0.0007010551828972101,99.45740827239207,C
EMEA_TEC-OKI-10000592,34.104,0.0007009318662423469,99.45810920425832,C
APAC_OFF-EN-10004305,34.092,0.0007006852329326204,99.45880988949125,C
US_OFF-SU-10002503,34.08,0.0007004385996228941,99.45951032809087,C
EU_OFF-BI-10000171,34.05,0.0006998220163485782,99.46021015010722,C
US_OFF-EN-10004030,34.028,0.0006993698552807465,99.4609095199625,C
APAC_OFF-ST-10004331,34.02,0.0006992054330742623,99.46160872539558,C
APAC_OFF-AR-10000706,34.02,0.0006992054330742623,99.46230793082866,C
EU_OFF-LA-10000700,34.019999999999996,0.0006992054330742622,99.46300713626174,C
APAC_OFF-EN-10002581,34.0101,0.0006990019605937381,99.46370613822234,C
APAC_OFF-PA-10003835,33.96,0.0006979722665256304,99.46440411048886,C
EMEA_OFF-SAN-10001542,33.96,0.0006979722665256304,99.46510208275538,C
APAC_OFF-BI-10003917,33.957,0.0006979106081981989,99.46579999336358,C
Africa_OFF-SAN-10001681,33.93,0.0006973556832513144,99.46649734904683,C
APAC_OFF-EN-10003838,33.9,0.0006967390999769985,99.46719408814681,C
LATAM_OFF-FA-10003659,33.704,0.0006927107559181344,99.46788679890273,C
US_OFF-PA-10001293,33.696,0.0006925463337116502,99.46857934523644,C
EU_OFF-FA-10000411,33.66,0.0006918064337824711,99.46927115167021,C
Africa_TEC-SAN-10004885,33.615,0.0006908815588709973,99.46996203322908,C
Africa_OFF-ACC-10004910,33.6,0.0006905732672338393,99.47065260649632,C
APAC_OFF-PA-10000655,33.6,0.0006905732672338393,99.47134317976355,C
LATAM_FUR-FU-10002007,33.6,0.0006905732672338393,99.47203375303079,C
EU_OFF-LA-10004594,33.57,0.0006899566839595234,99.47272370971474,C
EMEA_OFF-STO-10003802,33.552,0.0006895867339949338,99.47341329644874,C
APAC_OFF-AR-10001479,33.516,0.0006888468340657546,99.4741021432828,C
US_OFF-PA-10001667,33.488,0.0006882713563430598,99.47479041463914,C
APAC_OFF-BI-10002628,33.444,0.0006873670342073965,99.47547778167335,C
APAC_OFF-LA-10003627,33.4434,0.00068735470254191,99.47616513637588,C
LATAM_OFF-EN-10003071,33.44,0.0006872848231041543,99.47685242119898,C
LATAM_OFF-FA-10001435,33.42,0.0006868737675879438,99.47753929496658,C
US_OFF-LA-10001175,33.408,0.0006866271342782173,99.47822592210085,C
APAC_OFF-LA-10004623,33.39,0.0006862571843136278,99.47891217928516,C
LATAM_OFF-PA-10004190,33.336,0.0006851473344198591,99.47959732661958,C
EU_OFF-BI-10002083,33.3,0.0006844074344906799,99.48028173405407,C
EMEA_OFF-ACC-10000798,33.3,0.0006844074344906799,99.48096614148857,C
EMEA_OFF-ACC-10003422,33.3,0.0006844074344906799,99.48165054892306,C
Africa_OFF-ELD-10003181,33.294000000000004,0.0006842841178358169,99.4823348330409,C
EU_OFF-FA-10000834,33.24,0.0006831742679420483,99.48301800730884,C
APAC_OFF-AR-10002392,33.18,0.0006819411013934163,99.48369994841023,C
EMEA_OFF-ADV-10003050,33.18,0.0006819411013934163,99.48438188951162,C
Africa_OFF-BIN-10004569,33.18,0.0006819411013934163,99.48506383061302,C
APAC_OFF-LA-10001830,33.166799999999995,0.0006816698047527171,99.48574550041776,C
APAC_OFF-PA-10001370,33.1515,0.0006813553472828161,99.48642685576505,C
EMEA_OFF-SME-10000018,33.120000000000005,0.0006807079348447845,99.4871075636999,C
US_OFF-PA-10000007,33.120000000000005,0.0006807079348447845,99.48778827163474,C
APAC_OFF-SU-10003780,33.12,0.0006807079348447844,99.48846897956959,C
LATAM_OFF-BI-10000765,33.096,0.0006802146682253317,99.48914919423781,C
Africa_OFF-TEN-10003948,33.0,0.0006782416017475207,99.48982743583956,C
APAC_OFF-SU-10002414,33.0,0.0006782416017475207,99.4905056774413,C
LATAM_OFF-AR-10003369,32.98,0.00067783054623131,99.49118350798754,C
US_OFF-FA-10004395,32.97,0.0006776250184732048,99.49186113300601,C
US_OFF-BI-10004506,32.92,0.0006765973796826782,99.49253773038569,C
LATAM_OFF-EN-10003689,32.88,0.0006757752686502571,99.49321350565434,C
EMEA_OFF-KRA-10002170,32.88,0.0006757752686502571,99.49388928092299,C
LATAM_OFF-EN-10003628,32.868,0.0006755286353405306,99.49456480955833,C
EU_OFF-LA-10002353,32.85,0.0006751586853759411,99.49523996824371,C
APAC_OFF-LA-10002992,32.7684,0.0006734815788698018,99.49591344982258,C
APAC_OFF-PA-10001302,32.76,0.0006733089355529932,99.49658675875813,C
US_OFF-PA-10003883,32.75,0.000673103407794888,99.49725986216592,C
APAC_OFF-ST-10001229,32.7186,0.0006724580506344373,99.49793232021655,C
EMEA_TEC-SAN-10004181,32.676,0.0006715825023849087,99.49860390271894,C
US_OFF-BI-10004716,32.647999999999996,0.0006710070246622137,99.4992749097436,C
Africa_OFF-SME-10001718,32.625,0.0006705343108185716,99.49994544405442,C
EMEA_OFF-NOV-10004048,32.58,0.0006696094359070977,99.50061505349032,C
EU_OFF-LA-10000767,32.58,0.0006696094359070977,99.50128466292622,C
EMEA_TEC-ENE-10004728,32.508,0.0006681296360487396,99.50195279256228,C
US_OFF-AR-10002335,32.507999999999996,0.0006681296360487394,99.50262092219833,C
US_OFF-PA-10000223,32.400000000000006,0.0006659099362612023,99.50328683213459,C
APAC_OFF-LA-10000984,32.400000000000006,0.0006659099362612023,99.50395274207085,C
US_OFF-PA-10002365,32.4,0.0006659099362612021,99.50461865200711,C
APAC_OFF-LA-10000471,32.4,0.0006659099362612021,99.50528456194337,C
EU_OFF-LA-10001607,32.4,0.0006659099362612021,99.50595047187963,C
EU_OFF-FA-10001577,32.4,0.0006659099362612021,99.50661638181589,C
APAC_OFF-AR-10000205,32.382,0.0006655399862966126,99.50728192180219,C
US_OFF-PA-10000682,32.368,0.0006652522474352653,99.50794717404962,C
LATAM_OFF-ST-10002362,32.3,0.000663854658680149,99.5086110287083,C
EMEA_OFF-STO-10001310,32.28,0.0006634436031639385,99.50927447231146,C
Africa_OFF-GLO-10004430,32.28,0.0006634436031639385,99.50993791591462,C
EU_OFF-SU-10003211,32.22,0.0006622104366153065,99.51060012635124,C
EU_OFF-EN-10001711,32.22,0.0006622104366153065,99.51126233678785,C
Africa_FUR-ADV-10004718,32.208,0.0006619638033055802,99.51192430059116,C
US_OFF-AP-10001242,32.192,0.0006616349588926117,99.51258593555005,C
APAC_OFF-BI-10003768,32.16,0.0006609772700666746,99.51324691282012,C
LATAM_OFF-FA-10000401,32.112,0.0006599907368277693,99.51390690355694,C
EMEA_OFF-ADV-10004598,32.112,0.0006599907368277693,99.51456689429376,C
US_FUR-FU-10003691,32.11,0.0006599496312761482,99.51522684392503,C
EU_OFF-SU-10004902,32.1,0.0006597441035180429,99.51588658802855,C
LATAM_OFF-SU-10004192,32.099999999999994,0.0006597441035180427,99.51654633213207,C
LATAM_FUR-FU-10000342,32.04,0.000658510936969411,99.51720484306904,C
US_OFF-ST-10003221,32.04,0.000658510936969411,99.51786335400601,C
US_OFF-PA-10001260,32.04,0.000658510936969411,99.51852186494298,C
Africa_TEC-LOG-10000368,32.01,0.000657894353695095,99.51917975929668,C
US_TEC-PH-10002583,31.984,0.0006573599815240213,99.5198371192782,C
US_TEC-PH-10000011,31.984,0.0006573599815240213,99.52049447925971,C
US_OFF-PA-10004965,31.968,0.0006570311371110527,99.52115151039682,C
APAC_OFF-LA-10002974,31.968,0.0006570311371110527,99.52180854153393,C
EU_OFF-EN-10003817,31.92,0.0006560446038721473,99.5224645861378,C
Canada_OFF-STA-10003803,31.92,0.0006560446038721473,99.52312063074167,C
US_OFF-AR-10001868,31.92,0.0006560446038721473,99.52377667534554,C
APAC_OFF-PA-10000476,31.86,0.0006548114373235154,99.52443148678287,C
LATAM_OFF-LA-10000116,31.823999999999998,0.0006540715373943363,99.52508555832027,C
EU_OFF-BI-10001843,31.8,0.0006535782707748836,99.52573913659104,C
LATAM_OFF-SU-10000320,31.76,0.0006527561597424624,99.52639189275078,C
LATAM_OFF-BI-10002075,31.757999999999996,0.0006527150541908413,99.52704460780497,C
EMEA_TEC-EPS-10001651,31.752,0.0006525917375359781,99.5276971995425,C
EMEA_FUR-RUB-10002021,31.74,0.0006523451042262517,99.52834954464673,C
US_OFF-AR-10003251,31.692,0.0006513585709873463,99.52900090321772,C
EMEA_OFF-AVE-10000065,31.68,0.0006511119376776199,99.52965201515539,C
APAC_OFF-FA-10002597,31.68,0.0006511119376776199,99.53030312709306,C
LATAM_OFF-EN-10004870,31.656,0.0006506186710581671,99.53095374576412,C
Africa_FUR-ELD-10000605,31.56,0.0006486456045803562,99.53160239136871,C
US_OFF-AR-10001683,31.52,0.0006478234935479349,99.53225021486226,C
EU_OFF-AP-10003334,31.488,0.000647165804721998,99.53289738066698,C
Africa_OFF-SME-10001853,31.482,0.0006470424880671348,99.53354442315505,C
APAC_OFF-BI-10000583,31.481099999999998,0.0006470239905689053,99.53419144714562,C
Africa_OFF-JIF-10002275,31.356,0.0006444528383150079,99.53483589998393,C
EMEA_OFF-CAR-10003259,31.218,0.0006416165552531547,99.53547751653919,C
Africa_OFF-SAN-10003660,31.2,0.000641246605288565,99.53611876314447,C
APAC_OFF-EN-10003920,31.2,0.000641246605288565,99.53676000974976,C
LATAM_OFF-SU-10002230,31.2,0.000641246605288565,99.53740125635504,C
EU_FUR-FU-10000142,31.164,0.0006405067053593859,99.5380417630604,C
Canada_OFF-TEN-10003211,31.14,0.0006400134387399332,99.53868177649915,C
APAC_OFF-FA-10002636,31.14,0.0006400134387399332,99.53932178993789,C
Africa_OFF-TEN-10003211,31.14,0.0006400134387399332,99.53996180337663,C
APAC_OFF-LA-10002486,31.104,0.000639273538810754,99.54060107691544,C
LATAM_OFF-AR-10004218,31.08,0.0006387802721913012,99.54123985718763,C
LATAM_TEC-AC-10003690,31.02,0.0006375471056426694,99.54187740429327,C
US_OFF-LA-10003720,30.996,0.0006370538390232166,99.5425144581323,C
US_OFF-BI-10003166,30.996,0.0006370538390232166,99.54315151197133,C
US_OFF-AR-10003631,30.976,0.0006366427835070061,99.54378815475484,C
Africa_FUR-ADV-10002601,30.96,0.0006363139390940376,99.54442446869393,C
Africa_OFF-GLO-10000014,30.93,0.0006356973558197216,99.54506016604975,C
APAC_OFF-LA-10004614,30.9096,0.0006352780791931869,99.54569544412894,C
APAC_OFF-BI-10002386,30.888,0.0006348341392356794,99.54633027826817,C
EMEA_OFF-ACC-10004281,30.887999999999998,0.0006348341392356793,99.5469651124074,C
US_FUR-FU-10003194,30.88,0.0006346697170291952,99.54759978212444,C
US_OFF-PA-10000213,30.875999999999998,0.000634587505925953,99.54823436963036,C
Africa_OFF-ELI-10003004,30.84,0.0006338476059967739,99.54886821723636,C
US_TEC-AC-10001635,30.84,0.0006338476059967739,99.54950206484236,C
LATAM_TEC-AC-10001407,30.816,0.0006333543393773211,99.55013541918173,C
Africa_OFF-NOV-10004680,30.744,0.000631874539518963,99.55076729372125,C
LATAM_OFF-LA-10000989,30.72,0.0006313812728995102,99.55139867499415,C
APAC_OFF-PA-10003805,30.72,0.0006313812728995102,99.55203005626704,C
EMEA_OFF-ROG-10002866,30.69,0.0006307646896251942,99.55266082095667,C
EU_OFF-FA-10000067,30.69,0.0006307646896251942,99.5532915856463,C
EMEA_OFF-EAT-10000652,30.69,0.0006307646896251942,99.55392235033594,C
APAC_OFF-EN-10000232,30.6711,0.0006303762421623752,99.5545527265781,C
Africa_OFF-CAR-10003703,30.66,0.0006301481063508783,99.55518287468445,C
EMEA_OFF-CAR-10003703,30.659999999999997,0.0006301481063508783,99.5558130227908,C
Africa_OFF-ACC-10003788,30.6,0.0006289149398022465,99.5564419377306,C
APAC_OFF-ST-10000123,30.564,0.0006281750398730674,99.55707011277048,C
EMEA_OFF-TEN-10003127,30.564,0.0006281750398730674,99.55769828781035,C
APAC_OFF-EN-10002166,30.54,0.0006276817732536146,99.5583259695836,C
US_OFF-FA-10000992,30.53,0.0006274762454955093,99.5589534458291,C
Africa_OFF-HAR-10003514,30.509999999999998,0.0006270651899792987,99.55958051101908,C
US_OFF-PA-10004675,30.48,0.0006264486067049827,99.56020695962579,C
EU_OFF-PA-10001371,30.48,0.0006264486067049827,99.5608334082325,C
Canada_OFF-ACC-10004692,30.48,0.0006264486067049827,99.5614598568392,C
APAC_OFF-LA-10000658,30.4776,0.0006263992800430375,99.56208625611924,C
EMEA_OFF-BIC-10003473,30.459000000000003,0.0006260169984129616,99.56271227311765,C
APAC_OFF-BI-10001662,30.456,0.00062595534008553,99.56333822845774,C
US_OFF-BI-10000343,30.442,0.0006256676012241825,99.56396389605897,C
EMEA_TEC-SAM-10001985,30.42,0.000625215440156351,99.56458911149912,C
LATAM_OFF-LA-10001026,30.4,0.0006248043846401402,99.56521391588376,C
Africa_OFF-SAN-10002484,30.312,0.0006229957403688136,99.56583691162413,C
EMEA_OFF-SAN-10004339,30.288,0.0006225024737493609,99.56645941409788,C
US_OFF-PA-10001609,30.268,0.0006220914182331502,99.56708150551611,C
Africa_OFF-ACM-10000570,30.21,0.0006208993572361394,99.56770240487334,C
LATAM_OFF-AR-10002380,30.192,0.0006205294072715498,99.56832293428062,C
US_OFF-BI-10001553,30.162000000000003,0.000619912823997234,99.56894284710461,C
APAC_OFF-AR-10002144,30.15,0.0006196661906875076,99.5695625132953,C
EMEA_OFF-ACC-10000808,30.12,0.0006190496074131917,99.5701815629027,C
EMEA_OFF-KRA-10002085,30.096,0.0006185563407937389,99.5708001192435,C
US_FUR-FU-10000320,30.06,0.0006178164408645598,99.57141793568437,C
APAC_OFF-FA-10004739,30.024,0.0006170765409353807,99.5720350122253,C
Africa_OFF-STI-10001136,30.0,0.0006165832743159279,99.57265159549962,C
US_OFF-PA-10001763,29.97,0.000615966691041612,99.57326756219067,C
Africa_OFF-ENE-10002104,29.91,0.0006147335244929802,99.57388229571515,C
US_OFF-AR-10001427,29.900000000000002,0.0006145279967348749,99.57449682371188,C
Africa_OFF-WIL-10001889,29.898000000000003,0.0006144868911832538,99.57511131060306,C
APAC_OFF-AR-10002800,29.85,0.0006135003579443483,99.575724810961,C
Africa_OFF-BIN-10000772,29.85,0.0006135003579443483,99.57633831131895,C
APAC_OFF-LA-10000216,29.841,0.0006133153829620536,99.57695162670191,C
APAC_FUR-FU-10004579,29.8059,0.0006125939805311038,99.57756422068245,C
Africa_OFF-GLO-10001348,29.79,0.0006122671913957164,99.57817648787385,C
US_OFF-AR-10001915,29.79,0.0006122671913957164,99.57878875506525,C
EU_OFF-PA-10002941,29.76,0.0006116506081214006,99.57940040567337,C
EMEA_OFF-EAT-10003405,29.76,0.0006116506081214006,99.58001205628149,C
US_OFF-AR-10003338,29.76,0.0006116506081214006,99.58062370688961,C
EU_OFF-EN-10003533,29.7,0.0006104174415727686,99.58123412433119,C
EMEA_OFF-TEN-10003948,29.7,0.0006104174415727686,99.58184454177277,C
APAC_OFF-EN-10003601,29.7,0.0006104174415727686,99.58245495921435,C
Canada_OFF-GRE-10002510,29.67,0.0006098008582984528,99.58306476007265,C
EMEA_OFF-GRE-10002510,29.67,0.0006098008582984528,99.58367456093094,C
EMEA_TEC-MEM-10000312,29.67,0.0006098008582984528,99.58428436178924,C
Africa_OFF-GRE-10002510,29.67,0.0006098008582984528,99.58489416264754,C
EMEA_TEC-MEM-10002919,29.61,0.0006085676917498209,99.5855027303393,C
EU_OFF-LA-10000880,29.61,0.0006085676917498209,99.58611129803106,C
APAC_OFF-FA-10002890,29.565,0.000607642816838347,99.58671894084789,C
Africa_OFF-FIS-10003463,29.55,0.000607334525201189,99.58732627537309,C
Africa_TEC-LOG-10001750,29.49,0.0006061013586525571,99.58793237673174,C
LATAM_OFF-AR-10003281,29.4,0.0006042516088296093,99.58853662834058,C
US_OFF-EN-10002621,29.34,0.0006030184422809776,99.58913964678285,C
EMEA_OFF-XER-10001454,29.34,0.0006030184422809776,99.58974266522513,C
LATAM_OFF-PA-10000947,29.312,0.0006024429645582827,99.5903451081897,C
APAC_OFF-EN-10000094,29.304,0.0006022785423517984,99.59094738673204,C
APAC_OFF-AR-10000513,29.28,0.0006017852757323457,99.59154917200777,C
Canada_OFF-ACC-10004322,29.22,0.0006005521091837138,99.59214972411696,C
US_OFF-SU-10001574,29.2,0.0006001410536675032,99.59274986517063,C
LATAM_OFF-FA-10000470,29.2,0.0006001410536675032,99.5933500062243,C
LATAM_OFF-FA-10001684,29.2,0.0006001410536675032,99.59395014727797,C
Africa_OFF-AME-10000440,29.196,0.0006000588425642611,99.59455020612053,C
US_TEC-PH-10003875,29.16,0.0005993189426350819,99.59514952506316,C
US_OFF-BI-10003963,29.12,0.0005984968316026607,99.59574802189476,C
Africa_OFF-BIC-10001632,29.1,0.0005980857760864501,99.59634610767085,C
Africa_OFF-OIC-10004810,29.1,0.0005980857760864501,99.59694419344694,C
Africa_OFF-SAN-10001237,29.052,0.0005970992428475446,99.5975412926898,C
EMEA_OFF-OIC-10003518,29.04,0.0005968526095378183,99.59813814529933,C
EMEA_OFF-ACC-10004364,29.04,0.0005968526095378183,99.59873499790886,C
APAC_OFF-FA-10000089,29.04,0.0005968526095378183,99.5993318505184,C
APAC_OFF-AR-10001612,28.98,0.0005956194429891864,99.59992746996139,C
Africa_OFF-HOO-10003246,28.98,0.0005956194429891864,99.60052308940438,C
EU_OFF-AR-10000452,28.95,0.0005950028597148704,99.60111809226409,C
APAC_OFF-AR-10001226,28.95,0.0005950028597148704,99.6017130951238,C
US_OFF-LA-10004178,28.91,0.0005941807486824493,99.60230727587248,C
US_OFF-AR-10001419,28.91,0.0005941807486824493,99.60290145662115,C
Africa_OFF-KRA-10001807,28.89,0.0005937696931662386,99.60349522631432,C
LATAM_FUR-FU-10000790,28.888,0.0005937285876146176,99.60408895490194,C
Canada_OFF-CAR-10004408,28.8,0.0005919199433432908,99.60468087484529,C
Africa_OFF-CAR-10001358,28.8,0.0005919199433432908,99.60527279478863,C
US_OFF-BI-10001900,28.752,0.0005909334101043853,99.60586372819874,C
APAC_OFF-FA-10001526,28.728,0.0005904401434849326,99.60645416834222,C
LATAM_OFF-LA-10003717,28.728,0.0005904401434849326,99.60704460848571,C
EMEA_OFF-ELD-10001882,28.728,0.0005904401434849326,99.60763504862919,C
LATAM_FUR-FU-10002637,28.692,0.0005897002435557535,99.60822474887274,C
EMEA_OFF-BIN-10001274,28.656,0.0005889603436265744,99.60881370921636,C
LATAM_OFF-LA-10003337,28.64,0.0005886314992136059,99.60940234071558,C
EMEA_OFF-HAR-10002083,28.56,0.0005869872771487633,99.60998932799272,C
LATAM_OFF-LA-10000897,28.56,0.0005869872771487633,99.61057631526987,C
EMEA_OFF-STI-10000286,28.56,0.0005869872771487633,99.61116330254701,C
APAC_OFF-FA-10003587,28.512,0.0005860007439098579,99.61174930329092,C
Africa_OFF-KLE-10000296,28.512,0.0005860007439098579,99.61233530403483,C
Africa_OFF-ENE-10002922,28.5,0.0005857541106001316,99.61292105814543,C
LATAM_OFF-LA-10002598,28.476,0.0005852608439806787,99.61350631898941,C
LATAM_TEC-MA-10003422,28.458,0.0005848908940160893,99.61409120988343,C
APAC_OFF-PA-10000206,28.44,0.0005845209440514997,99.61467573082747,C
EMEA_OFF-FIS-10002784,28.416,0.000584027677432047,99.6152597585049,C
EMEA_TEC-MEM-10002524,28.38,0.0005832877775028678,99.61584304628241,C
EMEA_OFF-OIC-10000855,28.38,0.0005832877775028678,99.61642633405991,C
Canada_TEC-MEM-10002524,28.38,0.0005832877775028678,99.61700962183741,C
US_OFF-AR-10002804,28.362,0.0005829178275382782,99.61759253966495,C
APAC_OFF-BI-10004868,28.341,0.0005824862192462571,99.6181750258842,C
LATAM_OFF-FA-10004374,28.32,0.0005820546109542359,99.61875708049516,C
US_OFF-EN-10002600,28.32,0.0005820546109542359,99.61933913510612,C
LATAM_OFF-EN-10002046,28.256,0.0005807392333023621,99.61991987433942,C
US_OFF-LA-10001613,28.224,0.000580081544476425,99.62049995588389,C
APAC_OFF-PA-10000721,28.206,0.0005797115945118354,99.6210796674784,C
EMEA_OFF-KIT-10001609,28.188,0.0005793416445472459,99.62165900912295,C
EMEA_OFF-ADV-10001437,28.14,0.0005783551113083404,99.62223736423427,C
EU_OFF-FA-10001613,28.14,0.0005783551113083404,99.62281571934558,C
EMEA_OFF-SME-10003134,28.080000000000002,0.0005771219447597086,99.62339284129034,C
APAC_OFF-LA-10004745,28.08,0.0005771219447597085,99.6239699632351,C
Africa_OFF-KLE-10000228,28.062,0.000576751994795119,99.6245467152299,C
Africa_OFF-IBI-10004916,28.02,0.0005758887782110766,99.62512260400811,C
Africa_OFF-ELD-10001293,27.990000000000002,0.0005752721949367608,99.62569787620305,C
APAC_OFF-BI-10000373,27.96,0.0005746556116624448,99.6262725318147,C
US_TEC-AC-10004633,27.96,0.0005746556116624448,99.62684718742636,C
EMEA_OFF-STA-10000155,27.96,0.0005746556116624448,99.62742184303802,C
Africa_OFF-BIN-10004563,27.93,0.0005740390283881289,99.62799588206641,C
EU_OFF-SU-10001074,27.93,0.0005740390283881289,99.62856992109481,C
US_FUR-FU-10002191,27.92,0.0005738335006300236,99.62914375459543,C
US_OFF-FA-10000585,27.919999999999998,0.0005738335006300236,99.62971758809606,C
EMEA_OFF-ACC-10004748,27.9,0.0005734224451138129,99.63029101054117,C
LATAM_OFF-BI-10000930,27.864,0.0005726825451846338,99.63086369308635,C
LATAM_OFF-ST-10002522,27.864,0.0005726825451846338,99.63143637563154,C
APAC_OFF-BI-10000206,27.8631,0.0005726640476864044,99.63200903967922,C
APAC_OFF-FA-10002569,27.846,0.0005723125952200443,99.63258135227444,C
LATAM_OFF-LA-10001065,27.839999999999996,0.000572189278565181,99.63315354155301,C
EU_OFF-LA-10001154,27.81,0.0005715726952908651,99.6337251142483,C
US_OFF-BI-10002072,27.808,0.0005715315897392441,99.63429664583805,C
EMEA_OFF-XER-10000482,27.78,0.0005709561120165492,99.63486760195006,C
LATAM_OFF-FA-10004924,27.78,0.0005709561120165492,99.63543855806208,C
Africa_OFF-CAM-10002611,27.738,0.000570092895432507,99.6360086509575,C
Africa_OFF-ACM-10003278,27.72,0.0005697229454679173,99.63657837390298,C
Africa_OFF-OIC-10000121,27.72,0.0005697229454679173,99.63714809684845,C
APAC_OFF-FA-10000459,27.72,0.0005697229454679173,99.63771781979392,C
US_OFF-BI-10004002,27.68,0.0005689008344354962,99.63828672062836,C
US_OFF-AR-10001246,27.636000000000003,0.0005679965122998328,99.63885471714066,C
Canada_OFF-BOS-10003478,27.63,0.0005678731956449695,99.63942259033631,C
APAC_OFF-FA-10000746,27.6024,0.0005673059390325989,99.63998989627534,C
LATAM_OFF-SU-10000066,27.6,0.0005672566123706537,99.64055715288771,C
EU_OFF-PA-10002534,27.54,0.0005660234458220218,99.64112317633354,C
APAC_OFF-EN-10001154,27.54,0.0005660234458220218,99.64168919977936,C
US_FUR-FU-10001852,27.492,0.0005650369125831164,99.64225423669194,C
APAC_OFF-AR-10003684,27.456,0.0005642970126539372,99.6428185337046,C
Africa_OFF-WIL-10002153,27.45,0.000564173695999074,99.6433827074006,C
APAC_OFF-BI-10000348,27.432,0.0005638037460344845,99.64394651114664,C
US_FUR-TA-10003837,27.414,0.0005634337960698949,99.64450994494271,C
US_OFF-PA-10003657,27.392,0.0005629816350020632,99.64507292657771,C
EMEA_OFF-GLO-10003496,27.39,0.0005629405294504422,99.64563586710716,C
US_OFF-AR-10003217,27.384,0.0005628172127955791,99.64619868431996,C
APAC_OFF-FA-10000122,27.36,0.0005623239461761262,99.64676100826613,C
EMEA_OFF-ADV-10003125,27.36,0.0005623239461761262,99.6473233322123,C
APAC_OFF-BI-10001867,27.36,0.0005623239461761262,99.64788565615846,C
APAC_OFF-LA-10001719,27.36,0.0005623239461761262,99.64844798010463,C
LATAM_OFF-PA-10002363,27.32,0.000561501835143705,99.64900948193979,C
EMEA_OFF-ACC-10003806,27.3,0.0005610907796274944,99.64957057271941,C
APAC_OFF-SU-10004514,27.3,0.0005610907796274944,99.65013166349904,C
APAC_OFF-FA-10001925,27.2685,0.0005604433671894626,99.65069210686623,C
LATAM_OFF-LA-10000845,27.244,0.0005599398241821047,99.65125204669042,C
Africa_OFF-STO-10004363,27.24,0.0005598576130788625,99.6518119043035,C
EMEA_OFF-WIL-10001495,27.24,0.0005598576130788625,99.65237176191658,C
APAC_OFF-FA-10001702,27.165599999999998,0.000558328486558559,99.65293009040315,C
US_TEC-AC-10000290,27.16,0.0005582133910140201,99.65348830379416,C
US_OFF-LA-10000262,27.144,0.0005578845466010516,99.65404618834076,C
EMEA_OFF-GRE-10001814,27.12,0.0005573912799815988,99.65460357962074,C
Canada_OFF-AME-10000244,27.09,0.0005567746967072829,99.65516035431745,C
Africa_TEC-LOG-10003539,27.09,0.0005567746967072829,99.65571712901415,C
EMEA_OFF-ACM-10004895,27.06,0.000556158113432967,99.65627328712758,C
EMEA_OFF-KLE-10000466,27.06,0.000556158113432967,99.656829445241,C
EMEA_OFF-XER-10002906,27.06,0.000556158113432967,99.65738560335443,C
EU_OFF-PA-10004429,27.06,0.000556158113432967,99.65794176146785,C
LATAM_OFF-LA-10002673,27.0,0.0005549249468843351,99.65849668641474,C
EMEA_OFF-OIC-10002625,27.0,0.0005549249468843351,99.65905161136162,C
EMEA_OFF-CAR-10002375,27.0,0.0005549249468843351,99.6596065363085,C
EMEA_OFF-BIN-10002236,26.94,0.0005536917803357032,99.66016022808884,C
Africa_OFF-ACC-10002167,26.94,0.0005536917803357032,99.66071391986918,C
Africa_OFF-ENE-10002784,26.880000000000003,0.0005524586137870714,99.66126637848296,C
LATAM_OFF-ST-10003231,26.88,0.0005524586137870714,99.66181883709675,C
LATAM_OFF-LA-10001778,26.88,0.0005524586137870714,99.66237129571053,C
Africa_OFF-SME-10002467,26.88,0.0005524586137870714,99.66292375432431,C
EU_OFF-SU-10003173,26.82,0.0005512254472384396,99.66347497977155,C
APAC_OFF-LA-10004114,26.82,0.0005512254472384396,99.66402620521879,C
EU_OFF-PA-10001662,26.811,0.0005510404722561448,99.66457724569105,C
US_OFF-BI-10002764,26.809,0.0005509993667045238,99.66512824505776,C
EMEA_OFF-BOS-10004262,26.796,0.0005507321806189867,99.66567897723837,C
EU_OFF-PA-10002842,26.76,0.0005499922806898077,99.66622896951907,C
EMEA_OFF-IBI-10002486,26.73,0.0005493756974154918,99.66677834521649,C
US_OFF-PA-10001804,26.72,0.0005491701696573864,99.66732751538615,C
LATAM_OFF-BI-10001598,26.711999999999996,0.0005490057474509021,99.66787652113359,C
US_OFF-BI-10001758,26.7,0.0005487591141411759,99.66842528024773,C
Africa_OFF-BIC-10003575,26.7,0.0005487591141411759,99.66897403936187,C
Africa_OFF-BIN-10000170,26.67,0.00054814253086686,99.66952218189273,C
EMEA_OFF-BOS-10001772,26.64,0.000547525947592544,99.67006970784033,C
EU_OFF-LA-10000553,26.64,0.000547525947592544,99.67061723378792,C
APAC_OFF-BI-10000439,26.64,0.000547525947592544,99.67116475973552,C
US_FUR-CH-10002017,26.64,0.000547525947592544,99.67171228568311,C
Canada_OFF-NOV-10000141,26.64,0.000547525947592544,99.67225981163071,C
Africa_OFF-ACC-10000798,26.64,0.000547525947592544,99.6728073375783,C
EU_OFF-FA-10004233,26.64,0.000547525947592544,99.6733548635259,C
APAC_OFF-BI-10004809,26.64,0.000547525947592544,99.6739023894735,C
US_OFF-BI-10004182,26.624000000000002,0.0005471971031795755,99.67444958657667,C
US_OFF-PA-10002160,26.588,0.0005464572032503964,99.67499604377993,C
Africa_OFF-HAR-10002479,26.58,0.0005462927810439121,99.67554233656097,C
Canada_OFF-HAR-10002479,26.58,0.0005462927810439121,99.676088629342,C
EMEA_OFF-AVE-10004570,26.568,0.0005460461477341858,99.67663467548974,C
Africa_OFF-HAR-10001714,26.549999999999997,0.0005456761977695962,99.67718035168751,C
APAC_OFF-AR-10001107,26.532,0.0005453062478050066,99.67772565793531,C
Canada_OFF-AVE-10004708,26.52,0.0005450596144952803,99.67827071754981,C
Africa_OFF-EAT-10002789,26.46,0.0005438264479466485,99.67881454399776,C
EMEA_OFF-BIC-10000041,26.43,0.0005432098646723326,99.67935775386243,C
Africa_OFF-BIC-10000041,26.43,0.0005432098646723326,99.6799009637271,C
APAC_OFF-AR-10004918,26.4,0.0005425932813980166,99.6804435570085,C
EMEA_OFF-BIN-10001385,26.4,0.0005425932813980166,99.6809861502899,C
APAC_OFF-AR-10002389,26.4,0.0005425932813980166,99.68152874357129,C
US_TEC-PH-10000912,26.376,0.0005421000147785638,99.68207084358608,C
APAC_OFF-AR-10004552,26.37,0.0005419766981237007,99.6826128202842,C
Africa_FUR-ADV-10001855,26.37,0.0005419766981237007,99.68315479698234,C
APAC_FUR-FU-10000955,26.37,0.0005419766981237007,99.68369677368047,C
US_OFF-FA-10000936,26.32,0.0005409490593331741,99.6842377227398,C
US_OFF-PA-10003971,26.312,0.0005407846371266899,99.68477850737692,C
APAC_OFF-AR-10004614,26.298,0.0005404968982653423,99.68531900427519,C
US_OFF-BI-10002003,26.268,0.0005398803149910265,99.68585888459017,C
US_OFF-EN-10000781,26.22,0.000538893781752121,99.68639777837193,C
APAC_OFF-BI-10002281,26.22,0.000538893781752121,99.68693667215368,C
US_OFF-BI-10002498,26.166,0.0005377839318583523,99.68747445608554,C
Africa_OFF-XER-10002848,26.136,0.0005371673485840364,99.68801162343412,C
LATAM_OFF-LA-10002544,26.112000000000002,0.0005366740819645837,99.68854829751609,C
EMEA_OFF-SME-10003047,26.1,0.0005364274486548573,99.68908472496474,C
EU_OFF-EN-10004074,26.1,0.0005364274486548573,99.6896211524134,C
LATAM_OFF-BI-10001150,26.099999999999998,0.0005364274486548573,99.69015757986205,C
APAC_OFF-FA-10001631,26.064,0.0005356875487256781,99.69069326741077,C
EMEA_OFF-WIL-10004697,26.04,0.0005351942821062254,99.69122846169287,C
APAC_OFF-BI-10000698,26.0148,0.0005346763521558001,99.69176313804503,C
Africa_OFF-STA-10000054,26.013,0.0005346393571593411,99.69229777740219,C
US_OFF-LA-10004689,26.009999999999998,0.0005345776988319095,99.69283235510102,C
EMEA_OFF-AVE-10003279,26.004,0.0005344543821770464,99.6933668094832,C
EMEA_OFF-OIC-10001155,25.974,0.0005338377989027304,99.69390064728209,C
EMEA_OFF-NOV-10001238,25.92,0.0005327279490089618,99.6944333752311,C
EMEA_OFF-HON-10000966,25.92,0.0005327279490089618,99.6949661031801,C
US_OFF-PA-10003072,25.92,0.0005327279490089618,99.69549883112911,C
US_OFF-LA-10000248,25.83,0.000530878199186014,99.6960297093283,C
US_FUR-FU-10003489,25.83,0.000530878199186014,99.69656058752749,C
Africa_OFF-AVE-10003465,25.8,0.000530261615911698,99.6970908491434,C
EMEA_OFF-AVE-10003465,25.8,0.000530261615911698,99.6976211107593,C
EU_OFF-LA-10004132,25.74,0.0005290284493630661,99.69815013920866,C
APAC_OFF-LA-10002088,25.6443,0.0005270615487179983,99.69867720075739,C
EMEA_OFF-SAN-10001862,25.631999999999998,0.0005268087495755287,99.69920400950696,C
LATAM_OFF-FA-10002268,25.6,0.0005261510607495919,99.69973016056771,C
APAC_OFF-BI-10003142,25.56,0.0005253289497171706,99.70025548951743,C
APAC_OFF-LA-10002703,25.5474,0.0005250699847419579,99.70078055950218,C
Africa_FUR-DEF-10001477,25.542,0.000524958999752581,99.70130551850193,C
US_OFF-BI-10003350,25.52,0.0005245068386847494,99.70183002534061,C
APAC_OFF-FA-10003020,25.488,0.0005238491498588123,99.70235387449047,C
LATAM_OFF-SU-10003966,25.42,0.0005224515611036962,99.70287632605158,C
Africa_TEC-KON-10000302,25.38,0.000521629450071275,99.70339795550166,C
APAC_TEC-MA-10000684,25.35,0.0005210128667969591,99.70391896836846,C
APAC_OFF-ST-10003319,25.344,0.0005208895501420959,99.7044398579186,C
Africa_TEC-BEL-10000696,25.326,0.0005205196001775064,99.70496037751877,C
LATAM_OFF-SU-10002627,25.32,0.0005203962835226432,99.7054807738023,C
Africa_OFF-HOO-10002386,25.317,0.0005203346251952116,99.70600110842749,C
Africa_OFF-AME-10002081,25.308,0.0005201496502129167,99.7065212580777,C
Africa_OFF-KRA-10000492,25.29,0.0005197797002483273,99.70704103777796,C
APAC_OFF-BI-10003090,25.272,0.0005194097502837377,99.70756044752824,C
Africa_OFF-ADV-10002549,25.272,0.0005194097502837377,99.70807985727852,C
EU_OFF-EN-10002849,25.23,0.0005185465336996954,99.70859840381222,C
Africa_FUR-TEN-10003900,25.23,0.0005185465336996954,99.70911695034592,C
EMEA_OFF-SAN-10004633,25.23,0.0005185465336996954,99.70963549687961,C
EU_OFF-SU-10003267,25.23,0.0005185465336996954,99.71015404341331,C
EMEA_OFF-SME-10004519,25.200000000000003,0.0005179299504253795,99.71067197336373,C
APAC_FUR-FU-10000718,25.2,0.0005179299504253794,99.71118990331415,C
US_FUR-FU-10002396,25.16,0.0005171078393929583,99.71170701115355,C
Africa_FUR-RUB-10004633,25.14,0.0005166967838767477,99.71222370793743,C
US_FUR-FU-10004587,25.128,0.0005164501505670212,99.712740158088,C
EU_OFF-LA-10003058,25.11,0.0005160802006024316,99.7132562382886,C
Africa_TEC-ENE-10000690,25.101,0.0005158952256201369,99.71377213351421,C
LATAM_OFF-FA-10000131,25.08,0.0005154636173281157,99.71428759713154,C
US_OFF-LA-10003537,25.06,0.000515052561811905,99.71480264969335,C
US_OFF-BI-10003694,25.056,0.0005149703507086631,99.71531762004406,C
US_OFF-AR-10003732,25.02,0.0005142304507794839,99.71583185049484,C
US_FUR-FU-10002508,25.02,0.0005142304507794839,99.71634608094561,C
Africa_FUR-ADV-10000188,24.99,0.000513613867505168,99.71685969481312,C
APAC_OFF-BI-10004376,24.984,0.0005134905508503048,99.71737318536397,C
Africa_TEC-PAN-10004651,24.975,0.00051330557586801,99.71788649093983,C
EMEA_OFF-GLO-10004610,24.93,0.0005123807009565361,99.71839887164079,C
Africa_OFF-GLO-10004610,24.93,0.0005123807009565361,99.71891125234174,C
EMEA_FUR-SAF-10001870,24.828,0.0005102843178238619,99.71942153665957,C
Africa_OFF-ACC-10001703,24.816,0.0005100376845141356,99.71993157434409,C
US_OFF-EN-10001137,24.78,0.0005092977845849565,99.72044087212868,C
EMEA_OFF-SME-10001718,24.75,0.0005086812013106406,99.72094955332999,C
APAC_OFF-BI-10002594,24.72,0.0005080646180363246,99.72145761794802,C
Africa_OFF-AME-10001489,24.69,0.0005074480347620087,99.72196506598279,C
APAC_OFF-PA-10000048,24.651,0.000506646476505398,99.7224717124593,C
US_FUR-FU-10000073,24.64,0.0005064203959714821,99.72297813285526,C
Africa_OFF-FIS-10004155,24.63,0.0005062148682133768,99.72348434772347,C
APAC_OFF-BI-10002278,24.57,0.0005049817016647449,99.72398932942514,C
EMEA_OFF-XER-10003300,24.51,0.0005037485351161131,99.72449307796025,C
US_OFF-BI-10002437,24.448,0.0005024742630158602,99.72499555222326,C
APAC_OFF-LA-10003215,24.42,0.0005018987852931653,99.72549745100855,C
US_OFF-BI-10002160,24.384,0.0005011588853639861,99.72599860989392,C
LATAM_OFF-PA-10003296,24.336,0.0005001723521250807,99.72649878224604,C
APAC_OFF-PA-10003338,24.327,0.000499987377142786,99.72699876962318,C
US_OFF-AR-10000896,24.272,0.0004988569744732068,99.72749762659765,C
US_OFF-BI-10004022,24.186,0.000497089435753501,99.72799471603341,C
US_OFF-AP-10003281,24.18,0.0004969661190986379,99.72849168215251,C
US_OFF-AR-10000940,24.107999999999997,0.0004954863192402797,99.72898716847175,C
US_OFF-AR-10003183,24.048000000000002,0.0004942531526916479,99.72948142162444,C
US_OFF-PA-10000743,24.048000000000002,0.0004942531526916479,99.72997567477714,C
Africa_OFF-SME-10001667,24.0,0.0004932666194527423,99.7304689413966,C
EMEA_OFF-STI-10001136,24.0,0.0004932666194527423,99.73096220801605,C
Canada_OFF-ROG-10000332,24.0,0.0004932666194527423,99.73145547463551,C
APAC_OFF-LA-10002337,24.0,0.0004932666194527423,99.73194874125497,C
US_TEC-PH-10003187,23.988,0.000493019986143016,99.7324417612411,C
US_FUR-FU-10000409,23.968,0.0004926089306268054,99.73293437017173,C
EMEA_OFF-ENE-10002104,23.928,0.0004917868195943841,99.73342615699133,C
US_OFF-PA-10002709,23.92,0.0004916223973878999,99.73391777938872,C
US_OFF-PA-10004040,23.92,0.0004916223973878999,99.73440940178611,C
EMEA_FUR-DEF-10002814,23.91,0.0004914168696297946,99.73490081865575,C
US_OFF-AR-10002467,23.84,0.0004899781753230574,99.73539079683107,C
Africa_FUR-ELD-10003828,23.82,0.0004895671198068467,99.73588036395087,C
Africa_OFF-GLO-10003463,23.79,0.0004889505365325308,99.7363693144874,C
LATAM_OFF-BI-10003392,23.712,0.00048734742001930943,99.73685666190742,C
EMEA_TEC-BEL-10004950,23.7,0.000487100786709583,99.73734376269414,C
LATAM_OFF-LA-10002323,23.7,0.000487100786709583,99.73783086348085,C
APAC_OFF-ST-10001799,23.652,0.00048611425347067755,99.73831697773433,C
Africa_OFF-STO-10004940,23.64,0.00048586762016095125,99.73880284535448,C
APAC_OFF-ST-10003393,23.616,0.00048537435354149844,99.73928821970803,C
APAC_OFF-FA-10003257,23.598,0.0004850044035769089,99.7397732241116,C
LATAM_OFF-BI-10001279,23.592,0.0004848810869220457,99.74025810519852,C
Africa_OFF-JIF-10000981,23.55,0.00048401787033800343,99.74074212306886,C
EU_OFF-EN-10002850,23.49,0.00048278470378937155,99.74122490777265,C
LATAM_FUR-FU-10002834,23.48,0.0004825791760312663,99.74170748694868,C
EMEA_OFF-AVE-10003504,23.46,0.0004821681205150556,99.7421896550692,C
APAC_OFF-FA-10004545,23.406,0.00048105827062128696,99.74267071333982,C
EMEA_OFF-CAM-10003605,23.4,0.00048093495396642373,99.74315164829379,C
LATAM_OFF-LA-10003327,23.36,0.00048011284293400253,99.74363176113673,C
US_OFF-AR-10000914,23.32,0.0004792907319015813,99.74411105186863,C
APAC_OFF-LA-10003644,23.31,0.0004790852041434759,99.74459013707278,C
APAC_OFF-AR-10000729,23.3016,0.00047891256082666756,99.7450690496336,C
LATAM_OFF-SU-10004780,23.28,0.0004784686208691601,99.74554751825447,C
US_OFF-BI-10000773,23.258000000000003,0.0004780164598013284,99.74602553471426,C
US_OFF-BI-10002609,23.244,0.00047772872093998096,99.7465032634352,C
EMEA_FUR-ELD-10003843,23.244,0.00047772872093998096,99.74698099215614,C
US_OFF-BI-10000174,23.2,0.00047682439880431763,99.74745781655494,C
LATAM_OFF-LA-10000560,23.2,0.00047682439880431763,99.74793464095374,C
US_OFF-AR-10004441,23.183999999999997,0.0004764955543913491,99.74841113650814,C
EMEA_OFF-AVE-10000432,23.16,0.0004760022877718963,99.74888713879591,C
US_OFF-EN-10003448,23.16,0.0004760022877718963,99.74936314108368,C
APAC_OFF-SU-10000148,23.16,0.0004760022877718963,99.74983914337145,C
LATAM_OFF-LA-10000714,23.088,0.00047452248791353814,99.75031366585937,C
LATAM_OFF-AR-10002153,23.072,0.0004741936435005696,99.75078785950286,C
APAC_OFF-FA-10001272,23.04,0.00047353595467463256,99.75126139545753,C
LATAM_OFF-FA-10003595,23.04,0.00047353595467463256,99.7517349314122,C
Africa_OFF-STI-10004202,23.01,0.0004729193714003167,99.7522078507836,C
EMEA_OFF-ACC-10001993,23.003999999999998,0.00047279605474545344,99.75268064683836,C
Africa_OFF-SME-10004323,22.98,0.0004723027881260008,99.75315294962648,C
EMEA_OFF-ACC-10003984,22.98,0.0004723027881260008,99.75362525241461,C
US_OFF-AR-10001473,22.96,0.0004718917326097902,99.75409714414722,C
US_OFF-AR-10003394,22.932000000000002,0.0004713162548870953,99.75456846040211,C
APAC_OFF-LA-10004795,22.896,0.0004705763549579162,99.75503903675707,C
Africa_OFF-SAN-10002015,22.848,0.0004695898217190107,99.75550862657879,C
EU_OFF-EN-10002961,22.8,0.00046860328848010525,99.75597722986727,C
Africa_OFF-HON-10001132,22.799999999999997,0.0004686032884801052,99.75644583315575,C
US_TEC-PH-10000347,22.77,0.0004679867052057893,99.75691381986096,C
Africa_OFF-HON-10000278,22.74,0.0004673701219314733,99.75738118998288,C
EU_OFF-LA-10001413,22.74,0.0004673701219314733,99.7578485601048,C
EMEA_OFF-SAN-10001128,22.74,0.0004673701219314733,99.75831593022673,C
APAC_OFF-AR-10004485,22.7052,0.0004666548853332669,99.75878258511206,C
LATAM_OFF-AR-10000821,22.68,0.0004661369553828415,99.75924872206744,C
EMEA_OFF-OIC-10003028,22.68,0.0004661369553828415,99.75971485902282,C
LATAM_OFF-FA-10004265,22.68,0.0004661369553828415,99.7601809959782,C
LATAM_OFF-LA-10002972,22.648,0.0004654792665569045,99.76064647524476,C
EMEA_FUR-ELD-10004994,22.632,0.000465150422143936,99.7611116256669,C
LATAM_OFF-PA-10002360,22.62,0.0004649037888342096,99.76157652945574,C
LATAM_OFF-FA-10003931,22.608,0.0004646571555244833,99.76204118661126,C
APAC_OFF-SU-10001343,22.53,0.0004630540390112619,99.76250424065027,C
US_OFF-LA-10001982,22.5,0.00046243745573694596,99.76296667810601,C
APAC_OFF-ST-10001214,22.5,0.00046243745573694596,99.76342911556175,C
APAC_OFF-LA-10004877,22.5,0.00046243745573694596,99.76389155301749,C
APAC_OFF-FA-10001086,22.4667,0.0004617530483024552,99.76435330606579,C
Africa_OFF-BRE-10001378,22.455,0.00046151258082547205,99.76481481864661,C
Africa_OFF-ENE-10001906,22.41,0.00046058770591399814,99.76527540635253,C
EMEA_OFF-WIL-10001801,22.392,0.00046021775594940855,99.76573562410847,C
EMEA_OFF-IBI-10001640,22.368000000000002,0.0004597244893299559,99.7661953485978,C
Africa_FUR-DEF-10003676,22.32,0.0004587379560910504,99.7666540865539,C
EMEA_FUR-TEN-10002448,22.26,0.00045750478954241855,99.76711159134344,C
LATAM_OFF-LA-10004094,22.26,0.00045750478954241855,99.76756909613297,C
EMEA_OFF-ACC-10002425,22.259999999999998,0.0004575047895424185,99.76802660092251,C
US_OFF-PA-10000327,22.256,0.0004574225784391764,99.76848402350095,C
EMEA_OFF-AVE-10001847,22.247999999999998,0.0004572581562326921,99.76894128165718,C
US_OFF-SU-10000898,22.24,0.00045709373402620787,99.7693983753912,C
Africa_OFF-AME-10001587,22.23,0.0004568882062681026,99.76985526359748,C
EMEA_OFF-SME-10004518,22.200000000000003,0.00045627162299378667,99.77031153522047,C
Canada_OFF-SAN-10003368,22.2,0.0004562716229937866,99.77076780684347,C
US_FUR-FU-10003829,22.176000000000002,0.00045577835637433396,99.77122358519983,C
EMEA_FUR-RUB-10003411,22.17,0.0004556550397194708,99.77167924023955,C
APAC_TEC-AC-10001090,22.1487,0.0004552172655947065,99.77213445750515,C
APAC_OFF-BI-10001885,22.14,0.00045503845644515484,99.7725894959616,C
Africa_OFF-BIC-10001211,22.11,0.0004544218731708389,99.77304391783477,C
EMEA_OFF-BOS-10002041,22.05,0.000453188706622207,99.7734971065414,C
Africa_OFF-ELI-10000044,22.049999999999997,0.0004531887066222069,99.77395029524803,C
LATAM_OFF-FA-10003034,22.0,0.00045216106783168045,99.77440245631585,C
US_OFF-AP-10001947,21.984,0.000451832223418712,99.77485428853927,C
US_OFF-SU-10001218,21.96,0.0004513389567992593,99.77530562749607,C
APAC_OFF-FA-10003378,21.96,0.0004513389567992593,99.77575696645286,C
Africa_TEC-SAM-10003891,21.96,0.0004513389567992593,99.77620830540965,C
EU_OFF-FA-10004239,21.96,0.0004513389567992593,99.77665964436645,C
APAC_OFF-EN-10000219,21.96,0.0004513389567992593,99.77711098332324,C
LATAM_OFF-FA-10000439,21.96,0.0004513389567992593,99.77756232228003,C
Africa_TEC-NOK-10000002,21.933,0.0004507840318523749,99.77801310631189,C
Africa_OFF-ELI-10001507,21.93,0.00045072237352494326,99.77846382868542,C
EMEA_OFF-IBI-10001951,21.93,0.00045072237352494326,99.77891455105895,C
US_OFF-LA-10004409,21.887999999999998,0.000449859156940901,99.77936441021589,C
Africa_OFF-SME-10002870,21.84,0.00044887262370199555,99.7798132828396,C
US_OFF-PA-10004734,21.84,0.00044887262370199555,99.7802621554633,C
EU_OFF-EN-10003854,21.84,0.00044887262370199555,99.78071102808701,C
LATAM_OFF-FA-10004533,21.84,0.00044887262370199555,99.78115990071072,C
APAC_OFF-EN-10000061,21.84,0.00044887262370199555,99.78160877333443,C
APAC_OFF-LA-10002123,21.84,0.00044887262370199555,99.78205764595813,C
EMEA_OFF-BIN-10000308,21.816,0.0004483793570825428,99.78250602531521,C
EU_OFF-PA-10004124,21.78,0.00044763945715336367,99.78295366477236,C
Canada_OFF-NOV-10004048,21.72,0.0004464062906047318,99.78340007106297,C
EU_OFF-LA-10001184,21.72,0.0004464062906047318,99.78384647735358,C
Canada_OFF-HON-10000934,21.72,0.0004464062906047318,99.78429288364418,C
EU_OFF-FA-10000046,21.72,0.0004464062906047318,99.78473928993479,C
APAC_OFF-BI-10002287,21.708,0.0004461596572950054,99.78518544959209,C
EMEA_OFF-TEN-10001480,21.696,0.00044591302398527913,99.78563136261607,C
Africa_OFF-SME-10003134,21.6,0.00044393995750746814,99.78607530257358,C
Africa_FUR-HAR-10003124,21.6,0.00044393995750746814,99.78651924253109,C
EMEA_OFF-SME-10000880,21.54,0.00044270679095883626,99.78696194932205,C
LATAM_OFF-FA-10001401,21.54,0.00044270679095883626,99.78740465611301,C
EU_OFF-FA-10000474,21.54,0.00044270679095883626,99.78784736290397,C
LATAM_OFF-LA-10000990,21.54,0.00044270679095883626,99.78829006969494,C
APAC_OFF-LA-10004738,21.54,0.00044270679095883626,99.7887327764859,C
Africa_OFF-SME-10000880,21.54,0.00044270679095883626,99.78917548327686,C
US_FUR-FU-10004415,21.504,0.0004419668910296572,99.7896174501679,C
EMEA_OFF-BIC-10004557,21.48,0.0004414736244102044,99.7900589237923,C
EMEA_OFF-HAR-10001262,21.48,0.0004414736244102044,99.79050039741671,C
Africa_OFF-AVE-10004828,21.48,0.0004414736244102044,99.79094187104111,C
LATAM_OFF-LA-10004318,21.42,0.0004402404578615726,99.79138211149898,C
US_OFF-PA-10004947,21.4,0.0004398294023453619,99.79182194090131,C
APAC_OFF-BI-10001049,21.384,0.00043950055793239343,99.79226144145925,C
EMEA_OFF-BIC-10003575,21.36,0.0004390072913129406,99.79270044875057,C
APAC_OFF-LA-10000244,21.36,0.0004390072913129406,99.79313945604189,C
EMEA_OFF-TEN-10004210,21.312,0.00043802075807403525,99.79357747679995,C
US_OFF-FA-10000611,21.311999999999998,0.00043802075807403514,99.79401549755802,C
US_OFF-AR-10002445,21.24,0.00043654095821567696,99.79445203851624,C
APAC_OFF-PA-10003527,21.204,0.00043580105828649784,99.79488783957453,C
US_TEC-AC-10003237,21.2,0.0004357188471832557,99.79532355842171,C
APAC_OFF-BI-10003874,21.1914,0.0004355420933112852,99.79575910051503,C
Africa_OFF-STO-10000683,21.18,0.0004353077916670451,99.79619440830669,C
EMEA_OFF-SAN-10003041,21.144,0.00043456789173786596,99.79662897619843,C
US_OFF-AR-10001573,20.97,0.0004309917087468336,99.79705996790719,C
Africa_OFF-FIS-10004787,20.952,0.0004306217587822441,99.79749058966597,C
LATAM_OFF-LA-10002782,20.928,0.00043012849216279137,99.79792071815814,C
Africa_OFF-CAM-10003511,20.922,0.00043000517550792814,99.79835072333364,C
LATAM_OFF-LA-10001677,20.887999999999998,0.00042930638113037,99.79878002971478,C
US_OFF-LA-10001045,20.88,0.0004291419589238858,99.7992091716737,C
Africa_OFF-GLO-10004160,20.88,0.0004291419589238858,99.79963831363261,C
US_OFF-AR-10002053,20.86,0.0004287309034076752,99.80006704453602,C
Africa_OFF-STO-10000007,20.82,0.00042790879237525396,99.8004949533284,C
LATAM_OFF-EN-10003673,20.808,0.0004276621590655276,99.80092261548747,C
US_OFF-PA-10001837,20.736,0.00042618235920716943,99.80134879784667,C
APAC_OFF-BI-10003265,20.7168,0.0004257877459116072,99.80177458559258,C
US_OFF-LA-10001158,20.7,0.00042544245927799026,99.80220002805186,C
US_OFF-LA-10004677,20.664,0.0004247025593488112,99.8026247306112,C
US_OFF-LA-10003121,20.65,0.00042441482048746363,99.80304914543169,C
US_OFF-AR-10000390,20.65,0.00042441482048746363,99.80347356025217,C
EMEA_OFF-CAR-10001358,20.64,0.0004242092927293584,99.8038977695449,C
EU_OFF-FA-10004310,20.58,0.00042297612618072655,99.80432074567108,C
Canada_OFF-ELD-10001882,20.52,0.00042174295963209467,99.80474248863071,C
US_OFF-AR-10004165,20.52,0.00042174295963209467,99.80516423159034,C
Africa_OFF-AVE-10000543,20.511,0.00042155798464979993,99.80558578957499,C
Africa_TEC-SAM-10001935,20.421,0.0004197082348268521,99.80600549780982,C
EMEA_OFF-CAM-10000192,20.388,0.00041902999322510466,99.80642452780305,C
US_OFF-AP-10003287,20.388,0.00041902999322510466,99.80684355779627,C
EMEA_OFF-XER-10001746,20.37,0.0004186600432605151,99.80726221783954,C
US_OFF-BI-10001191,20.368,0.000418618937708894,99.80768083677725,C
APAC_OFF-LA-10001292,20.34,0.00041804345998619914,99.80809888023724,C
LATAM_OFF-BI-10003975,20.32,0.0004176324044699885,99.8085165126417,C
EMEA_FUR-ELD-10003695,20.208,0.0004153304935792091,99.80893184313528,C
APAC_OFF-LA-10000477,20.16,0.0004143439603403036,99.80934618709563,C
Africa_OFF-HON-10003921,20.16,0.0004143439603403036,99.80976053105597,C
EMEA_OFF-AVE-10002079,20.136,0.0004138506937208508,99.81017438174969,C
EMEA_OFF-STA-10003956,20.1,0.0004131107937916717,99.81058749254348,C
EMEA_OFF-IBI-10001772,20.087999999999997,0.0004128641604819453,99.81100035670396,C
LATAM_FUR-FU-10004117,20.064,0.00041237089386249255,99.81141272759783,C
US_OFF-BI-10003727,20.064,0.00041237089386249255,99.8118250984917,C
US_OFF-PA-10004285,20.04,0.00041187762724303984,99.81223697611894,C
EMEA_OFF-STO-10003878,20.016,0.0004113843606235871,99.81264836047956,C
EMEA_OFF-HON-10000137,19.98,0.00041064446069440796,99.81305900494026,C
APAC_OFF-FA-10003015,19.926000000000002,0.00040953461080063937,99.81346853955105,C
LATAM_OFF-PA-10004411,19.92,0.0004094112941457762,99.8138779508452,C
LATAM_OFF-PA-10004386,19.86,0.0004081781275971443,99.8142861289728,C
EMEA_OFF-CAR-10001428,19.812,0.00040719159435823884,99.81469332056716,C
EMEA_OFF-ENE-10003274,19.8,0.00040694496104851243,99.8151002655282,C
EMEA_OFF-GLO-10001233,19.8,0.00040694496104851243,99.81550721048924,C
Canada_OFF-ENE-10003274,19.8,0.00040694496104851243,99.81591415545029,C
APAC_OFF-EN-10003018,19.8,0.00040694496104851243,99.81632110041133,C
US_OFF-FA-10000254,19.782,0.0004065750110839229,99.81672767542241,C
Africa_OFF-GLO-10004123,19.74,0.00040571179449988055,99.81713338721691,C
US_OFF-BI-10002432,19.734,0.00040558847784501743,99.81753897569476,C
US_OFF-LA-10000134,19.712,0.0004051363167771857,99.81794411201153,C
US_OFF-BI-10004040,19.683999999999997,0.0004045608390544908,99.81834867285059,C
Africa_OFF-STO-10002661,19.68,0.00040447862795124867,99.81875315147855,C
LATAM_OFF-PA-10002295,19.644,0.00040373872802206955,99.81915689020657,C
US_OFF-FA-10000304,19.62,0.0004032454614026169,99.81956013566797,C
Africa_TEC-NOK-10004183,19.566,0.00040213561150884814,99.81996227127948,C
EMEA_TEC-KON-10000091,19.512,0.00040102576161507955,99.8203632970411,C
US_OFF-PA-10001826,19.44,0.00039954596175672137,99.82076284300285,C
US_OFF-PA-10003936,19.44,0.00039954596175672137,99.82116238896461,C
US_OFF-PA-10003309,19.44,0.00039954596175672137,99.82156193492636,C
EMEA_OFF-SME-10002417,19.404,0.0003988060618275422,99.82196074098819,C
Africa_OFF-CAM-10003933,19.35,0.00039769621193377355,99.82235843720012,C
LATAM_OFF-SU-10004317,19.344,0.00039757289527891037,99.8227560100954,C
LATAM_OFF-AR-10000493,19.3,0.00039666857314324703,99.82315267866855,C
LATAM_OFF-PA-10004998,19.296,0.0003965863620400048,99.82354926503059,C
EMEA_OFF-KRA-10000113,19.29,0.00039646304538514166,99.82394572807598,C
EMEA_OFF-ADV-10002593,19.29,0.00039646304538514166,99.82434219112137,C
LATAM_TEC-AC-10004812,19.264,0.00039592867321406786,99.82473811979459,C
EU_TEC-AC-10004102,19.26,0.0003958464621108257,99.8251339662567,C
LATAM_OFF-FA-10002247,19.24,0.00039543540659461504,99.82552940166329,C
LATAM_OFF-FA-10001815,19.24,0.00039543540659461504,99.82592483706988,C
Africa_OFF-ELI-10000711,19.23,0.0003952298788365098,99.82632006694871,C
APAC_OFF-AR-10003157,19.224,0.0003951065621816466,99.82671517351089,C
APAC_OFF-BI-10001347,19.2,0.00039461329556219384,99.82710978680646,C
EMEA_OFF-BIC-10002942,19.2,0.00039461329556219384,99.82750440010203,C
Africa_OFF-SME-10004754,19.2,0.00039461329556219384,99.8278990133976,C
US_OFF-BI-10002194,19.152,0.00039362676232328837,99.82829264015992,C
US_OFF-AR-10004790,19.152,0.00039362676232328837,99.82868626692223,C
LATAM_OFF-BI-10001167,19.136,0.00039329791791031983,99.82907956484014,C
US_OFF-BI-10002897,19.084,0.0003922291735681723,99.82947179401371,C
EU_OFF-LA-10004972,19.02,0.0003909137959162983,99.82986270780962,C
LATAM_OFF-ST-10001991,18.996,0.0003904205292968455,99.83025312833892,C
EMEA_OFF-ELD-10002240,18.996,0.0003904205292968455,99.83064354886822,C
Canada_FUR-DEF-10000622,18.99,0.0003902972126419823,99.83103384608087,C
EMEA_OFF-KLE-10002550,18.99,0.0003902972126419823,99.83142414329352,C
US_OFF-PA-10000069,18.98,0.00039009168488387706,99.8318142349784,C
APAC_OFF-FA-10004171,18.9585,0.0003896498002039507,99.8322038847786,C
LATAM_OFF-BI-10002126,18.912,0.0003886940961287609,99.83259257887472,C
LATAM_FUR-FU-10004800,18.9,0.0003884474628190346,99.83298102633755,C
EMEA_FUR-RUB-10003699,18.9,0.0003884474628190346,99.83336947380037,C
Africa_OFF-ACC-10001285,18.875999999999998,0.0003879541961995818,99.83375742799657,C
EMEA_OFF-KRA-10002441,18.84,0.0003872142962704027,99.83414464229284,C
US_FUR-FU-10000771,18.84,0.0003872142962704027,99.83453185658911,C
Africa_OFF-JIF-10003890,18.81,0.0003865977129960868,99.8349184543021,C
EMEA_FUR-SAF-10003402,18.804,0.00038647439634122355,99.83530492869843,C
US_OFF-AR-10001919,18.8,0.0003863921852379815,99.83569132088367,C
LATAM_OFF-FA-10000091,18.8,0.0003863921852379815,99.8360777130689,C
APAC_OFF-LA-10004166,18.768,0.0003857344964120445,99.83646344756532,C
APAC_OFF-AR-10004148,18.7605,0.0003855803505934655,99.83684902791592,C
LATAM_OFF-FA-10001567,18.76,0.0003855700742055603,99.83723459799012,C
US_OFF-LA-10002787,18.75,0.00038536454644745496,99.83761996253656,C
EMEA_OFF-ADV-10001124,18.72,0.00038474796317313896,99.83800471049973,C
Africa_OFF-GRE-10000216,18.72,0.00038474796317313896,99.8383894584629,C
Africa_OFF-ADV-10001124,18.72,0.00038474796317313896,99.83877420642607,C
LATAM_OFF-EN-10001940,18.72,0.00038474796317313896,99.83915895438923,C
LATAM_OFF-FA-10001237,18.64,0.00038310374110829657,99.83954205813035,C
Africa_OFF-ROG-10001549,18.639,0.00038308318833248605,99.83992514131869,C
US_OFF-SU-10000381,18.62,0.000382692685592086,99.84030783400428,C
EMEA_TEC-EPS-10001473,18.612,0.0003825282633856016,99.84069036226767,C
APAC_OFF-BI-10003588,18.576,0.00038178836345642255,99.84107215063112,C
EMEA_OFF-XER-10004042,18.564,0.00038154173014669625,99.84145369236127,C
Africa_TEC-MEM-10000263,18.54,0.00038104846352724343,99.8418347408248,C
EMEA_OFF-STA-10004484,18.522,0.00038067851356265385,99.84221541933836,C
US_OFF-PA-10001846,18.496,0.00038014414139158004,99.84259556347975,C
LATAM_OFF-SU-10000706,18.44,0.0003789931859461904,99.8429745566657,C
EMEA_OFF-GRE-10004054,18.36,0.0003773489638813479,99.84335190562958,C
Africa_OFF-ACM-10002131,18.33,0.0003767323806070319,99.84372863801018,C
EMEA_OFF-KRA-10002828,18.312,0.00037636243064244243,99.84410500044082,C
US_OFF-LA-10000634,18.27,0.0003754992140584001,99.84448049965488,C
Africa_OFF-STO-10002803,18.27,0.0003754992140584001,99.84485599886894,C
LATAM_OFF-EN-10002778,18.240000000000002,0.00037488263078408425,99.84523088149972,C
US_OFF-AR-10000799,18.24,0.00037488263078408414,99.8456057641305,C
US_OFF-FA-10003495,18.24,0.00037488263078408414,99.84598064676128,C
LATAM_OFF-LA-10000345,18.24,0.00037488263078408414,99.84635552939206,C
Africa_OFF-HAR-10001310,18.24,0.00037488263078408414,99.84673041202284,C
Africa_OFF-SAN-10002020,18.12,0.0003724162976868205,99.84710282832053,C
US_OFF-EN-10004846,18.088,0.0003717586088608835,99.8474745869294,C
LATAM_OFF-SU-10001624,18.08,0.0003715941866543992,99.84784618111605,C
APAC_OFF-EN-10000726,18.0624,0.0003712324578001339,99.84821741357385,C
LATAM_OFF-FA-10003399,17.96,0.0003691278535571355,99.84858654142741,C
US_OFF-EN-10004147,17.94,0.00036871679804092495,99.84895525822544,C
US_OFF-PA-10001801,17.94,0.00036871679804092495,99.84932397502348,C
US_OFF-EN-10002973,17.92,0.0003683057425247143,99.849692280766,C
US_OFF-AP-10000804,17.92,0.0003683057425247143,99.85006058650853,C
US_OFF-SU-10002522,17.848,0.00036682594266635604,99.8504274124512,C
LATAM_OFF-PA-10001685,17.84,0.00036666152045987177,99.85079407397166,C
US_FUR-FU-10002107,17.84,0.00036666152045987177,99.85116073549212,C
APAC_OFF-PA-10004943,17.82,0.0003662504649436612,99.85152698595707,C
US_OFF-FA-10003467,17.82,0.0003662504649436612,99.85189323642201,C
Africa_OFF-BIN-10002407,17.793,0.0003656955399967768,99.85225893196201,C
US_OFF-AR-10003856,17.792,0.00036567498722096635,99.85262460694923,C
LATAM_OFF-LA-10001469,17.76,0.00036501729839502937,99.85298962424763,C
Africa_OFF-NOV-10004223,17.76,0.00036501729839502937,99.85335464154602,C
Africa_OFF-SME-10004518,17.759999999999998,0.00036501729839502926,99.85371965884441,C
Africa_FUR-HAR-10000870,17.757,0.00036495564006759775,99.85408461448448,C
Africa_OFF-WIL-10002947,17.73,0.0003644007151207134,99.85444901519959,C
EMEA_OFF-EAT-10001137,17.61,0.00036193438202344967,99.85481094958162,C
US_OFF-AR-10003469,17.6,0.0003617288542653444,99.85517267843588,C
LATAM_OFF-SU-10004932,17.6,0.0003617288542653444,99.85553440729014,C
US_OFF-SU-10002301,17.584,0.00036140000985237586,99.85589580729999,C
APAC_OFF-AR-10003532,17.568,0.0003610711654394074,99.85625687846543,C
LATAM_OFF-BI-10000719,17.556,0.00036082453212968107,99.85661770299755,C
EMEA_FUR-TEN-10000325,17.55,0.00036070121547481784,99.85697840421302,C
EMEA_OFF-SME-10001149,17.52,0.0003600846322005019,99.85733848884523,C
Africa_OFF-AME-10000870,17.49,0.0003594680489261859,99.85769795689416,C
LATAM_OFF-BI-10002607,17.48,0.0003592625211680807,99.85805721941533,C
Africa_OFF-BOS-10003113,17.4,0.00035761829910323814,99.85841483771443,C
Africa_OFF-WIL-10002787,17.394000000000002,0.000357494982448375,99.85877233269689,C
Africa_OFF-FEL-10003848,17.361,0.0003568167408466275,99.85912914943773,C
LATAM_OFF-FA-10003991,17.28,0.0003551519660059745,99.85948430140374,C
APAC_OFF-LA-10000436,17.28,0.0003551519660059745,99.85983945336974,C
EU_OFF-LA-10004727,17.28,0.0003551519660059745,99.86019460533575,C
APAC_OFF-FA-10000074,17.244,0.00035441206607679537,99.86054901740182,C
APAC_OFF-LA-10001497,17.232,0.000354165432767069,99.86090318283459,C
EMEA_TEC-MEM-10001732,17.208,0.0003536721661476162,99.86125685500073,C
Canada_OFF-OIC-10000988,17.19,0.0003533022161830267,99.86161015721692,C
Africa_OFF-OIC-10000988,17.19,0.0003533022161830267,99.8619634594331,C
APAC_OFF-BI-10002005,17.16,0.0003526856329087107,99.862316145066,C
EU_OFF-BI-10002990,17.16,0.0003526856329087107,99.86266883069891,C
Africa_OFF-BIN-10001385,17.16,0.0003526856329087107,99.86302151633181,C
EMEA_OFF-HON-10004621,17.136000000000003,0.00035219236628925807,99.8633737086981,C
US_OFF-EN-10001509,17.136,0.000352192366289258,99.8637259010644,C
EMEA_OFF-XER-10001429,17.121,0.00035188407465210005,99.86407778513905,C
Africa_FUR-ADV-10001659,17.1,0.0003514524663600789,99.8644292376054,C
Africa_OFF-HAR-10004011,17.1,0.0003514524663600789,99.86478069007177,C
US_OFF-BI-10000042,17.088,0.00035120583305035255,99.86513189590482,C
LATAM_OFF-FA-10003749,17.088,0.00035120583305035255,99.86548310173788,C
Africa_OFF-ENE-10003066,17.07,0.00035083588308576296,99.86583393762096,C
US_OFF-BI-10004738,17.046,0.0003503426164663102,99.86618428023743,C
EMEA_OFF-IBI-10003422,16.98,0.0003489861332628152,99.8665332663707,C
EMEA_OFF-ELD-10000024,16.98,0.0003489861332628152,99.86688225250396,C
APAC_OFF-ST-10000661,16.98,0.0003489861332628152,99.86723123863722,C
Africa_OFF-IBI-10003732,16.98,0.0003489861332628152,99.86758022477048,C
EMEA_OFF-SAN-10003318,16.98,0.0003489861332628152,99.86792921090374,C
EU_OFF-EN-10002013,16.95,0.00034836954998849925,99.86827758045372,C
US_OFF-ST-10001291,16.91,0.00034754743895607805,99.86862512789268,C
US_OFF-AR-10003723,16.9,0.0003473419111979727,99.86897246980388,C
EMEA_OFF-GLO-10003650,16.836,0.0003460265335460987,99.86931849633743,C
EMEA_OFF-HAM-10001387,16.836,0.0003460265335460987,99.86966452287098,C
APAC_OFF-BI-10003181,16.812,0.00034553326692664607,99.8700100561379,C
EMEA_OFF-ACC-10004910,16.8,0.00034528663361691966,99.87035534277152,C
LATAM_OFF-LA-10001230,16.8,0.00034528663361691966,99.87070062940514,C
US_OFF-AR-10003759,16.744,0.0003441356781715299,99.87104476508331,C
Canada_OFF-ADV-10000213,16.71,0.0003434368837939719,99.87138820196711,C
Canada_OFF-SAN-10000335,16.71,0.0003434368837939719,99.8717316388509,C
EMEA_OFF-ADV-10000213,16.71,0.0003434368837939719,99.8720750757347,C
Africa_OFF-ADV-10000213,16.71,0.0003434368837939719,99.8724185126185,C
Africa_OFF-NOV-10000808,16.68,0.00034282030051965595,99.87276133291901,C
Africa_OFF-ACC-10003422,16.65,0.00034220371724533996,99.87310353663625,C
Africa_FUR-OFF-10003104,16.632,0.0003418337672807505,99.87344537040353,C
EMEA_OFF-SAN-10000844,16.62,0.00034158713397102413,99.8737869575375,C
APAC_OFF-BI-10003342,16.596,0.0003410938673515713,99.87412805140485,C
Africa_OFF-ADV-10003050,16.59,0.00034097055069670813,99.87446902195555,C
US_TEC-AC-10004877,16.56,0.0003403539674223922,99.87480937592296,C
US_OFF-BI-10004187,16.543999999999997,0.00034002512300942365,99.87514940104597,C
Africa_OFF-TEN-10001585,16.53,0.0003397373841480763,99.87548913843013,C
EMEA_OFF-STO-10001839,16.53,0.0003397373841480763,99.87582887581428,C
Africa_OFF-OIC-10002160,16.5,0.00033912080087376037,99.87616799661515,C
APAC_OFF-LA-10001092,16.5,0.00033912080087376037,99.87650711741603,C
EMEA_TEC-SAN-10004999,16.416,0.0003373943677056757,99.87684451178373,C
Africa_OFF-TEN-10001031,16.407,0.000337209392723381,99.87718172117646,C
US_OFF-AR-10002375,16.4,0.00033706552329270723,99.87751878669975,C
LATAM_OFF-FA-10004586,16.368,0.00033640783446677025,99.87785519453422,C
US_OFF-AR-10003602,16.352,0.00033607899005380176,99.87819127352428,C
APAC_TEC-AC-10003704,16.326,0.00033554461788272796,99.87852681814216,C
APAC_OFF-LA-10004062,16.3134,0.0003352856529075153,99.87886210379507,C
EMEA_OFF-JIF-10003976,16.284,0.00033468140129868566,99.87919678519637,C
EMEA_OFF-STO-10003395,16.26,0.00033418813467923296,99.87953097333104,C
Africa_OFF-STO-10003395,16.26,0.00033418813467923296,99.87986516146572,C
APAC_OFF-SU-10001968,16.236,0.0003336948680597802,99.88019885633378,C
EMEA_OFF-XER-10001513,16.224,0.0003334482347500538,99.88053230456853,C
APAC_OFF-AR-10004077,16.164,0.00033221506820142196,99.88086451963673,C
Africa_OFF-ACM-10000671,16.11,0.00033110521830765325,99.88119562485504,C
EMEA_OFF-ACM-10000671,16.11,0.00033110521830765325,99.88152673007335,C
US_OFF-PA-10004000,16.082,0.00033052974058495846,99.88185725981393,C
Africa_OFF-ACC-10000307,16.08,0.0003304886350333373,99.88218774844896,C
US_OFF-ST-10003996,16.06,0.00033007757951712674,99.88251782602848,C
Africa_OFF-EAT-10000854,16.056,0.00032999536841388466,99.8828478213969,C
US_OFF-PA-10002749,16.056,0.00032999536841388466,99.88317781676531,C
EMEA_OFF-ELD-10003918,16.05,0.00032987205175902143,99.88350768881708,C
EMEA_TEC-STA-10004542,16.032,0.00032950210179443184,99.88383719091887,C
EU_OFF-FA-10004754,16.02,0.0003292554684847055,99.88416644638735,C
EMEA_FUR-DEF-10004936,16.02,0.0003292554684847055,99.88449570185584,C
US_OFF-AR-10001770,15.96,0.00032802230193607366,99.88482372415778,C
LATAM_OFF-LA-10002821,15.948,0.0003277756686263473,99.8851514998264,C
LATAM_OFF-FA-10004781,15.912,0.0003270357686971682,99.8854785355951,C
APAC_OFF-PA-10002394,15.876,0.00032629586876798907,99.88580483146387,C
LATAM_OFF-FA-10001476,15.84,0.00032555596883880996,99.88613038743271,C
US_OFF-AP-10004052,15.8,0.0003247338578063887,99.88645512129052,C
LATAM_OFF-FA-10000134,15.76,0.00032391174677396745,99.8867790330373,C
EU_OFF-AR-10000219,15.75,0.00032370621901586213,99.88710273925632,C
Canada_OFF-SAN-10002441,15.75,0.00032370621901586213,99.88742644547534,C
EMEA_OFF-CAM-10001341,15.75,0.00032370621901586213,99.88775015169436,C
EU_OFF-EN-10000476,15.6,0.0003206233026442825,99.888070774997,C
Africa_OFF-ENE-10003409,15.57,0.0003200067193699666,99.88839078171637,C
US_OFF-EN-10001539,15.56,0.0003198011916118613,99.88871058290798,C
US_OFF-PA-10000232,15.552,0.000319636769405377,99.88903021967738,C
US_OFF-AR-10003190,15.552,0.000319636769405377,99.88934985644678,C
US_OFF-PA-10000809,15.552,0.000319636769405377,99.88966949321619,C
Africa_OFF-BIC-10001682,15.54,0.0003193901360956506,99.88998888335229,C
US_OFF-AR-10002280,15.528,0.0003191435027859243,99.89030802685508,C
LATAM_OFF-FA-10003994,15.516,0.0003188968694761979,99.89062692372455,C
Africa_FUR-SAF-10001873,15.507,0.00031871189449390316,99.89094563561905,C
Africa_OFF-ACC-10000218,15.504,0.00031865023616647154,99.89126428585521,C
US_OFF-AR-10001315,15.488000000000001,0.00031832139175350305,99.89158260724697,C
EMEA_OFF-BOS-10004950,15.48,0.0003181569695470188,99.89190076421652,C
US_OFF-AR-10001130,15.469999999999999,0.00031795144178891347,99.8922187156583,C
Africa_FUR-ADV-10004223,15.417,0.0003168621446709554,99.89253557780297,C
EMEA_OFF-ENE-10004401,15.39,0.000316307219724071,99.8928518850227,C
Africa_OFF-OIC-10004253,15.363000000000001,0.0003157522947771867,99.89316763731748,C
EU_OFF-EN-10000122,15.336,0.00031519736983030237,99.8934828346873,C
EMEA_OFF-ACC-10003925,15.329999999999998,0.00031507405317543914,99.89379790874048,C
EMEA_OFF-ENE-10003314,15.3,0.00031445746990112325,99.89411236621038,C
US_OFF-AR-10002833,15.288,0.00031421083659139684,99.89442657704697,C
LATAM_FUR-FU-10000585,15.24,0.00031322430335249137,99.89473980135033,C
LATAM_OFF-LA-10003372,15.232000000000001,0.00031305988114600715,99.89505286123148,C
LATAM_OFF-BI-10002796,15.228,0.000312977670042765,99.89536583890153,C
US_TEC-AC-10002399,15.216,0.0003127310367330386,99.89567856993826,C
US_OFF-PA-10000176,15.176,0.0003119089257006174,99.89599047886395,C
LATAM_OFF-AR-10002710,15.16,0.0003115800812876489,99.89630205894524,C
Africa_OFF-KRA-10002406,15.138,0.0003111279202198172,99.89661318686545,C
LATAM_OFF-LA-10004576,15.132000000000001,0.00031100460356495407,99.89692419146901,C
US_OFF-LA-10002945,15.120000000000001,0.00031075797025522766,99.89723494943927,C
US_OFF-LA-10000305,15.12,0.00031075797025522766,99.89754570740952,C
US_OFF-LA-10000121,15.12,0.00031075797025522766,99.89785646537977,C
Canada_OFF-BIN-10000901,15.12,0.00031075797025522766,99.89816722335003,C
Africa_OFF-AVE-10002079,15.102,0.00031038802029063813,99.89847761137032,C
LATAM_OFF-FA-10000631,15.072,0.0003097714370163222,99.89878738280734,C
US_OFF-BI-10001132,15.064,0.00030960701480983797,99.89909698982216,C
US_OFF-BI-10001787,15.042000000000002,0.0003091548537420063,99.8994061446759,C
EMEA_OFF-EAT-10004051,15.015,0.0003085999287951219,99.8997147446047,C
EMEA_FUR-ADV-10000188,14.994,0.0003081683205031008,99.9000229129252,C
US_OFF-AR-10002704,14.98,0.00030788058164175333,99.90033079350684,C
LATAM_OFF-FA-10003961,14.976,0.00030779837053851125,99.90063859187738,C
Africa_OFF-CAM-10000726,14.949,0.00030724344559162687,99.90094583532297,C
Africa_OFF-XER-10003600,14.94,0.00030705847060933213,99.90125289379358,C
APAC_OFF-PA-10003416,14.931,0.0003068734956270373,99.90155976728921,C
US_OFF-PA-10004405,14.9,0.0003062363595769109,99.90186600364879,C
Africa_OFF-CAR-10001911,14.898000000000001,0.00030619525402528984,99.90217219890282,C
LATAM_OFF-LA-10004320,14.88,0.0003058253040607003,99.90247802420689,C
LATAM_OFF-FA-10002782,14.84,0.000305003193028279,99.90278302739992,C
LATAM_OFF-PA-10000354,14.8,0.0003041810819958578,99.90308720848192,C
LATAM_OFF-FA-10002632,14.76,0.00030335897096343654,99.90339056745289,C
APAC_OFF-EN-10001958,14.76,0.00030335897096343654,99.90369392642386,C
APAC_OFF-LA-10004234,14.7393,0.00030293352850415854,99.90399685995236,C
US_OFF-AR-10001227,14.7,0.00030212580441480466,99.90429898575677,C
US_OFF-AR-10001231,14.7,0.00030212580441480466,99.90460111156118,C
Africa_OFF-AME-10002956,14.64,0.00030089263786617284,99.90490200419904,C
EMEA_OFF-AME-10002956,14.64,0.00030089263786617284,99.90520289683691,C
Africa_OFF-ACC-10004322,14.61,0.0003002760545918569,99.9055031728915,C
EMEA_OFF-KRA-10003337,14.58,0.00029965947131754096,99.90580283236282,C
Africa_OFF-AVE-10004312,14.559000000000001,0.0002992278630255198,99.90610206022585,C
US_FUR-FU-10003026,14.52,0.00029842630476890913,99.90640048653061,C
Africa_OFF-ACC-10004364,14.52,0.00029842630476890913,99.90669891283538,C
US_OFF-FA-10003059,14.48,0.0002976041937364879,99.90699651702911,C
EMEA_TEC-SAN-10000142,14.448,0.0002969465049105509,99.90729346353403,C
EMEA_OFF-FIS-10002949,14.43,0.0002965765549459613,99.90759004008898,C
Africa_OFF-OIC-10001155,14.43,0.0002965765549459613,99.90788661664392,C
APAC_OFF-BI-10002301,14.418,0.00029632992163623496,99.90818294656556,C
US_OFF-LA-10004559,14.399999999999999,0.00029595997167164537,99.90847890653723,C
Africa_OFF-AVE-10000110,14.28,0.00029349363857438166,99.9087724001758,C
EMEA_OFF-HAR-10003043,14.22,0.00029226047202574984,99.90906466064783,C
US_OFF-BI-10001267,14.191,0.0002916644415272444,99.90935632508936,C
Africa_OFF-CAR-10003259,14.19,0.0002916438887514339,99.90964796897812,C
APAC_OFF-AR-10001030,14.112,0.0002900407722382125,99.90993800975036,C
Africa_OFF-FIS-10002661,14.112,0.0002900407722382125,99.9102280505226,C
US_OFF-AR-10004582,14.104,0.0002898763500317282,99.91051792687264,C
Africa_OFF-ENE-10003549,14.103,0.0002898557972559177,99.9108077826699,C
EU_OFF-FA-10001530,14.04,0.00028856097237985425,99.91109634364228,C
EU_OFF-LA-10001299,14.04,0.00028856097237985425,99.91138490461466,C
Africa_TEC-MEM-10003302,14.013,0.0002880060474329699,99.91167291066209,C
Africa_OFF-AVE-10004404,14.004,0.0002878210724506752,99.91196073173454,C
US_FUR-FU-10004963,14.0,0.00028773886134743305,99.91224847059588,C
EMEA_OFF-STO-10004496,13.98,0.0002873278058312224,99.91253579840172,C
EU_OFF-FA-10002047,13.98,0.0002873278058312224,99.91282312620756,C
APAC_OFF-PA-10004815,13.9761,0.00028724765000556133,99.91311037385756,C
US_OFF-AR-10002766,13.9,0.00028568358376637997,99.91339605744133,C
US_OFF-AR-10001216,13.9,0.00028568358376637997,99.9136817410251,C
APAC_OFF-BI-10004193,13.896,0.00028560137266313784,99.91396734239777,C
APAC_OFF-BI-10002712,13.872,0.00028510810604368507,99.91425245050381,C
EMEA_OFF-KLE-10001794,13.86,0.00028486147273395866,99.91453731197655,C
US_OFF-BI-10000546,13.824,0.0002841215728047796,99.91482143354935,C
Africa_OFF-ELI-10000797,13.8,0.00028362830618532684,99.91510506185553,C
EMEA_OFF-STO-10002857,13.8,0.00028362830618532684,99.9153886901617,C
EU_OFF-FA-10003931,13.8,0.00028362830618532684,99.91567231846788,C
EU_OFF-LA-10003132,13.8,0.00028362830618532684,99.91595594677406,C
US_OFF-BI-10000404,13.76,0.00028280619515290564,99.91623875296922,C
LATAM_OFF-AR-10004173,13.76,0.00028280619515290564,99.91652155916438,C
EMEA_OFF-ACC-10004538,13.68,0.0002811619730880631,99.91680272113747,C
US_OFF-FA-10002988,13.668,0.0002809153397783367,99.91708363647724,C
EMEA_OFF-IBI-10000951,13.65,0.0002805453898137472,99.91736418186706,C
Canada_OFF-IBI-10000951,13.65,0.0002805453898137472,99.91764472725687,C
Africa_OFF-NOV-10004585,13.611,0.0002797438315571365,99.91792447108843,C
Africa_OFF-JIF-10003115,13.572,0.0002789422733005258,99.91820341336172,C
EMEA_OFF-SME-10003305,13.56,0.0002786956399907994,99.91848210900172,C
Africa_OFF-SME-10003305,13.56,0.0002786956399907994,99.9187608046417,C
Canada_OFF-KLE-10004543,13.56,0.0002786956399907994,99.9190395002817,C
APAC_OFF-LA-10000483,13.536,0.00027820237337134666,99.91931770265506,C
Africa_OFF-XER-10002906,13.53,0.0002780790567164835,99.91959578171178,C
Africa_OFF-ELI-10003179,13.518,0.00027783242340675713,99.91987361413518,C
EU_OFF-FA-10000999,13.5,0.00027746247344216754,99.92015107660863,C
APAC_OFF-LA-10002596,13.5,0.00027746247344216754,99.92042853908208,C
EMEA_OFF-ACC-10002167,13.47,0.0002768458901678516,99.92070538497225,C
US_OFF-BI-10000822,13.45,0.000276434834651641,99.9209818198069,C
EU_OFF-EN-10002240,13.44,0.0002762293068935357,99.92125804911379,C
EMEA_OFF-CAR-10001746,13.44,0.0002762293068935357,99.92153427842068,C
Africa_OFF-STO-10000876,13.41,0.0002756127236192198,99.92180989114429,C
US_OFF-ST-10004835,13.392,0.00027524277365463025,99.92208513391795,C
Africa_OFF-AVE-10002024,13.38,0.00027499614034490384,99.9223601300583,C
APAC_OFF-SU-10004705,13.356,0.0002745028737254511,99.92263463293202,C
LATAM_OFF-EN-10003661,13.296,0.00027326970717681925,99.9229079026392,C
Canada_OFF-CAR-10000150,13.29,0.00027314639052195607,99.92318104902972,C
EMEA_OFF-STO-10003098,13.26,0.00027252980724764013,99.92345357883697,C
Africa_OFF-AVE-10004708,13.26,0.00027252980724764013,99.92372610864422,C
APAC_OFF-LA-10000219,13.26,0.00027252980724764013,99.92399863845147,C
EU_OFF-FA-10002226,13.26,0.00027252980724764013,99.92427116825871,C
US_OFF-LA-10003190,13.248000000000001,0.0002722831739379138,99.92454345143265,C
Africa_OFF-ELI-10001685,13.2,0.0002712966406990083,99.92481474807336,C
Canada_OFF-BIN-10001385,13.2,0.0002712966406990083,99.92508604471406,C
LATAM_OFF-AR-10000461,13.18,0.0002708855851827976,99.92535693029924,C
EMEA_OFF-STO-10002708,13.14,0.0002700634741503765,99.92562699377339,C
Africa_OFF-HAR-10001913,13.14,0.0002700634741503765,99.92589705724754,C
Africa_OFF-HAR-10001855,13.14,0.0002700634741503765,99.92616712072169,C
US_OFF-AR-10001940,13.12,0.0002696524186341658,99.92643677314032,C
EMEA_OFF-ACC-10002834,13.11,0.0002694468908760605,99.9267062200312,C
LATAM_OFF-AR-10002419,13.072,0.0002686658853952603,99.92697488591661,C
US_OFF-FA-10001135,13.068000000000001,0.0002685836742920182,99.9272434695909,C
EMEA_OFF-ENE-10000516,13.056,0.0002683370409822918,99.92751180663188,C
Africa_OFF-HON-10000934,13.032,0.00026784377436283907,99.92777965040625,C
Africa_OFF-ADV-10004241,13.02,0.0002675971410531127,99.9280472475473,C
US_FUR-FU-10002506,12.99,0.00026698055777879683,99.92831422810508,C
US_OFF-PA-10001534,12.96,0.0002663639745044809,99.92858059207958,C
US_OFF-PA-10003953,12.96,0.0002663639745044809,99.92884695605409,C
EMEA_OFF-WIL-10003774,12.9,0.000265130807955849,99.92911208686205,C
Canada_OFF-AVE-10003465,12.9,0.000265130807955849,99.92937721767001,C
US_OFF-AR-10000657,12.899999999999999,0.00026513080795584896,99.92964234847797,C
EMEA_OFF-HON-10002456,12.81,0.00026328105813290125,99.92990562953611,C
EMEA_OFF-NOV-10000092,12.81,0.00026328105813290125,99.93016891059425,C
APAC_OFF-LA-10001246,12.672,0.00026044477507104795,99.93042935536931,C
US_OFF-BI-10003094,12.671999999999999,0.0002604447750710479,99.93068980014438,C
LATAM_OFF-BI-10002715,12.66,0.0002601981417613216,99.93094999828614,C
EMEA_OFF-SME-10003746,12.6,0.0002589649752126897,99.93120896326135,C
US_OFF-LA-10000973,12.6,0.0002589649752126897,99.93146792823657,C
Africa_TEC-BEL-10002153,12.582,0.0002585950252481002,99.93172652326182,C
US_FUR-FU-10000732,12.56,0.00025814286418026847,99.931984666126,C
US_OFF-BI-10000285,12.544,0.00025781401976730003,99.93224248014576,C
EMEA_OFF-NOV-10002952,12.54,0.00025773180866405784,99.93250021195442,C
LATAM_OFF-LA-10004933,12.48,0.000256498642115426,99.93275671059654,C
Africa_TEC-ENE-10004236,12.456,0.0002560053754959733,99.93301271597203,C
LATAM_OFF-ST-10003172,12.44,0.00025567653108300476,99.93326839250311,C
US_OFF-LA-10000476,12.39,0.00025464889229247825,99.9335230413954,C
US_OFF-AR-10004269,12.39,0.00025464889229247825,99.9337776902877,C
Canada_OFF-AVE-10001847,12.36,0.0002540323090181623,99.93403172259671,C
Canada_OFF-OIC-10002161,12.36,0.0002540323090181623,99.93428575490573,C
Africa_OFF-OIC-10002161,12.36,0.0002540323090181623,99.93453978721475,C
LATAM_OFF-LA-10000276,12.36,0.0002540323090181623,99.93479381952376,C
LATAM_OFF-LA-10000692,12.32,0.00025321019798574105,99.93504702972174,C
Africa_OFF-GLO-10004223,12.3,0.0002527991424695305,99.93529982886422,C
EMEA_OFF-GLO-10000485,12.285,0.00025249085083237246,99.93555231971504,C
LATAM_OFF-BI-10004388,12.24,0.0002515659759208986,99.93580388569096,C
LATAM_OFF-PA-10003380,12.24,0.0002515659759208986,99.93605545166687,C
Africa_OFF-NOV-10001753,12.18,0.0002503328093722667,99.93630578447625,C
LATAM_OFF-PA-10001576,12.12,0.00024909964282363484,99.93655488411908,C
EMEA_OFF-BIN-10000901,12.096,0.00024860637620418213,99.93680349049528,C
APAC_OFF-LA-10000220,12.096,0.00024860637620418213,99.93705209687148,C
EMEA_OFF-WIL-10002593,12.06,0.000247866476275003,99.93729996334775,C
EMEA_FUR-ELD-10004559,12.048,0.00024761984296527666,99.93754758319072,C
EMEA_OFF-ACC-10003909,11.97,0.00024601672645205525,99.93779359991717,C
US_OFF-PA-10001947,11.96,0.00024581119869394993,99.93803941111587,C
EMEA_OFF-BIN-10000772,11.94,0.0002454001431777393,99.93828481125904,C
US_OFF-BI-10004465,11.88,0.0002441669766291075,99.93852897823567,C
APAC_OFF-PA-10001639,11.88,0.0002441669766291075,99.9387731452123,C
APAC_OFF-LA-10001185,11.8524,0.0002435997200167368,99.93901674493232,C
APAC_OFF-SU-10000216,11.8524,0.0002435997200167368,99.93926034465234,C
EU_OFF-LA-10000685,11.85,0.0002435503933547915,99.93950389504569,C
EMEA_OFF-HON-10000172,11.844000000000001,0.00024342707669992836,99.93974732212239,C
Africa_OFF-FEL-10000998,11.826,0.00024305712673533878,99.93999037924912,C
LATAM_FUR-FU-10003408,11.824,0.0002430160211837177,99.94023339527031,C
Africa_OFF-AVE-10003279,11.82,0.00024293381008047563,99.9404763290804,C
US_FUR-FU-10002240,11.82,0.00024293381008047563,99.94071926289048,C
Canada_OFF-HON-10001783,11.76,0.00024170064353184375,99.94096096353401,C
US_OFF-AR-10001954,11.736,0.000241207376912391,99.94120217091093,C
LATAM_TEC-AC-10002458,11.712,0.00024071411029293825,99.94144288502122,C
US_OFF-BI-10000591,11.67,0.00023985089370889598,99.94168273591492,C
EU_OFF-LA-10004774,11.67,0.00023985089370889598,99.94192258680863,C
Africa_OFF-ADV-10000425,11.646,0.00023935762708944324,99.94216194443572,C
US_OFF-BI-10003529,11.643999999999998,0.00023931652153782212,99.94240126095727,C
APAC_OFF-LA-10003678,11.6325,0.00023908016461600108,99.94264034112189,C
Africa_OFF-ACC-10001281,11.628,0.00023898767712485366,99.94287932879901,C
APAC_OFF-BI-10003713,11.61,0.0002386177271602641,99.94311794652617,C
US_OFF-LA-10004272,11.56,0.00023759008836973756,99.94335553661455,C
Africa_OFF-WIL-10003308,11.55,0.00023738456061163227,99.94359292117515,C
Africa_OFF-OIC-10001056,11.52,0.00023676797733731628,99.9438296891525,C
US_OFF-BI-10002012,11.52,0.00023676797733731628,99.94406645712984,C
US_OFF-BI-10001249,11.484,0.0002360280774081372,99.94430248520725,C
LATAM_OFF-BI-10004145,11.475999999999999,0.00023586365520165292,99.94453834886245,C
Canada_OFF-CAR-10001911,11.46,0.0002355348107886845,99.94477388367324,C
EMEA_OFF-HAR-10002914,11.46,0.0002355348107886845,99.94500941848402,C
US_OFF-BI-10004141,11.447999999999999,0.00023528817747895804,99.9452447066615,C
EMEA_OFF-AVE-10004827,11.43,0.0002349182275143685,99.94547962488902,C
APAC_OFF-LA-10002364,11.43,0.0002349182275143685,99.94571454311654,C
EMEA_OFF-KRA-10002094,11.4,0.00023430164424005263,99.94594884476078,C
Africa_OFF-KRA-10002094,11.4,0.00023430164424005263,99.94618314640502,C
US_OFF-AR-10001022,11.36,0.00023347953320763135,99.94641662593823,C
US_OFF-PA-10004470,11.36,0.00023347953320763135,99.94665010547143,C
US_OFF-SU-10001935,11.336,0.0002329862665881786,99.94688309173802,C
EMEA_OFF-HAR-10004816,11.28,0.0002318353111427889,99.94711492704916,C
EMEA_OFF-HON-10003010,11.28,0.0002318353111427889,99.9473467623603,C
US_OFF-AR-10001545,11.264,0.00023150646672982038,99.94757826882703,C
Africa_OFF-HON-10002389,11.25,0.00023121872786847298,99.94780948755489,C
US_OFF-BI-10002049,11.247,0.0002311570695410414,99.94804064462443,C
EMEA_OFF-ACC-10003745,11.232,0.00023084877790388342,99.94827149340233,C
LATAM_OFF-FA-10000087,11.22,0.00023060214459415704,99.94850209554693,C
APAC_OFF-FA-10002444,11.196,0.00023010887797470428,99.9487322044249,C
APAC_OFF-ST-10003808,11.196,0.00023010887797470428,99.94896231330287,C
EU_OFF-LA-10001833,11.19,0.00022998556131984113,99.94919229886419,C
EMEA_OFF-WIL-10000986,11.19,0.00022998556131984113,99.94942228442551,C
EMEA_OFF-FIS-10002703,11.172,0.0002296156113552516,99.94965190003687,C
US_OFF-EN-10001415,11.16,0.0002293689780455252,99.94988126901491,C
LATAM_OFF-PA-10002011,11.14,0.0002289579225293146,99.95011022693744,C
Africa_OFF-ACC-10002425,11.13,0.00022875239477120927,99.95033897933222,C
Africa_OFF-FIS-10001399,11.13,0.00022875239477120927,99.95056773172699,C
US_OFF-LA-10002271,11.088000000000001,0.00022788917818716698,99.95079562090518,C
EMEA_OFF-FIS-10004067,11.064,0.00022739591156771422,99.95102301681675,C
EMEA_OFF-STO-10004841,10.95,0.00022505289512531366,99.95124806971188,C
EU_OFF-FA-10000740,10.95,0.00022505289512531366,99.95147312260701,C
LATAM_OFF-BI-10004305,10.944,0.00022492957847045054,99.95169805218548,C
EU_OFF-LA-10000425,10.92,0.00022443631185099777,99.95192248849733,C
EMEA_OFF-SME-10002870,10.92,0.00022443631185099777,99.95214692480918,C
Africa_OFF-JIF-10003842,10.92,0.00022443631185099777,99.95237136112104,C
Africa_OFF-STO-10003604,10.92,0.00022443631185099777,99.95259579743289,C
US_OFF-PA-10001622,10.896,0.00022394304523154504,99.95281974047812,C
Africa_OFF-WIL-10001495,10.896,0.00022394304523154504,99.95304368352335,C
Africa_OFF-STO-10000923,10.8,0.00022196997875373407,99.9532656535021,C
Africa_OFF-HAR-10003580,10.77,0.00022135339547941813,99.95348700689757,C
EMEA_OFF-HAR-10003580,10.77,0.00022135339547941813,99.95370836029305,C
US_OFF-BI-10004528,10.752,0.0002209834455148286,99.95392934373857,C
US_OFF-ST-10000344,10.744,0.00022081902330834432,99.95415016276188,C
US_OFF-FA-10000621,10.74,0.0002207368122051022,99.95437089957409,C
LATAM_OFF-AR-10001571,10.72,0.0002203257566888916,99.95459122533077,C
APAC_OFF-BI-10001324,10.707,0.00022005857060335469,99.95481128390138,C
LATAM_FUR-FU-10000944,10.704,0.0002199969122759231,99.95503128081366,C
EU_OFF-BI-10004054,10.68,0.0002195036456564703,99.95525078445931,C
EMEA_OFF-WIL-10001979,10.65,0.00021888706238215442,99.9554696715217,C
EMEA_OFF-EAT-10004696,10.596,0.00021777721248838575,99.95568744873418,C
Africa_OFF-EAT-10001137,10.566,0.0002171606292140698,99.9559046093634,C
US_OFF-PA-10000528,10.56,0.00021703731255920665,99.95612164667595,C
US_OFF-PA-10003270,10.56,0.00021703731255920665,99.9563386839885,C
Africa_OFF-AVE-10000357,10.53,0.00021642072928489066,99.9565551047178,C
US_OFF-FA-10000735,10.512,0.00021605077932030116,99.95677115549711,C
US_OFF-AR-10003958,10.496,0.00021572193490733264,99.95698687743202,C
Africa_OFF-HAR-10000501,10.476,0.00021531087939112204,99.95720218831141,C
EMEA_OFF-STA-10002719,10.416,0.00021407771284249019,99.95741626602425,C
EMEA_OFF-ADV-10004241,10.416,0.00021407771284249019,99.9576303437371,C
Africa_OFF-IBI-10000779,10.41,0.00021395439618762698,99.95784429813328,C
US_TEC-AC-10000487,10.384,0.0002134200240165532,99.95805771815729,C
Africa_OFF-ACC-10000375,10.38,0.00021333781291331107,99.9582710559702,C
EMEA_OFF-ACC-10000375,10.38,0.00021333781291331107,99.95848439378311,C
US_OFF-PA-10001569,10.368,0.00021309117960358471,99.95869748496271,C
US_OFF-PA-10000029,10.368,0.00021309117960358471,99.95891057614232,C
Africa_OFF-HAR-10004099,10.35,0.00021272122963899513,99.95912329737196,C
EMEA_OFF-NOV-10000512,10.32,0.0002121046463646792,99.95933540201833,C
US_OFF-BI-10001525,10.286999999999999,0.00021142640476293166,99.95954682842309,C
EMEA_OFF-NOV-10003499,10.26,0.00021087147981604733,99.95975769990291,C
EU_OFF-LA-10002334,10.26,0.00021087147981604733,99.95996857138273,C
Africa_OFF-KLE-10002118,10.26,0.00021087147981604733,99.96017944286255,C
EMEA_OFF-HON-10001508,10.26,0.00021087147981604733,99.96039031434238,C
APAC_OFF-SU-10002961,10.26,0.00021087147981604733,99.9606011858222,C
Africa_OFF-AME-10002557,10.224,0.00021013157988686822,99.96081131740209,C
EMEA_OFF-HAR-10003514,10.17,0.00020902172999309957,99.96102033913208,C
US_FUR-FU-10002963,10.16,0.00020881620223499425,99.96122915533431,C
APAC_OFF-LA-10001417,10.152,0.00020865178002850998,99.96143780711434,C
LATAM_OFF-LA-10002927,10.144,0.00020848735782202576,99.96164629447216,C
EMEA_FUR-TEN-10000002,10.116,0.0002079118800993309,99.96185420635226,C
EMEA_OFF-KRA-10000492,10.116,0.0002079118800993309,99.96206211823235,C
LATAM_FUR-FU-10002004,10.092,0.00020741861347987816,99.96226953684584,C
APAC_OFF-FA-10001718,10.08,0.0002071719801701518,99.962476708826,C
EU_OFF-LA-10003511,10.08,0.0002071719801701518,99.96268388080617,C
EMEA_OFF-STO-10000753,10.056,0.000206678713550699,99.96289055951972,C
US_OFF-FA-10004838,10.044,0.00020643208024097268,99.96309699159997,C
LATAM_OFF-BI-10003184,10.036,0.0002062676580344884,99.963303259258,C
Africa_OFF-ACC-10003265,10.008,0.00020569218031179354,99.96350895143831,C
US_TEC-PH-10004700,9.99,0.00020532223034720398,99.96371427366866,C
US_FUR-FU-10003731,9.98,0.0002051167025890987,99.96391939037125,C
APAC_OFF-FA-10001963,9.936,0.0002042123804534353,99.9641236027517,C
Africa_OFF-CAR-10001428,9.906,0.00020359579717911942,99.96432719854887,C
EMEA_OFF-SAN-10003285,9.888,0.00020322584721452983,99.96453042439609,C
Africa_OFF-NOV-10004671,9.87,0.00020285589724994028,99.96473328029334,C
Africa_OFF-SME-10000335,9.84,0.00020223931397562433,99.96493551960732,C
US_OFF-AR-10004974,9.84,0.00020223931397562433,99.9651377589213,C
US_OFF-LA-10002034,9.82,0.00020182825845941374,99.96533958717976,C
US_OFF-LA-10004055,9.82,0.00020182825845941374,99.96554141543821,C
Africa_OFF-STO-10000347,9.774,0.0002008828307721293,99.96574229826898,C
EMEA_OFF-NOV-10000787,9.69,0.0001991563976040447,99.96594145466658,C
LATAM_OFF-LA-10000598,9.684,0.00019903308094918154,99.96614048774752,C
Africa_OFF-STO-10001310,9.684,0.00019903308094918154,99.96633952082847,C
US_OFF-PA-10002893,9.68,0.0001989508698459394,99.96653847169831,C
Africa_OFF-FIS-10004721,9.666,0.00019866313098459195,99.9667371348293,C
US_OFF-PA-10001560,9.664,0.0001986220254329709,99.96693575685474,C
EU_OFF-LA-10003231,9.6,0.00019730664778109692,99.96713306350252,C
LATAM_OFF-BI-10004148,9.6,0.00019730664778109692,99.9673303701503,C
EMEA_OFF-ENE-10002093,9.564,0.00019656674785191783,99.96752693689814,C
US_OFF-BI-10004410,9.555,0.00019638177286962304,99.967723318671,C
EMEA_OFF-CAM-10001761,9.528,0.00019582684792273874,99.96791914551893,C
US_OFF-BI-10004781,9.522,0.00019570353126787554,99.9681148490502,C
LATAM_OFF-PA-10003681,9.516,0.00019558021461301233,99.9683104292648,C
EU_OFF-LA-10004964,9.51,0.00019545689795814916,99.96850588616276,C
Africa_OFF-SME-10004740,9.51,0.00019545689795814916,99.96870134306072,C
US_OFF-FA-10000053,9.45,0.0001942237314095173,99.96889556679213,C
LATAM_OFF-LA-10001202,9.384,0.00019286724820602225,99.96908843404033,C
Africa_OFF-HAR-10000495,9.36,0.00019237398158656948,99.96928080802192,C
Canada_OFF-ELD-10001293,9.33,0.0001917573983122536,99.96947256542023,C
LATAM_OFF-LA-10002827,9.3,0.00019114081503793768,99.96966370623527,C
LATAM_OFF-AR-10000614,9.3,0.00019114081503793768,99.9698548470503,C
APAC_OFF-LA-10000540,9.3,0.00019114081503793768,99.97004598786533,C
EMEA_OFF-SME-10001754,9.27,0.00019052423176362172,99.9702365120971,C
Africa_OFF-HON-10004014,9.27,0.00019052423176362172,99.97042703632887,C
US_OFF-PA-10004971,9.248,0.00019007207069579002,99.97061710839957,C
EMEA_OFF-WIL-10003308,9.24,0.0001899076484893058,99.97080701604806,C
US_OFF-FA-10001332,9.216,0.00018941438186985304,99.97099643042992,C
Africa_OFF-IBI-10002805,9.135,0.00018774960702920004,99.97118418003694,C
EU_OFF-LA-10000155,9.135,0.00018774960702920004,99.97137192964396,C
Africa_OFF-AVE-10001079,9.12,0.00018744131539204207,99.97155937095935,C
US_TEC-AC-10002558,9.096,0.00018694804877258933,99.97174631900813,C
US_TEC-AC-10001445,9.09,0.00018682473211772616,99.97193314374024,C
APAC_OFF-LA-10004749,9.072,0.00018645478215313657,99.9721195985224,C
LATAM_OFF-LA-10002980,9.024,0.0001854682489142311,99.97230506677131,C
Africa_OFF-IBI-10004074,8.973,0.00018442005734789404,99.97248948682866,C
US_OFF-PA-10004519,8.96,0.00018415287126235716,99.97267363969992,C
US_OFF-BI-10001196,8.952,0.0001839884490558729,99.97285762814897,C
US_OFF-ST-10000617,8.94,0.0001837418157461465,99.97304136996472,C
LATAM_OFF-FA-10002992,8.928,0.00018349518243642016,99.97322486514716,C
EMEA_FUR-DEF-10003676,8.928,0.00018349518243642016,99.9734083603296,C
US_OFF-PA-10003424,8.904,0.00018300191581696742,99.97359136224541,C
US_OFF-AR-10003087,8.9,0.0001829197047137253,99.97377428195013,C
Africa_OFF-CAR-10003373,8.892,0.00018275528250724104,99.97395703723264,C
LATAM_OFF-LA-10000495,8.88,0.00018250864919751468,99.97413954588184,C
US_OFF-EN-10003845,8.856,0.00018201538257806192,99.97432156126442,C
EU_OFF-LA-10002486,8.85,0.00018189206592319872,99.97450345333034,C
Canada_OFF-HAR-10001714,8.85,0.00018189206592319872,99.97468534539627,C
EMEA_OFF-AVE-10004512,8.82,0.0001812754826488828,99.97486662087891,C
LATAM_OFF-EN-10002226,8.784,0.0001805355827197037,99.97504715646163,C
Canada_OFF-CAR-10003030,8.76,0.00018004231610025095,99.97522719877773,C
US_OFF-AR-10003772,8.75,0.00017983678834214564,99.97540703556608,C
APAC_OFF-LA-10001215,8.73,0.00017942573282593504,99.9755864612989,C
Africa_OFF-OIC-10003518,8.712,0.00017905578286134548,99.97576551708177,C
EU_OFF-LA-10002559,8.7,0.00017880914955161907,99.97594432623131,C
EMEA_OFF-NOV-10003964,8.64,0.00017757598300298724,99.97612190221432,C
US_OFF-AR-10002578,8.64,0.00017757598300298724,99.97629947819732,C
Africa_OFF-AVE-10000802,8.64,0.00017757598300298724,99.97647705418032,C
US_OFF-BI-10004656,8.64,0.00017757598300298724,99.97665463016332,C
US_OFF-AR-10002255,8.64,0.00017757598300298724,99.97683220614633,C
US_OFF-AR-10003056,8.56,0.0001759317609381448,99.97700813790726,C
US_OFF-AR-10004511,8.56,0.0001759317609381448,99.9771840696682,C
EU_OFF-LA-10002900,8.55,0.00017572623318003945,99.97735979590138,C
APAC_OFF-AR-10001645,8.532,0.0001753562832154499,99.9775351521846,C
EMEA_OFF-IBI-10003732,8.49,0.0001744930666314076,99.97770964525124,C
Africa_OFF-ACC-10000497,8.478,0.00017424643332168122,99.97788389168456,C
US_OFF-PA-10001204,8.448,0.0001736298500473653,99.97805752153461,C
Africa_OFF-ACC-10004713,8.4,0.00017264331680845983,99.97823016485141,C
Africa_OFF-WIL-10003774,8.385,0.00017233502517130186,99.97840249987658,C
Africa_OFF-ADV-10000331,8.37,0.0001720267335341439,99.97857452661012,C
EMEA_OFF-GLO-10004160,8.352,0.00017165678356955433,99.97874618339368,C
US_OFF-AR-10000422,8.322000000000001,0.00017104020029523842,99.97891722359398,C
US_FUR-FU-10003981,8.32,0.00017099909474361735,99.97908822268873,C
EMEA_OFF-CAM-10001690,8.31,0.00017079356698551206,99.97925901625571,C
LATAM_OFF-FA-10004775,8.304,0.00017067025033064886,99.97942968650604,C
EMEA_OFF-HAR-10004099,8.28,0.0001701769837111961,99.97959986348975,C
Africa_OFF-NOV-10000721,8.25,0.00016956040043688018,99.97976942389019,C
EMEA_OFF-EAT-10001303,8.232,0.0001691904504722906,99.97993861434067,C
LATAM_OFF-LA-10002258,8.136,0.00016721738399447963,99.98010583172466,C
US_OFF-BI-10003784,8.064,0.00016573758413612142,99.9802715693088,C
EMEA_FUR-ADV-10003326,8.028,0.00016499768420694233,99.980436566993,C
US_OFF-AR-10000462,8.0,0.00016442220648424746,99.98060098919949,C
EMEA_OFF-WIL-10001069,7.98,0.00016401115096803683,99.98076500035046,C
US_OFF-PA-10001752,7.968,0.00016376451765831045,99.98092876486811,C
US_OFF-PA-10002230,7.968,0.00016376451765831045,99.98109252938576,C
US_TEC-AC-10002370,7.88,0.00016195587338698372,99.98125448525914,C
LATAM_OFF-FA-10004112,7.872,0.0001617914511804995,99.98141627671032,C
EMEA_OFF-AVE-10004412,7.866,0.0001616681345256363,99.98157794484484,C
US_OFF-FA-10001229,7.86,0.00016154481787077312,99.98173948966271,C
EMEA_OFF-STO-10001671,7.86,0.00016154481787077312,99.98190103448059,C
US_OFF-PA-10000141,7.848000000000001,0.00016129818456104677,99.98206233266515,C
EMEA_OFF-KRA-10002752,7.8,0.00016031165132214124,99.98222264431648,C
US_OFF-AR-10002221,7.8,0.00016031165132214124,99.98238295596781,C
EU_OFF-PA-10000816,7.785,0.0001600033596849833,99.98254295932749,C
EMEA_OFF-NOV-10004968,7.77,0.0001596950680478253,99.98270265439554,C
US_OFF-AR-10003986,7.7,0.00015825637374108816,99.98286091076928,C
Africa_OFF-GRE-10003943,7.56,0.00015537898512761383,99.9830162897544,C
US_OFF-AR-10004027,7.56,0.00015537898512761383,99.98317166873953,C
APAC_OFF-LA-10003155,7.524,0.00015463908519843471,99.98332630782473,C
US_OFF-FA-10003021,7.52,0.00015455687409519258,99.98348086469882,C
EMEA_OFF-HAR-10000495,7.488,0.00015389918526925562,99.98363476388408,C
LATAM_OFF-PA-10002258,7.448,0.00015307707423683437,99.98378784095831,C
LATAM_OFF-LA-10000927,7.416,0.0001524193854108974,99.98394026034373,C
Africa_OFF-AVE-10004536,7.344,0.00015093958555253915,99.98409119992928,C
Africa_OFF-ROG-10002682,7.335,0.0001507546105702444,99.98424195453985,C
US_OFF-BI-10000494,7.308,0.00015019968562336004,99.98439215422547,C
US_OFF-PA-10001274,7.3,0.0001500352634168758,99.98454218948889,C
EMEA_OFF-HAR-10001310,7.296,0.00014995305231363368,99.9846921425412,C
US_OFF-EN-10003160,7.28,0.00014962420790066516,99.98484176674911,C
Africa_OFF-CAR-10004229,7.26,0.00014921315238445457,99.9849909799015,C
Canada_OFF-CAR-10004229,7.26,0.00014921315238445457,99.98514019305388,C
EMEA_OFF-HON-10003538,7.224,0.00014847325245527545,99.98528866630633,C
US_OFF-FA-10004248,7.216,0.0001483088302487912,99.98543697513658,C
LATAM_OFF-LA-10002295,7.2,0.0001479799858358227,99.98558495512242,C
Africa_OFF-ENE-10002093,7.173,0.0001474250608889384,99.98573238018331,C
EMEA_OFF-EAT-10004307,7.152,0.0001469934525969172,99.98587937363591,C
LATAM_OFF-LA-10004543,7.104,0.00014600691935801174,99.98602538055526,C
APAC_OFF-BI-10002975,7.092,0.00014576028604828536,99.98617114084131,C
APAC_OFF-BI-10001135,7.092,0.00014576028604828536,99.98631690112735,C
US_OFF-EN-10001535,7.072,0.00014534923053207476,99.98646225035789,C
LATAM_OFF-AR-10002811,7.056,0.00014502038611910624,99.986607270744,C
Africa_OFF-SAN-10002639,7.056,0.00014502038611910624,99.98675229113012,C
Africa_OFF-HON-10003010,7.05,0.00014489706946424307,99.98689718819958,C
US_FUR-FU-10003274,7.04,0.00014469154170613775,99.98704187974128,C
US_OFF-BI-10002813,6.93,0.00014243073636697933,99.98718431047764,C
APAC_OFF-SU-10001877,6.9,0.00014181415309266342,99.98732612463074,C
Africa_OFF-OIC-10003366,6.876,0.00014132088647321068,99.98746744551721,C
LATAM_OFF-FA-10004206,6.86,0.0001409920420602422,99.98760843755927,C
EMEA_OFF-OIC-10004253,6.828,0.0001403343532343052,99.9877487719125,C
EMEA_OFF-HAR-10000242,6.75,0.00013873123672108377,99.98788750314922,C
LATAM_OFF-FA-10004920,6.72,0.00013811465344676786,99.98802561780268,C
Africa_OFF-CAR-10001746,6.72,0.00013811465344676786,99.98816373245613,C
LATAM_OFF-BI-10003870,6.714,0.00013799133679190468,99.98830172379292,C
Africa_OFF-AVE-10000894,6.714,0.00013799133679190468,99.9884397151297,C
US_OFF-AR-10000369,6.672,0.00013712812020786236,99.9885768432499,C
Canada_OFF-ACC-10000798,6.66,0.000136881486898136,99.9887137247368,C
EMEA_OFF-STO-10003082,6.6,0.00013564832034950415,99.98884937305715,C
EMEA_OFF-HAR-10001855,6.57,0.00013503173707518824,99.98898440479422,C
APAC_OFF-LA-10000959,6.57,0.00013503173707518824,99.9891194365313,C
US_OFF-AR-10003829,6.56,0.0001348262093170829,99.98925426274062,C
US_OFF-PA-10000955,6.54,0.0001344151538008723,99.98938867789441,C
APAC_OFF-LA-10003132,6.54,0.0001344151538008723,99.9895230930482,C
EMEA_OFF-HON-10003230,6.528,0.0001341685204911459,99.9896572615687,C
US_OFF-PA-10004609,6.48,0.00013318198725224045,99.98979044355595,C
US_OFF-PA-10000048,6.48,0.00013318198725224045,99.9899236255432,C
US_OFF-PA-10004888,6.48,0.00013318198725224045,99.99005680753045,C
APAC_OFF-BI-10002775,6.45,0.0001325654039779245,99.99018937293442,C
APAC_OFF-BI-10004769,6.45,0.0001325654039779245,99.9903219383384,C
EMEA_OFF-ACC-10004430,6.444,0.00013244208732306133,99.99045438042572,C
US_OFF-PA-10000859,6.368,0.00013088007636146096,99.99058526050207,C
US_OFF-BI-10003196,6.3580000000000005,0.00013067454860335567,99.99071593505067,C
LATAM_OFF-LA-10003487,6.34,0.00013030459863876609,99.99084623964931,C
Africa_OFF-STO-10002042,6.318,0.00012985243757093442,99.99097609208688,C
LATAM_OFF-EN-10003416,6.28,0.00012907143209013423,99.99110516351897,C
US_OFF-BI-10001628,6.258,0.00012861927102230256,99.99123378278999,C
US_OFF-FA-10002676,6.154,0.00012648178233800735,99.99136026457232,C
EMEA_OFF-ACC-10003788,6.12,0.0001257829879604493,99.99148604756029,C
Canada_OFF-ACC-10003788,6.12,0.0001257829879604493,99.99161183054825,C
US_OFF-BI-10000605,6.096,0.00012528972134099654,99.99173712026959,C
EMEA_OFF-KLE-10001317,6.072,0.00012479645472154383,99.99186191672432,C
EMEA_OFF-OIC-10004999,6.012,0.00012356328817291195,99.99198548001249,C
US_OFF-LA-10000081,6.0,0.00012331665486318557,99.99210879666735,C
Africa_OFF-AME-10003167,6.0,0.00012331665486318557,99.99223211332222,C
EMEA_OFF-AME-10003167,6.0,0.00012331665486318557,99.99235542997708,C
EU_OFF-EN-10003484,6.0,0.00012331665486318557,99.99247874663195,C
US_TEC-PH-10003655,5.94,0.00012208348831455374,99.99260083012027,C
Africa_OFF-OIC-10003879,5.931,0.00012189851333225896,99.9927227286336,C
EMEA_OFF-ADV-10000425,5.823,0.00011967881354472162,99.99284240744714,C
Africa_OFF-AVE-10000432,5.79,0.00011900057194297408,99.99296140801908,C
Africa_OFF-KRA-10000113,5.787,0.0001189389136155425,99.9930803469327,C
US_OFF-LA-10004425,5.78,0.00011879504418486878,99.99319914197689,C
US_OFF-LA-10003663,5.78,0.00011879504418486878,99.99331793702108,C
US_OFF-LA-10003388,5.76,0.00011838398866865814,99.99343632100974,C
US_OFF-AR-10001547,5.746,0.00011809624980731073,99.99355441725955,C
EMEA_OFF-OIC-10000492,5.736,0.00011789072204920542,99.9936723079816,C
Africa_FUR-DEF-10003140,5.715,0.00011745911375718426,99.99378976709535,C
EMEA_OFF-BIC-10003654,5.712,0.00011739745542975268,99.99390716455078,C
APAC_OFF-LA-10004462,5.706,0.0001172741387748895,99.99402443868955,C
US_TEC-PH-10002185,5.56,0.00011427343350655197,99.99413871212306,C
LATAM_OFF-LA-10002183,5.488,0.00011279363364819376,99.99425150575671,C
US_OFF-FA-10000840,5.472,0.00011246478923522527,99.99436397054595,C
LATAM_OFF-FA-10002708,5.456,0.00011213594482225676,99.99447610649077,C
LATAM_OFF-BI-10004251,5.448,0.00011197152261577252,99.99458807801338,C
US_OFF-BI-10001679,5.328,0.00010950518951850881,99.99469758320289,C
US_OFF-BI-10000831,5.28,0.00010851865627960333,99.99480610185917,C
US_OFF-AR-10003481,5.248,0.00010786096745366632,99.99491396282663,C
LATAM_OFF-LA-10002688,5.232,0.00010753212304069784,99.99502149494967,C
EU_OFF-LA-10000760,5.085,0.00010451086499654978,99.99512600581467,C
US_OFF-FA-10002701,5.04,0.0001035859900850759,99.99522959180476,C
Africa_OFF-AVE-10004508,5.04,0.0001035859900850759,99.99533317779485,C
EMEA_OFF-NOV-10000808,5.004,0.00010284609015589677,99.995436023885,C
US_FUR-FU-10004164,4.95,0.00010173624026212811,99.99553776012527,C
US_OFF-BI-10000848,4.923,0.00010118131531524377,99.99563894144059,C
APAC_OFF-BI-10004334,4.9053,0.00010081753118339739,99.99573975897177,C
Africa_FUR-TEN-10004549,4.788,9.840669058082209e-05,99.99583816566235,C
APAC_OFF-BI-10000960,4.788,9.840669058082209e-05,99.99593657235293,C
Africa_OFF-WIL-10002233,4.77,9.803674061623253e-05,99.99603460909354,C
US_TEC-AC-10003433,4.752,9.766679065164298e-05,99.9961322758842,C
EU_OFF-LA-10002625,4.65,9.557040751896884e-05,99.99622784629172,C
Africa_OFF-HAR-10000414,4.65,9.557040751896884e-05,99.99632341669924,C
Africa_OFF-IBI-10004959,4.644,9.544709086410564e-05,99.99641886379011,C
EMEA_OFF-OIC-10004536,4.608,9.470719093492652e-05,99.99651357098105,C
LATAM_OFF-BI-10001546,4.576,9.404950210898953e-05,99.99660762048316,C
EMEA_OFF-HON-10001132,4.56,9.372065769602103e-05,99.99670134114086,C
EMEA_OFF-STO-10004971,4.536,9.322739107656829e-05,99.99679456853194,C
Africa_OFF-OIC-10001477,4.473,9.193256620050484e-05,99.99688650109815,C
EMEA_OFF-ADV-10003369,4.416,9.076105797930459e-05,99.99697726215612,C
EMEA_OFF-SME-10004256,4.356,8.952789143067274e-05,99.99706679004755,C
Africa_OFF-BOS-10000557,4.347,8.934291644837796e-05,99.99715613296401,C
Africa_OFF-STO-10001142,4.347,8.934291644837796e-05,99.99724547588046,C
Africa_OFF-OIC-10000492,4.302,8.841804153690405e-05,99.997333893922,C
Africa_OFF-ACC-10004278,4.248,8.73081916431354e-05,99.99742120211364,C
Africa_OFF-STO-10004302,4.203,8.638331673166152e-05,99.99750758543037,C
LATAM_OFF-LA-10000151,4.18,8.591060288801929e-05,99.99759349603326,C
US_FUR-FU-10002505,4.044,8.311542537778708e-05,99.99767661145864,C
US_FUR-FU-10000550,3.984,8.188225882915522e-05,99.99775849371747,C
EMEA_OFF-STO-10002661,3.936,8.089572559024975e-05,99.99783938944306,C
EMEA_OFF-SME-10000335,3.936,8.089572559024975e-05,99.99792028516865,C
Africa_OFF-HAR-10000187,3.816,7.842939249298603e-05,99.99799871456113,C
US_OFF-FA-10000490,3.7199999999999998,7.645632601517506e-05,99.99807517088715,C
Africa_OFF-AVE-10001847,3.708,7.62096927054487e-05,99.99815138057986,C
US_OFF-LA-10001404,3.69,7.583974274085914e-05,99.99822722032259,C
US_OFF-AR-10000823,3.64,7.481210395033258e-05,99.99830203242654,C
Africa_OFF-CAR-10000687,3.6,7.398999291791136e-05,99.99837602241945,C
US_OFF-AP-10002906,3.552,7.300345967900587e-05,99.99844902587913,C
US_OFF-BI-10004094,3.54,7.275682636927949e-05,99.9985217827055,C
EMEA_OFF-OIC-10003978,3.516,7.226355974982675e-05,99.99859404626524,C
EMEA_OFF-SME-10001800,3.483,7.158531814807922e-05,99.99866563158339,C
US_OFF-AR-10001972,3.36,6.905732672338393e-05,99.99873468891012,C
US_OFF-SU-10001212,3.328,6.839963789744693e-05,99.99880308854802,C
Africa_OFF-AVE-10004570,3.321,6.825576846677322e-05,99.99887134431648,C
US_FUR-FU-10001847,3.312,6.807079348447844e-05,99.99893941510997,C
Africa_OFF-NOV-10004048,3.258,6.696094359070977e-05,99.99900637605356,C
Africa_OFF-OIC-10002266,3.231,6.640601864382543e-05,99.9990727820722,C
Africa_OFF-HAR-10001262,3.222,6.622104366153066e-05,99.99913900311587,C
Africa_OFF-CAR-10002054,3.204,6.58510936969411e-05,99.99920485420957,C
LATAM_OFF-BI-10003718,3.088,6.346697170291952e-05,99.99926832118126,C
EMEA_OFF-IBI-10004855,2.94,6.042516088296094e-05,99.99932874634214,C
APAC_OFF-BI-10003323,2.88,5.919199433432907e-05,99.99938793833648,C
LATAM_OFF-LA-10000738,2.808,5.7712194475970855e-05,99.99944565053096,C
US_OFF-BI-10004876,2.78,5.7136716753275983e-05,99.9995027872477,C
EMEA_OFF-SME-10002467,2.688,5.524586137870715e-05,99.99955803310908,C
Africa_OFF-JIF-10000704,2.556,5.2532894971717054e-05,99.99961056600405,C
US_OFF-LA-10002381,2.464,5.064203959714821e-05,99.99966120804365,C
US_OFF-AR-10001026,2.2,4.521610678316805e-05,99.99970642415043,C
Africa_OFF-AME-10002923,2.16,4.439399575074681e-05,99.99975081814618,C
EMEA_OFF-AVE-10004508,2.016,4.1434396034030355e-05,99.99979225254222,C
EMEA_OFF-HON-10004825,1.962,4.0324546140261686e-05,99.99983257708836,C
Africa_OFF-NOV-10000986,1.845,3.791987137042957e-05,99.99987049695973,C
Africa_OFF-WIL-10002593,1.809,3.717997144125045e-05,99.99990767693117,C
US_OFF-AP-10002203,1.624,3.3377707916302234e-05,99.9999410546391,C
US_OFF-BI-10000201,1.476,3.0335897096343652e-05,99.99997139053619,C
US_OFF-AP-10001634,1.392,2.8609463928259056e-05,100.00000000000011,C
